FHI_ABR,0.6104574439945577
FHI_ABR,0.40744378124982583
FHI_ABR,0.4796088900781142
FHI_ABR,0.3952352719456906
FHI_ABR,0.34084372395215945
FHI_ABR,0.320187439671006
FHI_ABR,0.26673420356930744
FHI_ABR,0.2413623378618957
FHI_ABR,0.21212821006130417
FHI_ABR,0.24562364835072564
FHI_ABR,0.23494153086052505
FHI_ABR,0.09778432856562863
FHI_ABR,0.09894849798435151
FHI_ABR,0.24474422007294339
FHI_ABR,0.394740878311185
FHI_ABR,0.361116312816273
FHI_ABR,0.36827691677792657
FHI_ABR,0.34745537669165305
FHI_ABR,0.2717638564253624
FHI_ABR,0.22351568972815766
FHI_ABR,0.1870685756436573
FHI_ABR,0.13960737715746746
FHI_ABR,0.08932364836894041
FHI_ABR,0.12235784831858415
FHI_ABR,0.09169058771038108
FHI_ABR,0.03741140905508012
FHI_ABR,0.04647893165917213
FHI_ABR,0.04053441077126897
FHI_ABR,0.05368437189547048
FHI_ABR,0.03846636107962393
FHI_ABR,0.1002965969240524
FHI_ABR,0.1270148736035232
FHI_ABR,0.15925199790479688
FHI_ABR,0.08921911131175086
FHI_ABR,0.0666638727942465
FHI_ABR,0.08111604141766376
FHI_ABR,0.05737636025785861
FHI_ABR,0.07262169684321884
FHI_ABR,0.08338948562772103
FHI_ABR,0.045756979507665316
FHI_ABR,0.0509478522143142
FHI_ABR,0.03696678135462192
FHI_ABR,0.03722087816133304
FHI_ABR,0.02830919206691932
FHI_ABR,0.03621921381673557
FHI_ABR,0.039174596276647045
FHI_ABR,0.027447791011544924
FHI_ABR,0.028692669946611973
FHI_ABR,0.035503940950962695
FHI_ABR,0.05650209064548404
FHI_ABR,0.09032913438863788
BAM_AMP,0.18676961687557653
BAM_AMP,0.3144080434316872
BAM_AMP,0.5429621412596937
BAM_AMP,0.2662774932668427
BAM_AMP,0.12690312212579813
BAM_AMP,0.1877781054521806
BAM_AMP,0.19580193954898079
BAM_AMP,0.35331408891778754
BAM_AMP,0.3664668341299072
BAM_AMP,0.23396035451285702
BAM_AMP,0.27499341363823343
BAM_AMP,0.23761890842847888
BAM_AMP,0.16886473904323868
BAM_AMP,0.17839329433924672
BAM_AMP,0.21525137592899957
BAM_AMP,0.21780695233376518
BAM_AMP,0.0815003257439087
BAM_AMP,0.06355860552061385
BAM_AMP,0.07498331964856918
BAM_AMP,0.0776121781071409
BAM_AMP,0.05726867672351535
BAM_AMP,0.09725551574990604
BAM_AMP,0.08741046391156293
BAM_AMP,0.07771567440820418
BAM_AMP,0.09061537104821116
BAM_AMP,0.07494648880473737
BAM_AMP,0.07589283656096503
BAM_AMP,0.13705713104428208
BAM_AMP,0.1059364092622771
BAM_AMP,0.0774262884927205
BAM_AMP,0.0728239579121174
BAM_AMP,0.07262927357612319
BAM_AMP,0.07374778169530445
BAM_AMP,0.059315225776710674
BAM_AMP,0.06028316883041633
BAM_AMP,0.046947930669614446
BAM_AMP,0.042341064150530724
BAM_AMP,0.04113183201604526
BAM_AMP,0.03365998155190728
BAM_AMP,0.03757014335640932
BAM_AMP,0.02958154612636398
BAM_AMP,0.02983749421365417
BAM_AMP,0.028049584055585268
BAM_AMP,0.030932231624921713
BAM_AMP,0.02678341688647754
BAM_AMP,0.031609645837938544
BAM_AMP,0.03726622124198366
BAM_AMP,0.033927188803299535
BAM_AMP,0.04106185641071626
BAM_AMP,0.0490565220829004
BAM_AMP,0.08625745979618138
MORN_AMP,0.28564489483554706
MORN_AMP,0.21454545416283344
MORN_AMP,0.2564634134286314
MORN_AMP,0.382724869245884
MORN_AMP,0.15903246935027449
MORN_AMP,0.11219329529410527
MORN_AMP,0.0500306150363422
MORN_AMP,0.025540352569629297
MORN_AMP,0.021119418399789074
MORN_AMP,0.0070879159443831925
MORN_AMP,0.005439179919366312
MORN_AMP,0.0018232984266356336
MORN_AMP,0.002670415171888927
MORN_AMP,0.007466047223898417
MORN_AMP,0.015474484696942944
MORN_AMP,0.006264803975926909
MORN_AMP,0.026579208554066418
MORN_AMP,0.08954627229290912
MORN_AMP,0.009695253499877482
MORN_AMP,0.007735653035448752
MORN_AMP,0.008062337562281415
MORN_AMP,0.009313350079092569
MORN_AMP,0.013702744151275346
MORN_AMP,0.01868562126154991
MORN_AMP,0.008347804052998922
MORN_AMP,0.008540373154974188
MORN_AMP,0.01895252720477071
MORN_AMP,0.013449317398765629
MORN_AMP,0.011409390774744075
MORN_AMP,0.01570285286703315
MORN_AMP,0.018032168153150816
MORN_AMP,0.05985095722075944
MORN_AMP,0.011950189583854187
MORN_AMP,0.0060144197620558585
MORN_AMP,0.003126069624475599
MORN_AMP,0.008785381923989267
MORN_AMP,0.006332815551472471
MORN_AMP,0.006578190343083917
MORN_AMP,0.011638308051852704
MORN_AMP,0.007828222627323928
MORN_AMP,0.008636331709870325
MORN_AMP,0.015243768619958803
MORN_AMP,0.01375653972131499
MORN_AMP,0.016258829627626963
MORN_AMP,0.012290495511176919
MORN_AMP,0.012270347099246362
MORN_AMP,0.01091542710209203
MORN_AMP,0.013066599618964005
MORN_AMP,0.049266811450070454
MORN_AMP,0.056482282071900786
MORN_AMP,0.09642417163064437
FHI_ARI,0.47027695363134786
FHI_ARI,0.3863630357616675
FHI_ARI,0.3681042630265562
FHI_ARI,0.30539621859306393
FHI_ARI,0.23005243538329334
FHI_ARI,0.20975801108407138
FHI_ARI,0.13548128559967398
FHI_ARI,0.1363707795214304
FHI_ARI,0.08196692128542171
FHI_ARI,0.1035131241858856
FHI_ARI,0.050727539872785075
FHI_ARI,0.01793758792658093
FHI_ARI,0.015086325235496472
FHI_ARI,0.059538564082533614
FHI_ARI,0.0946766849153356
FHI_ARI,0.07071651497004629
FHI_ARI,0.0798111405539379
FHI_ARI,0.07686851439877619
FHI_ARI,0.06287363464750441
FHI_ARI,0.04601785896325843
FHI_ARI,0.038480743999668096
FHI_ARI,0.027017296941423425
FHI_ARI,0.013216599181712302
FHI_ARI,0.016389388969668815
FHI_ARI,0.009646817319971633
FHI_ARI,0.0026421671532070325
FHI_ARI,0.0027817860384423353
FHI_ARI,0.0024728229177135765
FHI_ARI,0.0018465700925717366
FHI_ARI,0.0006825179792081733
FHI_ARI,0.005067244688007572
FHI_ARI,0.013010818722144381
FHI_ARI,0.03482876503589503
FHI_ARI,0.007258507710763502
FHI_ARI,0.005731785962788008
FHI_ARI,0.00603331542512902
FHI_ARI,0.005943232760089608
FHI_ARI,0.006921038551945008
FHI_ARI,0.009023043989093496
FHI_ARI,0.010997080455657064
FHI_ARI,0.012110108111626569
FHI_ARI,0.007602653080020854
FHI_ARI,0.00727906380562294
FHI_ARI,0.008917538450026116
FHI_ARI,0.010583195611167264
FHI_ARI,0.012840526119667883
FHI_ARI,0.011194865747307782
FHI_ARI,0.011098870867209003
FHI_ARI,0.01584245620505116
FHI_ARI,0.03107502837919623
FHI_ARI,0.03717030813535757
STWD_ARI,0.09468425996287577
STWD_ARI,0.09920957015753545
STWD_ARI,0.12247217256823062
STWD_ARI,0.11790124092456838
STWD_ARI,0.1378498321119827
STWD_ARI,0.15831397459632662
STWD_ARI,0.2302476978730867
STWD_ARI,0.17461829401863127
STWD_ARI,0.17771129899613575
STWD_ARI,0.298353685916101
STWD_ARI,0.4933167065471575
STWD_ARI,0.5016940252786353
STWD_ARI,0.8009455816869518
STWD_ARI,0.8744151504517746
STWD_ARI,0.8090020395786794
STWD_ARI,0.7112678230246492
STWD_ARI,0.555151787264737
STWD_ARI,0.41456458211371466
STWD_ARI,0.31399669606813946
STWD_ARI,0.3673193125655404
STWD_ARI,0.2292596340658009
STWD_ARI,0.3396586291503311
STWD_ARI,0.23288133797141525
STWD_ARI,0.14653280082046127
STWD_ARI,0.10732704484961969
STWD_ARI,0.06192946108738962
STWD_ARI,0.06530743534079408
STWD_ARI,0.04069898059909697
STWD_ARI,0.02910456709515828
STWD_ARI,0.02688192578699016
STWD_ARI,0.020585360122711633
STWD_ARI,0.006738989307877255
STWD_ARI,0.007203024450741342
STWD_ARI,0.006904815286903397
STWD_ARI,0.005610795853262006
STWD_ARI,0.006156951276360047
STWD_ARI,0.015088866460627022
STWD_ARI,0.052271617311279835
STWD_ARI,0.039411504785249844
STWD_ARI,0.06594316430450556
STWD_ARI,0.03908428618738561
STWD_ARI,0.04038495756808508
STWD_ARI,0.05274315862702368
STWD_ARI,0.05568874501583169
STWD_ARI,0.05931005812705673
STWD_ARI,0.05426693522279983
STWD_ARI,0.04963120000685432
STWD_ARI,0.059029369808596195
STWD_ARI,0.0461669749617674
STWD_ARI,0.08849376346218402
STWD_ARI,0.0756983331622093
SCHW_BEN,0.07896936036933305
SCHW_BEN,0.12384183319593162
SCHW_BEN,0.1616257085337835
SCHW_BEN,0.3957019891452008
SCHW_BEN,0.5755772903799232
SCHW_BEN,0.5352703155362241
SCHW_BEN,0.6947908176267267
SCHW_BEN,0.9310348134148555
SCHW_BEN,0.7990138359117694
SCHW_BEN,0.7462595642556089
SCHW_BEN,0.9004078898539458
SCHW_BEN,0.936636102827724
SCHW_BEN,0.8120720047978198
SCHW_BEN,0.8183592512457625
SCHW_BEN,0.5773412903198661
SCHW_BEN,0.676008873220581
SCHW_BEN,0.5899407784981521
SCHW_BEN,0.6308657603978078
SCHW_BEN,0.605396708880434
SCHW_BEN,0.4413721637627515
SCHW_BEN,0.42122565392482064
SCHW_BEN,0.3453386025531484
SCHW_BEN,0.19901333421965262
SCHW_BEN,0.14529468391286965
SCHW_BEN,0.05197206004519224
SCHW_BEN,0.06296923536245477
SCHW_BEN,0.08509484322223199
SCHW_BEN,0.08057607248889997
SCHW_BEN,0.05265916933097385
SCHW_BEN,0.046020363027472776
SCHW_BEN,0.03644888671230505
SCHW_BEN,0.03575874735424559
SCHW_BEN,0.020455986289874842
SCHW_BEN,0.06791402110128146
SCHW_BEN,0.09298582551991158
SCHW_BEN,0.09591433977416303
SCHW_BEN,0.09563203551418376
SCHW_BEN,0.19016629938684482
SCHW_BEN,0.08287849327843788
SCHW_BEN,0.11376027390716476
SCHW_BEN,0.09497857325347114
SCHW_BEN,0.09841451676680141
SCHW_BEN,0.04447498919688444
SCHW_BEN,0.018781064030737392
SCHW_BEN,0.01299194112821683
SCHW_BEN,0.029423089245536212
SCHW_BEN,0.06640959107328537
SCHW_BEN,0.08360895998266005
SCHW_BEN,0.04578474032745182
SCHW_BEN,0.03581201995832829
SCHW_BEN,0.04696039167823492
LPLA_BRK-B,0.0899546023535045
LPLA_BRK-B,0.07231272407972619
LPLA_BRK-B,0.07109292957060766
LPLA_BRK-B,0.0805611808332739
LPLA_BRK-B,0.06963186702304792
LPLA_BRK-B,0.06409513174806457
LPLA_BRK-B,0.05172412766051104
LPLA_BRK-B,0.08113103597883864
LPLA_BRK-B,0.10865174280294737
LPLA_BRK-B,0.1835261676261415
LPLA_BRK-B,0.21689393524379236
LPLA_BRK-B,0.0944844234684718
LPLA_BRK-B,0.14841571852564966
LPLA_BRK-B,0.09897434270792582
LPLA_BRK-B,0.07857235497338681
LPLA_BRK-B,0.05724079406754252
LPLA_BRK-B,0.08854368792071665
LPLA_BRK-B,0.12187009719418002
LPLA_BRK-B,0.07003614763685545
LPLA_BRK-B,0.11351466477941352
LPLA_BRK-B,0.24813233151540331
LPLA_BRK-B,0.16239344730062888
LPLA_BRK-B,0.19732658107068607
LPLA_BRK-B,0.1102601483975571
LPLA_BRK-B,0.10873735918453198
LPLA_BRK-B,0.07557273230265828
LPLA_BRK-B,0.11762513060473229
LPLA_BRK-B,0.047994836683065915
LPLA_BRK-B,0.0266695281130279
LPLA_BRK-B,0.06995579464779006
LPLA_BRK-B,0.0694704711523078
LPLA_BRK-B,0.08256529092769982
LPLA_BRK-B,0.09597834571216929
LPLA_BRK-B,0.13928302656803987
LPLA_BRK-B,0.11988108163300337
LPLA_BRK-B,0.07477864501508799
LPLA_BRK-B,0.21864756755993953
LPLA_BRK-B,0.11016235522869866
LPLA_BRK-B,0.18917104041818267
LPLA_BRK-B,0.02695531914576498
LPLA_BRK-B,0.05019567917895927
LPLA_BRK-B,0.03861144012141867
LPLA_BRK-B,0.04990614897090214
LPLA_BRK-B,0.24147943596338073
LPLA_BRK-B,0.2722264092756398
LPLA_BRK-B,0.10036092374620137
LPLA_BRK-B,0.2717488300175839
LPLA_BRK-B,0.5806292459064035
LPLA_BRK-B,0.7030416100444628
LPLA_BRK-B,0.9113238118034981
LPLA_BRK-B,0.9469056221464489
CIM_BXMT,0.0013467160953033546
CIM_BXMT,0.0010427555147202786
CIM_BXMT,0.0005127760649152544
CIM_BXMT,0.0003847778997497476
CIM_BXMT,0.0007295481941017869
CIM_BXMT,0.0011180118422857782
CIM_BXMT,0.0024301865505056367
CIM_BXMT,0.0012441291113866224
CIM_BXMT,0.001870672990162745
CIM_BXMT,0.004138222659246668
CIM_BXMT,0.002723138602395117
CIM_BXMT,0.006978606771501818
CIM_BXMT,0.008496558266689479
CIM_BXMT,0.015442537482227703
CIM_BXMT,0.04548910375657086
CIM_BXMT,0.018479043792413705
CIM_BXMT,0.016137050185893943
CIM_BXMT,0.016880083447037574
CIM_BXMT,0.020597399151521947
CIM_BXMT,0.025683652050693808
CIM_BXMT,0.02770806788708554
CIM_BXMT,0.021657145530395345
CIM_BXMT,0.026644661110913324
CIM_BXMT,0.026605524905891777
CIM_BXMT,0.046783546611722536
CIM_BXMT,0.05603234886673784
CIM_BXMT,0.05871206354347222
CIM_BXMT,0.038697256817810693
CIM_BXMT,0.05841821109501396
CIM_BXMT,0.14464776164354476
CIM_BXMT,0.2094721720756345
CIM_BXMT,0.11310970316042862
CIM_BXMT,0.10247757607347974
CIM_BXMT,0.07596727384004746
CIM_BXMT,0.07572747659825327
CIM_BXMT,0.08875646916452001
CIM_BXMT,0.12807200160009036
CIM_BXMT,0.12425423041748163
CIM_BXMT,0.1739463901386687
CIM_BXMT,0.33369172590655305
CIM_BXMT,0.26479664334406117
CIM_BXMT,0.43143544563369546
CIM_BXMT,0.49305529025478706
CIM_BXMT,0.35114271493270754
CIM_BXMT,0.37967702939438625
CIM_BXMT,0.38840896584473955
CIM_BXMT,0.417348354147958
CIM_BXMT,0.48872217532908213
CIM_BXMT,0.5551730124128924
CIM_BXMT,0.5690096659280172
CIM_BXMT,0.6346860327168982
FHI_BXMT,0.5467366635711579
FHI_BXMT,0.5499688349025126
FHI_BXMT,0.5111168105040801
FHI_BXMT,0.44388858118383834
FHI_BXMT,0.3405229377843255
FHI_BXMT,0.2611298900026193
FHI_BXMT,0.15505573142313261
FHI_BXMT,0.15529920606386866
FHI_BXMT,0.08291690404017504
FHI_BXMT,0.06609052136907115
FHI_BXMT,0.019170274621964453
FHI_BXMT,0.002529605748555831
FHI_BXMT,0.0006218222715967012
FHI_BXMT,0.003471703274016316
FHI_BXMT,0.020173316778015857
FHI_BXMT,0.009197820075883947
FHI_BXMT,0.009026486597181154
FHI_BXMT,0.011172122603703547
FHI_BXMT,0.008581626701080779
FHI_BXMT,0.0083888090823515
FHI_BXMT,0.007080324930485297
FHI_BXMT,0.004693591759591689
FHI_BXMT,0.0024422597230278195
FHI_BXMT,0.0025678534545312552
FHI_BXMT,0.0020025509493488106
FHI_BXMT,0.0009799774346087341
FHI_BXMT,0.0008123932983151764
FHI_BXMT,0.0005144539256065649
FHI_BXMT,0.00045902052932909475
FHI_BXMT,9.425197463891996e-05
FHI_BXMT,0.0007008372771215441
FHI_BXMT,0.0019892363222298775
FHI_BXMT,0.005187781158209906
FHI_BXMT,0.0014698054192716714
FHI_BXMT,0.0009177326968673664
FHI_BXMT,0.0009575809924513545
FHI_BXMT,0.001490676036937006
FHI_BXMT,0.0010869584909034232
FHI_BXMT,0.0013949177334995192
FHI_BXMT,0.002368582546503606
FHI_BXMT,0.005532906856468714
FHI_BXMT,0.0021081292519714184
FHI_BXMT,0.0013021103779960038
FHI_BXMT,0.0013625937291895228
FHI_BXMT,0.0012675761022135528
FHI_BXMT,0.0011338065414838294
FHI_BXMT,0.0013294932687906115
FHI_BXMT,0.0014690215996887642
FHI_BXMT,0.0021262576785025574
FHI_BXMT,0.003949564068972554
FHI_BXMT,0.006100625028218587
LPLA_BXMT,0.028007313020522714
LPLA_BXMT,0.030279416345670537
LPLA_BXMT,0.023546259715008743
LPLA_BXMT,0.03183079700268272
LPLA_BXMT,0.047929842079900364
LPLA_BXMT,0.07807063199102697
LPLA_BXMT,0.15140410136344024
LPLA_BXMT,0.5615113017960637
LPLA_BXMT,0.3215979694617388
LPLA_BXMT,0.7266663820070763
LPLA_BXMT,0.9433264078796642
LPLA_BXMT,0.9229911040077354
LPLA_BXMT,0.8775167196012463
LPLA_BXMT,0.9149915579085655
LPLA_BXMT,0.7235356506264142
LPLA_BXMT,0.8871040052690506
LPLA_BXMT,0.5697020113672557
LPLA_BXMT,0.3787038600998176
LPLA_BXMT,0.24897376318467396
LPLA_BXMT,0.18549915901855563
LPLA_BXMT,0.13852934213606538
LPLA_BXMT,0.1371222907976442
LPLA_BXMT,0.1194161091728212
LPLA_BXMT,0.0959920924608651
LPLA_BXMT,0.06698924366605429
LPLA_BXMT,0.08439831656512731
LPLA_BXMT,0.087104560613816
LPLA_BXMT,0.08210700442345731
LPLA_BXMT,0.037367393739112
LPLA_BXMT,0.032659966757955766
LPLA_BXMT,0.021948920277884802
LPLA_BXMT,0.015879296008214985
LPLA_BXMT,0.013972239029049151
LPLA_BXMT,0.0072129521834662265
LPLA_BXMT,0.007394396689154587
LPLA_BXMT,0.005922938793106422
LPLA_BXMT,0.007423737965604436
LPLA_BXMT,0.00471713210942553
LPLA_BXMT,0.006283711738338207
LPLA_BXMT,0.016524496316255476
LPLA_BXMT,0.017234400604137473
LPLA_BXMT,0.008112149528221336
LPLA_BXMT,0.01129303375533114
LPLA_BXMT,0.021681371360528032
LPLA_BXMT,0.017064323856501723
LPLA_BXMT,0.011557710079136106
LPLA_BXMT,0.01653636352100518
LPLA_BXMT,0.03830867641213328
LPLA_BXMT,0.06270139841565889
LPLA_BXMT,0.1061401274380328
LPLA_BXMT,0.14873077093655557
FHI_CIM,0.31678846043609254
FHI_CIM,0.30437004067591666
FHI_CIM,0.2404475759988367
FHI_CIM,0.24420273881140797
FHI_CIM,0.21742038188295104
FHI_CIM,0.20792599319692728
FHI_CIM,0.11763240115133622
FHI_CIM,0.12376936326100518
FHI_CIM,0.07446596217250892
FHI_CIM,0.07911062496609361
FHI_CIM,0.03145401723112206
FHI_CIM,0.014913148472621443
FHI_CIM,0.009085215937535598
FHI_CIM,0.04783313328033675
FHI_CIM,0.05714730298936083
FHI_CIM,0.05853423661673257
FHI_CIM,0.06414523210880141
FHI_CIM,0.06413627310895571
FHI_CIM,0.06458317007233785
FHI_CIM,0.05508911039098599
FHI_CIM,0.04841508476363915
FHI_CIM,0.036777612875644676
FHI_CIM,0.029345610236629845
FHI_CIM,0.03387906270355545
FHI_CIM,0.026126000977567322
FHI_CIM,0.017922086972540104
FHI_CIM,0.018512063558665675
FHI_CIM,0.017662015026568407
FHI_CIM,0.017499205224769967
FHI_CIM,0.01030061469353523
FHI_CIM,0.013303184793995351
FHI_CIM,0.01092678964527257
FHI_CIM,0.014984748064072932
FHI_CIM,0.008954966371505849
FHI_CIM,0.0072533076346642964
FHI_CIM,0.0069723055578396
FHI_CIM,0.007280016588429624
FHI_CIM,0.007058002637098233
FHI_CIM,0.00949469515017736
FHI_CIM,0.004716422745379724
FHI_CIM,0.005735137886962906
FHI_CIM,0.003521437098106713
FHI_CIM,0.004218047724225675
FHI_CIM,0.001368148104663094
FHI_CIM,0.0011825907122627278
FHI_CIM,0.0007734761160529268
FHI_CIM,0.0008490042577100954
FHI_CIM,0.000865739662902184
FHI_CIM,0.0012959722576357422
FHI_CIM,0.002493988456932996
FHI_CIM,0.002780742757225344
RJF_COF,0.009818098583368308
RJF_COF,0.010411649140897308
RJF_COF,0.012487261971211635
RJF_COF,0.014594665475475294
RJF_COF,0.0351254074615036
RJF_COF,0.026207119353785665
RJF_COF,0.04054708681614261
RJF_COF,0.03787659074677237
RJF_COF,0.051992589030234244
RJF_COF,0.059051461703334744
RJF_COF,0.09626198526023527
RJF_COF,0.054707138294037096
RJF_COF,0.06024092539153552
RJF_COF,0.07980405576822575
RJF_COF,0.05398135206556231
RJF_COF,0.009509982969188077
RJF_COF,0.008007523529517875
RJF_COF,0.05271861610181237
RJF_COF,0.04249449566287114
RJF_COF,0.02136063889115899
RJF_COF,0.04921139922325536
RJF_COF,0.10155796386400728
RJF_COF,0.1341129817239829
RJF_COF,0.06131962637270423
RJF_COF,0.018160985607328116
RJF_COF,0.018745187506676204
RJF_COF,0.025441222012581654
RJF_COF,0.03198697500786242
RJF_COF,0.10988073715158325
RJF_COF,0.13658608062151362
RJF_COF,0.3175987144942413
RJF_COF,0.3561659267505598
RJF_COF,0.7491937698448234
RJF_COF,0.5199128529772654
RJF_COF,0.8050245253155324
RJF_COF,0.7266180436480523
RJF_COF,0.789096005524283
RJF_COF,0.866929999195472
RJF_COF,0.9771272336927617
RJF_COF,0.949881372741913
RJF_COF,0.8022451187161519
RJF_COF,0.8223707000074224
RJF_COF,0.7593785515357072
RJF_COF,0.7583701634101185
RJF_COF,0.8163998632872629
RJF_COF,0.7942702120800337
RJF_COF,0.8726507962106522
RJF_COF,0.9544755478467111
RJF_COF,0.9630885108574716
RJF_COF,0.968473491228541
RJF_COF,0.9676022490896949
SNEX_DB,0.31800657950685185
SNEX_DB,0.3935057639814139
SNEX_DB,0.40078670703621255
SNEX_DB,0.5383171097558144
SNEX_DB,0.5429552856955022
SNEX_DB,0.5582200918301575
SNEX_DB,0.3595995191124353
SNEX_DB,0.3589956095528303
SNEX_DB,0.1887020759646843
SNEX_DB,0.16136123462723662
SNEX_DB,0.117852653200334
SNEX_DB,0.054129380897306636
SNEX_DB,0.010115903377809364
SNEX_DB,0.0017999806253455612
SNEX_DB,8.847495449993302e-05
SNEX_DB,0.0029646120906539632
SNEX_DB,0.0038944112676176108
SNEX_DB,0.032440773878532406
SNEX_DB,0.0167656336068816
SNEX_DB,0.02957016025668981
SNEX_DB,0.0137773753479333
SNEX_DB,0.019815612011001522
SNEX_DB,0.02037261297674805
SNEX_DB,0.026271972194164616
SNEX_DB,0.032451216147587614
SNEX_DB,0.022533662548440376
SNEX_DB,0.04140592370466668
SNEX_DB,0.04165871119608375
SNEX_DB,0.031228309806796632
SNEX_DB,0.03332879328654252
SNEX_DB,0.027065007670716828
SNEX_DB,0.03150633321235859
SNEX_DB,0.012750977332341575
SNEX_DB,0.040187922474619935
SNEX_DB,0.08872639147846795
SNEX_DB,0.03096544049665987
SNEX_DB,0.053893943099656526
SNEX_DB,0.012714708161031985
SNEX_DB,0.008583217784006251
SNEX_DB,0.010792103377379424
SNEX_DB,0.031188186893176047
SNEX_DB,0.07612821659293607
SNEX_DB,0.04634768644231883
SNEX_DB,0.17137444924426054
SNEX_DB,0.4581496513334096
SNEX_DB,0.8555964737119719
SNEX_DB,0.9514274653856017
SNEX_DB,0.9827817451434067
SNEX_DB,0.9923086315531418
SNEX_DB,0.7998521709033046
SNEX_DB,0.5770072818846606
NLY_DFS,0.03824903994649521
NLY_DFS,0.09904828610632466
NLY_DFS,0.07613479084362884
NLY_DFS,0.0831396581027039
NLY_DFS,0.06528910050493879
NLY_DFS,0.07918868920530853
NLY_DFS,0.09830642307414683
NLY_DFS,0.09661317591140378
NLY_DFS,0.06152132988726043
NLY_DFS,0.04492015810377476
NLY_DFS,0.05468325635456587
NLY_DFS,0.06350080980744789
NLY_DFS,0.05913988415659003
NLY_DFS,0.05366330361394512
NLY_DFS,0.05135343267055699
NLY_DFS,0.04053579022960541
NLY_DFS,0.038548315459744874
NLY_DFS,0.043068085659309426
NLY_DFS,0.04555040733786248
NLY_DFS,0.045991195377841104
NLY_DFS,0.05631144997309317
NLY_DFS,0.06316864635309034
NLY_DFS,0.09013296860917724
NLY_DFS,0.07210643640042806
NLY_DFS,0.05909643824403175
NLY_DFS,0.05923751894484536
NLY_DFS,0.06258796800707667
NLY_DFS,0.060755629407200626
NLY_DFS,0.06393815800601495
NLY_DFS,0.050964186189661476
NLY_DFS,0.04880778367508001
NLY_DFS,0.040752733385489966
NLY_DFS,0.03362478749052199
NLY_DFS,0.03580065985932083
NLY_DFS,0.04697664416968159
NLY_DFS,0.10895572797378894
NLY_DFS,0.042767123014529076
NLY_DFS,0.05877636280787524
NLY_DFS,0.05307114752582169
NLY_DFS,0.12846109666788563
NLY_DFS,0.15002712168023952
NLY_DFS,0.07860974942048177
NLY_DFS,0.1683469811938474
NLY_DFS,0.18028524092190146
NLY_DFS,0.17708423018714664
NLY_DFS,0.1717948668335511
NLY_DFS,0.11118553271614834
NLY_DFS,0.08268370684915127
NLY_DFS,0.0998511520860591
NLY_DFS,0.11777510478463638
NLY_DFS,0.15169140802153064
NTRS_FHI,0.08478555970084789
NTRS_FHI,0.06121948172370102
NTRS_FHI,0.050587034044386026
NTRS_FHI,0.06977187994888563
NTRS_FHI,0.07556012273166987
NTRS_FHI,0.0530470814221107
NTRS_FHI,0.09695282162394647
NTRS_FHI,0.11787344316889603
NTRS_FHI,0.1025111402586712
NTRS_FHI,0.15503967915238737
NTRS_FHI,0.20203924445264176
NTRS_FHI,0.22139961552628856
NTRS_FHI,0.2128210818030291
NTRS_FHI,0.4098180861719166
NTRS_FHI,0.417429568588316
NTRS_FHI,0.7393294219288564
NTRS_FHI,0.707329992257332
NTRS_FHI,0.7805678519919438
NTRS_FHI,0.41798097747954227
NTRS_FHI,0.22881279175068142
NTRS_FHI,0.1293025600561632
NTRS_FHI,0.09699862548913374
NTRS_FHI,0.04834088757018565
NTRS_FHI,0.05285997501798179
NTRS_FHI,0.013810216057500008
NTRS_FHI,0.015805254049290108
NTRS_FHI,0.018779490004060647
NTRS_FHI,0.007882892170096537
NTRS_FHI,0.0026697730623962378
NTRS_FHI,0.002699026563682846
NTRS_FHI,0.00724359234822911
NTRS_FHI,0.005539229153709908
NTRS_FHI,0.002936446518018277
NTRS_FHI,0.0018083095394844846
NTRS_FHI,0.0032589881251707045
NTRS_FHI,0.0019298643626628415
NTRS_FHI,0.002774127597701591
NTRS_FHI,0.0021446486740734597
NTRS_FHI,0.0025409437098812184
NTRS_FHI,0.002024069230257985
NTRS_FHI,0.0020641964735745584
NTRS_FHI,0.004594713789098813
NTRS_FHI,0.0024261428221865047
NTRS_FHI,0.013682456598630698
NTRS_FHI,0.013007415992000542
NTRS_FHI,0.037710283890814406
NTRS_FHI,0.08331560475199884
NTRS_FHI,0.03549940024392702
NTRS_FHI,0.1989584682319805
NTRS_FHI,0.16958459631308653
NTRS_FHI,0.5186102843397301
RJF_GS,0.09644819779497693
RJF_GS,0.06679366137741559
RJF_GS,0.04819846606083169
RJF_GS,0.06318214650437952
RJF_GS,0.06005307237056173
RJF_GS,0.045597841943719866
RJF_GS,0.09027474609784686
RJF_GS,0.05762588409232448
RJF_GS,0.03180667079405488
RJF_GS,0.03305686308910905
RJF_GS,0.03261561664412635
RJF_GS,0.010896879813668258
RJF_GS,0.0021628838286664306
RJF_GS,0.02856925429264863
RJF_GS,0.012484251615928947
RJF_GS,0.023739538470373835
RJF_GS,0.013961659072982986
RJF_GS,0.009217529583104412
RJF_GS,0.012617227101946304
RJF_GS,0.011839822051581272
RJF_GS,0.013160535656176347
RJF_GS,0.013635776580610617
RJF_GS,0.017773389470187192
RJF_GS,0.01949796904993491
RJF_GS,0.02354163556649711
RJF_GS,0.025881338388582333
RJF_GS,0.026228367963115222
RJF_GS,0.05455900877919874
RJF_GS,0.07366545319652552
RJF_GS,0.11229833085537022
RJF_GS,0.09335238396999657
RJF_GS,0.13803899015251214
RJF_GS,0.32018866127211776
RJF_GS,0.8593320220480876
RJF_GS,0.9793150261445774
RJF_GS,0.9883794628128468
RJF_GS,0.9022357770723389
RJF_GS,0.9218768248412436
RJF_GS,0.9803765583662423
RJF_GS,0.985200690771658
RJF_GS,0.8039590293262813
RJF_GS,0.7091385057310541
RJF_GS,0.6798513006539075
RJF_GS,0.6440466534126904
RJF_GS,0.6244819853953935
RJF_GS,0.7065293377610277
RJF_GS,0.6328253694961216
RJF_GS,0.714800038019827
RJF_GS,0.7319239600854656
RJF_GS,0.7307609999652596
RJF_GS,0.786176093678617
RJF_IX,0.04064999295328472
RJF_IX,0.02419340247179527
RJF_IX,0.03226383615444717
RJF_IX,0.0413708842399529
RJF_IX,0.05768531067496518
RJF_IX,0.06665254070556058
RJF_IX,0.09391930956564803
RJF_IX,0.07245405370455549
RJF_IX,0.07382690738128392
RJF_IX,0.1142396549181669
RJF_IX,0.3773834885365119
RJF_IX,0.2509943390416476
RJF_IX,0.16635033015837986
RJF_IX,0.47047345538849394
RJF_IX,0.5063009968608104
RJF_IX,0.8656373259535056
RJF_IX,0.5075761600490514
RJF_IX,0.1882911850564538
RJF_IX,0.1757092086088597
RJF_IX,0.2203548675162635
RJF_IX,0.1435220897704943
RJF_IX,0.10589440838664477
RJF_IX,0.06727884474038735
RJF_IX,0.07496041132995808
RJF_IX,0.07773509095671463
RJF_IX,0.08353888282466254
RJF_IX,0.0589433481755932
RJF_IX,0.07423001478687753
RJF_IX,0.039799425329073386
RJF_IX,0.053597787553325005
RJF_IX,0.06198841254279706
RJF_IX,0.05721925963404392
RJF_IX,0.05706543178268454
RJF_IX,0.06950983540196773
RJF_IX,0.041974282403345754
RJF_IX,0.01898876565959475
RJF_IX,0.03156517070563278
RJF_IX,0.023853288048894774
RJF_IX,0.013073484103073948
RJF_IX,0.07323453929824196
RJF_IX,0.015369742547607325
RJF_IX,0.016413552840218597
RJF_IX,0.01552451911349139
RJF_IX,0.013445480879723961
RJF_IX,0.014374085009301362
RJF_IX,0.014824303684085584
RJF_IX,0.016975769411670054
RJF_IX,0.12184899437200797
RJF_IX,0.15354815447251569
RJF_IX,0.3278252495411721
RJF_IX,0.3917391726840405
NTRS_JEF,0.12393781911371116
NTRS_JEF,0.08733533453879805
NTRS_JEF,0.08182518955566198
NTRS_JEF,0.04755240469557236
NTRS_JEF,0.029786030500510634
NTRS_JEF,0.019000178373954138
NTRS_JEF,0.026838850683141912
NTRS_JEF,0.021665017269507984
NTRS_JEF,0.01302946746170247
NTRS_JEF,0.020016930308138035
NTRS_JEF,0.0233693396621641
NTRS_JEF,0.022380373491604454
NTRS_JEF,0.022579042964110705
NTRS_JEF,0.015493813897864736
NTRS_JEF,0.012948324707648203
NTRS_JEF,0.038459642007413065
NTRS_JEF,0.04211428385384226
NTRS_JEF,0.07805812449477613
NTRS_JEF,0.04429929816460788
NTRS_JEF,0.02423786916226532
NTRS_JEF,0.024844279445098514
NTRS_JEF,0.024805965603210564
NTRS_JEF,0.026230412108197154
NTRS_JEF,0.026457464466637486
NTRS_JEF,0.02233270765542417
NTRS_JEF,0.03372722378778986
NTRS_JEF,0.04049847160272054
NTRS_JEF,0.035892365085695974
NTRS_JEF,0.03761798090651895
NTRS_JEF,0.03538213854603054
NTRS_JEF,0.03391942596488223
NTRS_JEF,0.034226306005601004
NTRS_JEF,0.04038709481888354
NTRS_JEF,0.0365197317013227
NTRS_JEF,0.04374537310191354
NTRS_JEF,0.043764141261964866
NTRS_JEF,0.037568258037518995
NTRS_JEF,0.044009452255782726
NTRS_JEF,0.03590074709411806
NTRS_JEF,0.03045422703740783
NTRS_JEF,0.03118233659552282
NTRS_JEF,0.03375067168195972
NTRS_JEF,0.0309567081483338
NTRS_JEF,0.028345892549489562
NTRS_JEF,0.028247516070194163
NTRS_JEF,0.03325477493014596
NTRS_JEF,0.044794389001513564
NTRS_JEF,0.044726731728328015
NTRS_JEF,0.07104263526513327
NTRS_JEF,0.08405372884232226
NTRS_JEF,0.1284281608636031
RJF_JEF,0.04837601251130533
RJF_JEF,0.04656050572605321
RJF_JEF,0.01701987090656138
RJF_JEF,0.01875023302585214
RJF_JEF,0.010323025692414224
RJF_JEF,0.003318038407946951
RJF_JEF,0.005300236426604738
RJF_JEF,0.0055777315078949325
RJF_JEF,0.00419369569281568
RJF_JEF,0.011629373194158285
RJF_JEF,0.023859315571519803
RJF_JEF,0.008768823417867723
RJF_JEF,0.0039235600156180914
RJF_JEF,0.005461904958993624
RJF_JEF,0.0023083876369559444
RJF_JEF,0.01591480211251618
RJF_JEF,0.015514002243547457
RJF_JEF,0.021818442266246126
RJF_JEF,0.025227860089273708
RJF_JEF,0.009747231977241873
RJF_JEF,0.022094795871962516
RJF_JEF,0.025348210211462736
RJF_JEF,0.030039262852533437
RJF_JEF,0.028852005669667353
RJF_JEF,0.029760368316527334
RJF_JEF,0.03295159591107687
RJF_JEF,0.05185787613057604
RJF_JEF,0.061601688528120785
RJF_JEF,0.04570722166193324
RJF_JEF,0.07262857875865707
RJF_JEF,0.0523552224203747
RJF_JEF,0.04951141250059441
RJF_JEF,0.09499286260402989
RJF_JEF,0.23335638682335663
RJF_JEF,0.6815092830739208
RJF_JEF,0.8398106529222755
RJF_JEF,0.8354892382379691
RJF_JEF,0.9647470373547629
RJF_JEF,0.9862263812239674
RJF_JEF,0.9935814723238069
RJF_JEF,0.7853125981241325
RJF_JEF,0.5909049671549876
RJF_JEF,0.5799235723176575
RJF_JEF,0.6681842136458758
RJF_JEF,0.7103968978436832
RJF_JEF,0.6930020506386857
RJF_JEF,0.6182470849983953
RJF_JEF,0.7031633256649934
RJF_JEF,0.7303788674061062
RJF_JEF,0.7465751855272407
RJF_JEF,0.7987513643026614
STT_JEF,0.3837582826299621
STT_JEF,0.4020929199629881
STT_JEF,0.4346436757786731
STT_JEF,0.48707379955202124
STT_JEF,0.5317107663982454
STT_JEF,0.4594301446515624
STT_JEF,0.5435169239712557
STT_JEF,0.6039437836472235
STT_JEF,0.5430678033321014
STT_JEF,0.426759466236244
STT_JEF,0.4070165143070795
STT_JEF,0.3442170513772711
STT_JEF,0.36534249217131554
STT_JEF,0.27059980754895563
STT_JEF,0.15830030244487114
STT_JEF,0.11343211266519687
STT_JEF,0.06627691769357497
STT_JEF,0.08557347872007842
STT_JEF,0.06027070976349644
STT_JEF,0.08209374764105265
STT_JEF,0.08491112696398806
STT_JEF,0.06558440570100481
STT_JEF,0.045473014190836984
STT_JEF,0.026377865415128175
STT_JEF,0.0142711094501885
STT_JEF,0.012390508354835824
STT_JEF,0.0750568425929456
STT_JEF,0.05391037702743524
STT_JEF,0.05207369298950714
STT_JEF,0.05293831787571145
STT_JEF,0.05708249602201628
STT_JEF,0.05626164796157865
STT_JEF,0.059275641646871664
STT_JEF,0.05773556024942036
STT_JEF,0.05614127459111576
STT_JEF,0.04764870066579769
STT_JEF,0.04487442891769069
STT_JEF,0.030991316639711296
STT_JEF,0.032126531403542526
STT_JEF,0.0546658039587772
STT_JEF,0.09463148226022705
STT_JEF,0.09214599073988583
STT_JEF,0.08007452265591924
STT_JEF,0.06738596512577832
STT_JEF,0.08720713687885906
STT_JEF,0.07405615205820767
STT_JEF,0.027695344244725823
STT_JEF,0.0157320671848353
STT_JEF,0.05847906304221272
STT_JEF,0.026495144179065053
STT_JEF,0.056546732538125
NDAQ_KKR,0.02191846401315302
NDAQ_KKR,0.029687832905012118
NDAQ_KKR,0.030704233383113406
NDAQ_KKR,0.04928078031315263
NDAQ_KKR,0.06123038676269217
NDAQ_KKR,0.10910660658805155
NDAQ_KKR,0.11882713354743618
NDAQ_KKR,0.039905800840182755
NDAQ_KKR,0.04223161954980758
NDAQ_KKR,0.0746247688113693
NDAQ_KKR,0.05194139345243348
NDAQ_KKR,0.06492988693893999
NDAQ_KKR,0.06944656303219879
NDAQ_KKR,0.13611137148011054
NDAQ_KKR,0.11516980754561651
NDAQ_KKR,0.30534434108750663
NDAQ_KKR,0.14034201840313892
NDAQ_KKR,0.10938574195385137
NDAQ_KKR,0.07307232514001136
NDAQ_KKR,0.10450394305847316
NDAQ_KKR,0.06836158538795646
NDAQ_KKR,0.08218849852209992
NDAQ_KKR,0.08175126744743261
NDAQ_KKR,0.02985211999935207
NDAQ_KKR,0.011360498129035865
NDAQ_KKR,0.011584449646971905
NDAQ_KKR,0.024291189113721044
NDAQ_KKR,0.03289100512118095
NDAQ_KKR,0.018141544431089406
NDAQ_KKR,0.057660533906594334
NDAQ_KKR,0.07052871839369283
NDAQ_KKR,0.02239414005436599
NDAQ_KKR,0.028156054137009667
NDAQ_KKR,0.06392139048378054
NDAQ_KKR,0.304808835050496
NDAQ_KKR,0.012464342578077568
NDAQ_KKR,0.017126216753044533
NDAQ_KKR,0.014170426776072656
NDAQ_KKR,0.013153999941623992
NDAQ_KKR,0.021557464950403105
NDAQ_KKR,0.006117402514944053
NDAQ_KKR,0.009536838674122174
NDAQ_KKR,0.010584090079017025
NDAQ_KKR,0.006743078954457304
NDAQ_KKR,0.0033604709240728486
NDAQ_KKR,0.0039420899857497945
NDAQ_KKR,0.0067980813784706585
NDAQ_KKR,0.012551369748535544
NDAQ_KKR,0.03353346562874317
NDAQ_KKR,0.1501607705500289
NDAQ_KKR,0.15040326550255956
NTRS_LPLA,0.04652297395833788
NTRS_LPLA,0.029887594539010777
NTRS_LPLA,0.021736025464584415
NTRS_LPLA,0.037903955857308526
NTRS_LPLA,0.05809740394362169
NTRS_LPLA,0.04289764509692137
NTRS_LPLA,0.0519469003214574
NTRS_LPLA,0.06942603027582629
NTRS_LPLA,0.06457488224455386
NTRS_LPLA,0.07367950201451506
NTRS_LPLA,0.06784863927867028
NTRS_LPLA,0.09113897023319306
NTRS_LPLA,0.07275649593325267
NTRS_LPLA,0.11807296024869923
NTRS_LPLA,0.11359296333659225
NTRS_LPLA,0.24482186207462836
NTRS_LPLA,0.25521088638005784
NTRS_LPLA,0.4066398074376454
NTRS_LPLA,0.19777368292021003
NTRS_LPLA,0.21298730175040764
NTRS_LPLA,0.17465927123231484
NTRS_LPLA,0.11466378238144953
NTRS_LPLA,0.11289720477637033
NTRS_LPLA,0.12680012802551538
NTRS_LPLA,0.06506120079479398
NTRS_LPLA,0.07599693389936048
NTRS_LPLA,0.06660141534273176
NTRS_LPLA,0.048438925885072315
NTRS_LPLA,0.04818122127702742
NTRS_LPLA,0.07585926994015081
NTRS_LPLA,0.07549745925241451
NTRS_LPLA,0.080217521780092
NTRS_LPLA,0.09749223561650566
NTRS_LPLA,0.07763974074432842
NTRS_LPLA,0.06522168062761848
NTRS_LPLA,0.06875114423269485
NTRS_LPLA,0.07515647578035314
NTRS_LPLA,0.0766084991638439
NTRS_LPLA,0.06845018316278893
NTRS_LPLA,0.3106331531265379
NTRS_LPLA,0.31511201550361556
NTRS_LPLA,0.14508050916317422
NTRS_LPLA,0.17454980692421113
NTRS_LPLA,0.5841387028011564
NTRS_LPLA,0.3572014176810048
NTRS_LPLA,0.3835789339670297
NTRS_LPLA,0.5931731752701526
NTRS_LPLA,0.5969558531762099
NTRS_LPLA,0.7754143164570872
NTRS_LPLA,0.7335283407439654
NTRS_LPLA,0.8916144143236095
STT_MS,0.06904744799777054
STT_MS,0.08314755941744056
STT_MS,0.1091664380954992
STT_MS,0.13017438166186623
STT_MS,0.33907896690869643
STT_MS,0.610410501558704
STT_MS,0.619216090022968
STT_MS,0.41372803152765625
STT_MS,0.3905558339414039
STT_MS,0.3117952318103184
STT_MS,0.27544749295173754
STT_MS,0.3652026788871706
STT_MS,0.277366610632201
STT_MS,0.29960201224767646
STT_MS,0.1668120944633718
STT_MS,0.1722913282274251
STT_MS,0.09070726613120328
STT_MS,0.08244750040153409
STT_MS,0.05906896011330094
STT_MS,0.10449321944440321
STT_MS,0.07854756873084874
STT_MS,0.055744672177101086
STT_MS,0.033877219717044695
STT_MS,0.021064640618238945
STT_MS,0.010158206511732801
STT_MS,0.009679076145536635
STT_MS,0.05689691788531298
STT_MS,0.06270661117158068
STT_MS,0.04534709470928639
STT_MS,0.0732965095623276
STT_MS,0.056381460416634784
STT_MS,0.05416528715385448
STT_MS,0.06272620663169334
STT_MS,0.04617156219951101
STT_MS,0.04317735543726787
STT_MS,0.04588640183720692
STT_MS,0.04442422534965716
STT_MS,0.03161344272796626
STT_MS,0.03862475142452416
STT_MS,0.05425831928094422
STT_MS,0.06637876019280368
STT_MS,0.06469286019817157
STT_MS,0.05251316574051816
STT_MS,0.09496385045129846
STT_MS,0.11774701800873538
STT_MS,0.11027479340076674
STT_MS,0.03251463357317818
STT_MS,0.022580012978278816
STT_MS,0.078089516033675
STT_MS,0.04482492536394689
STT_MS,0.09407725846119963
NDAQ_MSCI,0.011723952245597998
NDAQ_MSCI,0.017385793565660827
NDAQ_MSCI,0.02400822202945039
NDAQ_MSCI,0.012942483272519024
NDAQ_MSCI,0.01329443149520137
NDAQ_MSCI,0.022922525427431853
NDAQ_MSCI,0.030966186600242984
NDAQ_MSCI,0.014046551139220837
NDAQ_MSCI,0.011132097349227555
NDAQ_MSCI,0.004900343982597058
NDAQ_MSCI,0.006706654880913002
NDAQ_MSCI,0.023282823238230412
NDAQ_MSCI,0.04175877182647185
NDAQ_MSCI,0.0451022759725535
NDAQ_MSCI,0.0633103550286012
NDAQ_MSCI,0.08353570375500546
NDAQ_MSCI,0.16478057653359468
NDAQ_MSCI,0.2840933790763165
NDAQ_MSCI,0.39887044694417595
NDAQ_MSCI,0.07383686588577039
NDAQ_MSCI,0.0518201308821583
NDAQ_MSCI,0.052615976883414156
NDAQ_MSCI,0.04148550179345012
NDAQ_MSCI,0.040860436377487416
NDAQ_MSCI,0.04764009530103011
NDAQ_MSCI,0.04381355453093463
NDAQ_MSCI,0.03585652829272054
NDAQ_MSCI,0.014457226164599338
NDAQ_MSCI,0.025811663882417752
NDAQ_MSCI,0.020520558172005456
NDAQ_MSCI,0.020258571273522385
NDAQ_MSCI,0.044453297243002454
NDAQ_MSCI,0.03645247060177419
NDAQ_MSCI,0.038142787722178224
NDAQ_MSCI,0.013835774964739448
NDAQ_MSCI,0.016997377734266867
NDAQ_MSCI,0.01792983741138642
NDAQ_MSCI,0.019472241272059345
NDAQ_MSCI,0.028761830719983526
NDAQ_MSCI,0.07505917251432218
NDAQ_MSCI,0.05795357379113718
NDAQ_MSCI,0.038388663435539094
NDAQ_MSCI,0.03211369249579347
NDAQ_MSCI,0.03285093486294954
NDAQ_MSCI,0.02834313037717486
NDAQ_MSCI,0.02769035106051266
NDAQ_MSCI,0.06004822895694367
NDAQ_MSCI,0.0482935175588673
NDAQ_MSCI,0.08962684556536188
NDAQ_MSCI,0.0704074652658621
NDAQ_MSCI,0.08793845725466015
RJF_NTRS,0.0053854636815806375
RJF_NTRS,0.005589928491542021
RJF_NTRS,0.009549302090407769
RJF_NTRS,0.008096841179893281
RJF_NTRS,0.016155297790077325
RJF_NTRS,0.03097826816349363
RJF_NTRS,0.05358757887603003
RJF_NTRS,0.1400364386352207
RJF_NTRS,0.19619998182084114
RJF_NTRS,0.6207500244048542
RJF_NTRS,0.9216738834292703
RJF_NTRS,0.5874764773027582
RJF_NTRS,0.6891401706490806
RJF_NTRS,0.5389961713287819
RJF_NTRS,0.3628795441924121
RJF_NTRS,0.11429701727428893
RJF_NTRS,0.05714019256151199
RJF_NTRS,0.05384668265834504
RJF_NTRS,0.04437856793886895
RJF_NTRS,0.03809961219118254
RJF_NTRS,0.02893311306585684
RJF_NTRS,0.023582169671176857
RJF_NTRS,0.024442864464752568
RJF_NTRS,0.0197683600959243
RJF_NTRS,0.019272749675011705
RJF_NTRS,0.018559818855077168
RJF_NTRS,0.01852644437246966
RJF_NTRS,0.013444237127115365
RJF_NTRS,0.011501992835295854
RJF_NTRS,0.01804983483297385
RJF_NTRS,0.014953441271959389
RJF_NTRS,0.01389724430073265
RJF_NTRS,0.01305184375682392
RJF_NTRS,0.013540976864704518
RJF_NTRS,0.013842358804636528
RJF_NTRS,0.020563751369668662
RJF_NTRS,0.03395404150636243
RJF_NTRS,0.020876104544276512
RJF_NTRS,0.03154415374133775
RJF_NTRS,0.08712792918713774
RJF_NTRS,0.04723229985089137
RJF_NTRS,0.026097908686974428
RJF_NTRS,0.01493724862574993
RJF_NTRS,0.027699730263941166
RJF_NTRS,0.021478334856076895
RJF_NTRS,0.03486288112609914
RJF_NTRS,0.04973199849007993
RJF_NTRS,0.09480992607163752
RJF_NTRS,0.258836612171925
RJF_NTRS,0.19396323701946633
RJF_NTRS,0.4626542620162257
SCHW_NTRS,0.04797924784011875
SCHW_NTRS,0.0474225718012864
SCHW_NTRS,0.07002564270673695
SCHW_NTRS,0.12236360558753118
SCHW_NTRS,0.16615498586388228
SCHW_NTRS,0.42131221339927705
SCHW_NTRS,0.6586906232274345
SCHW_NTRS,0.9293457223011096
SCHW_NTRS,0.8744016907724401
SCHW_NTRS,0.6063013024780052
SCHW_NTRS,0.93285357294021
SCHW_NTRS,0.8669371763719239
SCHW_NTRS,0.8562023752277914
SCHW_NTRS,0.5866229320984819
SCHW_NTRS,0.3709681892621993
SCHW_NTRS,0.2646164758604874
SCHW_NTRS,0.2108558447730029
SCHW_NTRS,0.24881324505432917
SCHW_NTRS,0.27328698631127424
SCHW_NTRS,0.2293069859489268
SCHW_NTRS,0.17533519183309054
SCHW_NTRS,0.15972181022838633
SCHW_NTRS,0.15125600585344373
SCHW_NTRS,0.1337265059364216
SCHW_NTRS,0.12625820570491242
SCHW_NTRS,0.12326427296032788
SCHW_NTRS,0.07984988255027686
SCHW_NTRS,0.0681538477182652
SCHW_NTRS,0.07277256883296752
SCHW_NTRS,0.055242730908578605
SCHW_NTRS,0.036199567519527034
SCHW_NTRS,0.03128875208207293
SCHW_NTRS,0.01795956580889598
SCHW_NTRS,0.03548159859743708
SCHW_NTRS,0.030584374893328117
SCHW_NTRS,0.02381125944336597
SCHW_NTRS,0.028169410714596225
SCHW_NTRS,0.0414412245206487
SCHW_NTRS,0.023261976157610432
SCHW_NTRS,0.020146122145588596
SCHW_NTRS,0.01903998741024501
SCHW_NTRS,0.01449698462534149
SCHW_NTRS,0.021899267202136728
SCHW_NTRS,0.01575201173139491
SCHW_NTRS,0.01504737595334619
SCHW_NTRS,0.015245288893166668
SCHW_NTRS,0.015562643778258889
SCHW_NTRS,0.015826294983185864
SCHW_NTRS,0.02889443597633695
SCHW_NTRS,0.027796739996793888
SCHW_NTRS,0.07956949384798218
STWD_NTRS,0.505086188215753
STWD_NTRS,0.5354201618122614
STWD_NTRS,0.5550503859736505
STWD_NTRS,0.5320944763661976
STWD_NTRS,0.4890059762339124
STWD_NTRS,0.4771814783284349
STWD_NTRS,0.4307158047959748
STWD_NTRS,0.3827561880140612
STWD_NTRS,0.3489973315597404
STWD_NTRS,0.34723575449184174
STWD_NTRS,0.36817611826975216
STWD_NTRS,0.36331569558808385
STWD_NTRS,0.4115897839991751
STWD_NTRS,0.2572952344609515
STWD_NTRS,0.2152179864486446
STWD_NTRS,0.13717044734139583
STWD_NTRS,0.11438938133533733
STWD_NTRS,0.11395785299920203
STWD_NTRS,0.08253404097413025
STWD_NTRS,0.038222855628506164
STWD_NTRS,0.0221409051510316
STWD_NTRS,0.013636356566483406
STWD_NTRS,0.007730981921398325
STWD_NTRS,0.003082581260965044
STWD_NTRS,0.00150907525503202
STWD_NTRS,0.004500004182604263
STWD_NTRS,0.002726234724024496
STWD_NTRS,0.0026825534688850604
STWD_NTRS,0.002849510594693211
STWD_NTRS,0.0044733150530802184
STWD_NTRS,0.005116192583960176
STWD_NTRS,0.0063374213694237696
STWD_NTRS,0.009480707820727772
STWD_NTRS,0.01007452609256908
STWD_NTRS,0.012679656113719889
STWD_NTRS,0.01338950867095044
STWD_NTRS,0.013925369137249833
STWD_NTRS,0.011088901276021098
STWD_NTRS,0.010405356190098318
STWD_NTRS,0.010466091737690945
STWD_NTRS,0.01449341438627042
STWD_NTRS,0.017392341657191022
STWD_NTRS,0.007011736180208228
STWD_NTRS,0.010387223712954806
STWD_NTRS,0.008322855052405778
STWD_NTRS,0.011542766209657105
STWD_NTRS,0.020576573897967708
STWD_NTRS,0.008945145923176148
STWD_NTRS,0.027624504639311674
STWD_NTRS,0.008271509749783192
STWD_NTRS,0.015875418068618207
SNEX_PRAA,0.011841670016343911
SNEX_PRAA,0.0081978298584867
SNEX_PRAA,0.019369823880669094
SNEX_PRAA,0.03543840147422485
SNEX_PRAA,0.0204146904862234
SNEX_PRAA,0.023435801638806344
SNEX_PRAA,0.01973552264198802
SNEX_PRAA,0.052663703608118874
SNEX_PRAA,0.029342103570108972
SNEX_PRAA,0.06396000593495806
SNEX_PRAA,0.04395455746113803
SNEX_PRAA,0.04891076652170499
SNEX_PRAA,0.10860459902381042
SNEX_PRAA,0.18422030346705054
SNEX_PRAA,0.14587914720497902
SNEX_PRAA,0.08469820406920625
SNEX_PRAA,0.1857032664002104
SNEX_PRAA,0.11392568587010854
SNEX_PRAA,0.08688926068847491
SNEX_PRAA,0.07921903023287136
SNEX_PRAA,0.08749702955544425
SNEX_PRAA,0.08092116352598355
SNEX_PRAA,0.058522979804905374
SNEX_PRAA,0.0823548104659182
SNEX_PRAA,0.07936924272445767
SNEX_PRAA,0.06611556393112718
SNEX_PRAA,0.06079933187594014
SNEX_PRAA,0.05785341580312756
SNEX_PRAA,0.08351164259390192
SNEX_PRAA,0.04077255041106315
SNEX_PRAA,0.04889567557520913
SNEX_PRAA,0.2562634036429545
SNEX_PRAA,0.2772524100950261
SNEX_PRAA,0.3160535013127675
SNEX_PRAA,0.11714186494876966
SNEX_PRAA,0.045806304826663105
SNEX_PRAA,0.06191852643038453
SNEX_PRAA,0.05512770044714114
SNEX_PRAA,0.04870428595663947
SNEX_PRAA,0.06379301744954617
SNEX_PRAA,0.06408721775896827
SNEX_PRAA,0.0807023358325748
SNEX_PRAA,0.10793810228965217
SNEX_PRAA,0.11179733081549209
SNEX_PRAA,0.12976161793599528
SNEX_PRAA,0.14708301512189537
SNEX_PRAA,0.31773574870156446
SNEX_PRAA,0.6447814624094124
SNEX_PRAA,0.7153463993095639
SNEX_PRAA,0.44633585523373326
SNEX_PRAA,0.2900714442755786
RJF_RILY,0.021695726578995114
RJF_RILY,0.018480034004456327
RJF_RILY,0.01293922910353157
RJF_RILY,0.03433800505773259
RJF_RILY,0.0709065269122321
RJF_RILY,0.06392426820885458
RJF_RILY,0.06795186198362026
RJF_RILY,0.1232505461798884
RJF_RILY,0.07127575950876044
RJF_RILY,0.14568656677826808
RJF_RILY,0.20628212398357915
RJF_RILY,0.10478463149598427
RJF_RILY,0.12912628700367873
RJF_RILY,0.22691044355510726
RJF_RILY,0.08815002650987874
RJF_RILY,0.09981076892130603
RJF_RILY,0.05136325687958107
RJF_RILY,0.0805208779194333
RJF_RILY,0.07148591943649163
RJF_RILY,0.05200020781446903
RJF_RILY,0.0696401598164819
RJF_RILY,0.07167748503738487
RJF_RILY,0.12114470604926048
RJF_RILY,0.13497251419158207
RJF_RILY,0.13478192145794782
RJF_RILY,0.24861697579846492
RJF_RILY,0.5506321334272233
RJF_RILY,0.6592780214209389
RJF_RILY,0.05857253955514378
RJF_RILY,0.053693196027608504
RJF_RILY,0.06183375348129882
RJF_RILY,0.06525800739280911
RJF_RILY,0.06852109045819646
RJF_RILY,0.0898121230578185
RJF_RILY,0.2802743246271293
RJF_RILY,0.10225270525508745
RJF_RILY,0.038548366293314464
RJF_RILY,0.04066213824864565
RJF_RILY,0.04719507051099049
RJF_RILY,0.18801472426170351
RJF_RILY,0.16228715253549564
RJF_RILY,0.08797838795699686
RJF_RILY,0.09226817651715641
RJF_RILY,0.05733403366010626
RJF_RILY,0.07569958944012031
RJF_RILY,0.0984883770314417
RJF_RILY,0.11167205223492516
RJF_RILY,0.16257300508046651
RJF_RILY,0.19775663481296812
RJF_RILY,0.26389730442792847
RJF_RILY,0.18357631379679168
STT_RILY,1.3289687579421532
STT_RILY,1.39843686093565
STT_RILY,1.3286641745398438
STT_RILY,1.5375026931976494
STT_RILY,1.6332504241492865
STT_RILY,1.5924375308717582
STT_RILY,1.5064476979864536
STT_RILY,0.5422234093539514
STT_RILY,0.41290997902110693
STT_RILY,0.41764796841257823
STT_RILY,0.29228550224248434
STT_RILY,0.4547259098569093
STT_RILY,0.2839685259167112
STT_RILY,0.2791855977119442
STT_RILY,0.11493101944478862
STT_RILY,0.11764934297134039
STT_RILY,0.061326961938248284
STT_RILY,0.07794135229688892
STT_RILY,0.046929979971411316
STT_RILY,0.05921760934676766
STT_RILY,0.0431955852404481
STT_RILY,0.03208794937612021
STT_RILY,0.023782049544932612
STT_RILY,0.017194883437040703
STT_RILY,0.008225641113066288
STT_RILY,0.006096366226447102
STT_RILY,0.03663255742723952
STT_RILY,0.0457355154132693
STT_RILY,0.009875567954613867
STT_RILY,0.018305503813022882
STT_RILY,0.015702032094943967
STT_RILY,0.014516376187603205
STT_RILY,0.012277375140750753
STT_RILY,0.009427952702182997
STT_RILY,0.01049292769532969
STT_RILY,0.004584850555283739
STT_RILY,0.0029772892061136137
STT_RILY,0.001495099993446536
STT_RILY,0.0021334235006500893
STT_RILY,0.004904281645990856
STT_RILY,0.0049220882411411615
STT_RILY,0.00877468774992766
STT_RILY,0.0073582836540731465
STT_RILY,0.018368405677162237
STT_RILY,0.015366823933467597
STT_RILY,0.01659103294529029
STT_RILY,0.0060646284686558935
STT_RILY,0.004144277633137988
STT_RILY,0.013416033355919583
STT_RILY,0.005755359173140334
STT_RILY,0.013666990393767313
SNEX_SII,0.1910324853225812
SNEX_SII,0.22701660540249657
SNEX_SII,0.25021814759312444
SNEX_SII,0.47684673810665745
SNEX_SII,0.5627105608684807
SNEX_SII,0.6143479529983225
SNEX_SII,0.34888091001726873
SNEX_SII,0.4628286203346646
SNEX_SII,0.30701088736979987
SNEX_SII,0.3902093904978188
SNEX_SII,0.352183032163614
SNEX_SII,0.30833530211152216
SNEX_SII,0.30629581677562423
SNEX_SII,0.3123816028080121
SNEX_SII,0.304961738939354
SNEX_SII,0.2654065866046449
SNEX_SII,0.21879758903019403
SNEX_SII,0.1742748391285801
SNEX_SII,0.14699472718071532
SNEX_SII,0.08301881344818435
SNEX_SII,0.0705320523421597
SNEX_SII,0.05384169555563468
SNEX_SII,0.02506205412847815
SNEX_SII,0.051089800853878896
SNEX_SII,0.030945824471430315
SNEX_SII,0.042981736321077185
SNEX_SII,0.04931079268666913
SNEX_SII,0.03245791276633441
SNEX_SII,0.03946532613312752
SNEX_SII,0.04447161635148843
SNEX_SII,0.07320511256723022
SNEX_SII,0.08697476420107109
SNEX_SII,0.06693924887727835
SNEX_SII,0.03375117364480243
SNEX_SII,0.01785967551904597
SNEX_SII,0.036489971088429725
SNEX_SII,0.025508832057846313
SNEX_SII,0.015271573752703544
SNEX_SII,0.017676357882462412
SNEX_SII,0.04646168301520271
SNEX_SII,0.015763066642272207
SNEX_SII,0.01091716237178126
SNEX_SII,0.013324915178391015
SNEX_SII,0.01745111774483996
SNEX_SII,0.023235992763816115
SNEX_SII,0.04268063379273061
SNEX_SII,0.12153608623757145
SNEX_SII,0.36847846665339534
SNEX_SII,0.5309378296077112
SNEX_SII,0.20592465680589572
SNEX_SII,0.2525247501535034
