LDOS_BAH,0.8700929225746108
LDOS_BAH,0.9591457000730704
LDOS_BAH,0.24197938263673624
LDOS_BAH,0.14448381688701667
LDOS_BAH,0.2326897481566152
LDOS_BAH,0.19148236482653846
LDOS_BAH,0.20210976321095314
LDOS_BAH,0.1998439109264712
LDOS_BAH,0.1974262118730737
LDOS_BAH,0.12668647324139382
LDOS_BAH,0.13174446252013616
LDOS_BAH,0.07907021597486386
LDOS_BAH,0.11604830178994263
LDOS_BAH,0.16459985554899192
LDOS_BAH,0.2517458779877447
LDOS_BAH,0.22640390257182808
LDOS_BAH,0.14183417811621218
LDOS_BAH,0.10394969580853086
LDOS_BAH,0.15379928679461136
LDOS_BAH,0.19076688950818882
LDOS_BAH,0.1014846270040507
LDOS_BAH,0.09614281674044106
LDOS_BAH,0.08909367085850972
LDOS_BAH,0.09034723414673218
LDOS_BAH,0.09972236892972175
LDOS_BAH,0.13888653305565485
LDOS_BAH,0.1386888658688749
LDOS_BAH,0.05723861893539107
LDOS_BAH,0.05538269657795534
LDOS_BAH,0.05765651139742504
LDOS_BAH,0.057124749472769576
LDOS_BAH,0.061920535736732805
LDOS_BAH,0.06386564168196976
LDOS_BAH,0.06526166695288271
LDOS_BAH,0.06600955525997709
LDOS_BAH,0.05913995325420691
LDOS_BAH,0.0601280284159445
LDOS_BAH,0.06188920414823759
LDOS_BAH,0.059918709551271335
LDOS_BAH,0.06648182677247094
LDOS_BAH,0.06566480059818347
LDOS_BAH,0.0627250206944456
LDOS_BAH,0.062186524916630376
LDOS_BAH,0.06294026862468757
LDOS_BAH,0.05801015294501639
LDOS_BAH,0.06095841854897754
LDOS_BAH,0.07418187829650111
LDOS_BAH,0.05584691516791369
LDOS_BAH,0.07120017754159365
LDOS_BAH,0.05816178295780609
LDOS_BAH,0.0382696734425819
LDOS_BAH,0.02638120253709324
LDOS_BAH,0.032249898664690406
LDOS_BAH,0.022320262741124267
LDOS_BAH,0.020354276556345245
LDOS_BAH,0.02711899946573247
LDOS_BAH,0.030608264258156735
LDOS_BAH,0.03321750135295752
LDOS_BAH,0.0282399072717074
LDOS_BAH,0.028324856657592105
LDOS_BAH,0.027080323072643027
LDOS_BAH,0.026158637074562934
LDOS_BAH,0.02812445314906045
LDOS_BAH,0.06003123392839183
LDOS_BAH,0.06826516977904477
LDOS_BAH,0.12377026304345251
LDOS_BAH,0.160750855870195
LDOS_BAH,0.2247819348268203
LDOS_BAH,0.2461557438114647
LDOS_BAH,0.2059346562349963
LDOS_BAH,0.14470369273283412
LDOS_BAH,0.1007736940412905
LDOS_BAH,0.10584558407683292
LDOS_BAH,0.0949413033441755
LDOS_BAH,0.08120850163998644
LDOS_BAH,0.07631815764947587
VRSK_BAH,0.0791227605911688
VRSK_BAH,0.10545461442673937
VRSK_BAH,0.03960870542837563
VRSK_BAH,0.033271390740588984
VRSK_BAH,0.05911209323229234
VRSK_BAH,0.09105302400480797
VRSK_BAH,0.021464271869581775
VRSK_BAH,0.014793818056211354
VRSK_BAH,0.018037300386066848
VRSK_BAH,0.013032736319782858
VRSK_BAH,0.01267197938020168
VRSK_BAH,0.04235280958878312
VRSK_BAH,0.03826035353278704
VRSK_BAH,0.004698212879270662
VRSK_BAH,0.002841105016506413
VRSK_BAH,0.003001398748246306
VRSK_BAH,0.002754734099638067
VRSK_BAH,0.004882601323509855
VRSK_BAH,0.010228472699018805
VRSK_BAH,0.0047388212154181415
VRSK_BAH,0.01236724774120564
VRSK_BAH,0.004940611787576706
VRSK_BAH,0.008551496126701148
VRSK_BAH,0.0053352749849707995
VRSK_BAH,0.0014798612620246974
VRSK_BAH,0.0005278557843072368
VRSK_BAH,0.0013708000394415272
VRSK_BAH,0.0004974607795850251
VRSK_BAH,0.0007710577602367876
VRSK_BAH,0.0007079027278269679
VRSK_BAH,0.0005022884662863838
VRSK_BAH,0.0003472616838048409
VRSK_BAH,0.00021536180340091124
VRSK_BAH,0.0011062951939861583
VRSK_BAH,0.002942930769451223
VRSK_BAH,0.0018276522925825382
VRSK_BAH,0.0019697565516682363
VRSK_BAH,0.0017543667430038356
VRSK_BAH,0.0012671637239870155
VRSK_BAH,0.0029642704026235076
VRSK_BAH,0.008425972494586367
VRSK_BAH,0.07767721225143749
VRSK_BAH,0.04871799768688134
VRSK_BAH,0.12792751405226582
VRSK_BAH,0.09154341289405166
VRSK_BAH,0.19992670214664143
VRSK_BAH,0.18763935071244225
VRSK_BAH,0.3999181835615806
VRSK_BAH,0.19059424262241803
VRSK_BAH,0.04279881242208876
VRSK_BAH,0.057756456657225896
VRSK_BAH,0.06763890517477429
VRSK_BAH,0.02278197904730152
VRSK_BAH,0.01481996118226917
VRSK_BAH,0.011608255697390693
VRSK_BAH,0.013473078155093224
VRSK_BAH,0.017332821009397256
VRSK_BAH,0.011199671614383473
VRSK_BAH,0.02018170451511222
VRSK_BAH,0.04015475506765277
VRSK_BAH,0.04670510387074577
VRSK_BAH,0.07860827775795433
VRSK_BAH,0.10397135209422098
VRSK_BAH,0.05026965668816563
VRSK_BAH,0.08080310314383327
VRSK_BAH,0.08456309023344372
VRSK_BAH,0.14502031019966882
VRSK_BAH,0.20778831103689444
VRSK_BAH,0.41441796172712
VRSK_BAH,0.7801354662427264
VRSK_BAH,0.6307053569847375
VRSK_BAH,0.42897125060129565
VRSK_BAH,0.5163327744259738
VRSK_BAH,0.5254740409944432
VRSK_BAH,0.2819240870990064
VRSK_BAH,0.29266581564443495
CTAS_CPRT,0.01291848239615831
CTAS_CPRT,0.001303046110358928
CTAS_CPRT,0.0007008760583133946
CTAS_CPRT,0.000999609910408451
CTAS_CPRT,0.0002347243842136318
CTAS_CPRT,0.00033922917772861213
CTAS_CPRT,0.003781102026878816
CTAS_CPRT,0.001084684066510452
CTAS_CPRT,0.0004910234486314645
CTAS_CPRT,0.0003007611569190316
CTAS_CPRT,0.00042629416309160215
CTAS_CPRT,0.0005151469273630021
CTAS_CPRT,0.0010687846373080424
CTAS_CPRT,0.0015695904861055513
CTAS_CPRT,0.0021364132397409885
CTAS_CPRT,0.0018501947442267062
CTAS_CPRT,0.0018698838289358689
CTAS_CPRT,0.001294058696564356
CTAS_CPRT,0.0012440623644881512
CTAS_CPRT,0.0018385948535564237
CTAS_CPRT,0.0012957875808412348
CTAS_CPRT,0.001198060546958562
CTAS_CPRT,0.0004759709795261927
CTAS_CPRT,0.0002999898447592973
CTAS_CPRT,0.0006086196636266748
CTAS_CPRT,0.0005105960297857217
CTAS_CPRT,0.0005558830601446364
CTAS_CPRT,0.0008770554451174565
CTAS_CPRT,0.000665709497349705
CTAS_CPRT,0.0011723699623452134
CTAS_CPRT,0.0005009818768321134
CTAS_CPRT,0.0005155552452933984
CTAS_CPRT,0.0004513083705088995
CTAS_CPRT,0.0005599529523903618
CTAS_CPRT,0.000555099979460003
CTAS_CPRT,0.0005322534151361165
CTAS_CPRT,0.0007801546283176388
CTAS_CPRT,0.0009495595165891468
CTAS_CPRT,0.0008389111167104254
CTAS_CPRT,0.0007158814700525527
CTAS_CPRT,0.0005648260440565303
CTAS_CPRT,0.0006776637669251282
CTAS_CPRT,0.0005553087037038688
CTAS_CPRT,0.00043287398568202695
CTAS_CPRT,0.0005230718970904896
CTAS_CPRT,0.0005456133796882543
CTAS_CPRT,0.0008360774160130122
CTAS_CPRT,0.0032511778666180504
CTAS_CPRT,0.0009845092009920764
CTAS_CPRT,0.0010317198744233943
CTAS_CPRT,0.0012239695133606143
CTAS_CPRT,0.001342179640488276
CTAS_CPRT,0.002335213468446372
CTAS_CPRT,0.002947429803993279
CTAS_CPRT,0.04017280440849561
CTAS_CPRT,0.08476789083174874
CTAS_CPRT,0.1592262608644739
CTAS_CPRT,0.06258096695545372
CTAS_CPRT,0.06886814942349155
CTAS_CPRT,0.1135793872278042
CTAS_CPRT,0.0999545206124332
CTAS_CPRT,0.1005327591417931
CTAS_CPRT,0.10494554249968974
CTAS_CPRT,0.16112603758324362
CTAS_CPRT,0.23486216977982338
CTAS_CPRT,0.32936138126344094
CTAS_CPRT,0.3988405675320994
CTAS_CPRT,0.38418560647583044
CTAS_CPRT,0.33729031835934664
CTAS_CPRT,0.41886520702322744
CTAS_CPRT,0.44261402796194077
CTAS_CPRT,0.35045917369672475
CTAS_CPRT,0.4840294979425512
CTAS_CPRT,0.4935470441324404
CTAS_CPRT,0.2960304010992314
CTAS_CPRT,0.24383095294889806
TTEK_CPRT,0.1310729336299825
TTEK_CPRT,0.06953356895403888
TTEK_CPRT,0.05993561652901315
TTEK_CPRT,0.058681507605242586
TTEK_CPRT,0.07846581675984168
TTEK_CPRT,0.06698007942530086
TTEK_CPRT,0.028520277731048472
TTEK_CPRT,0.015228776163418967
TTEK_CPRT,0.013761998106236378
TTEK_CPRT,0.023110733168595562
TTEK_CPRT,0.011333463587448939
TTEK_CPRT,0.01179587208675514
TTEK_CPRT,0.010212030842569279
TTEK_CPRT,0.011031137560007563
TTEK_CPRT,0.009866903738011974
TTEK_CPRT,0.01058004301313253
TTEK_CPRT,0.012595843401361764
TTEK_CPRT,0.010126745433672873
TTEK_CPRT,0.009302036740542634
TTEK_CPRT,0.008157477503178648
TTEK_CPRT,0.07043170334140005
TTEK_CPRT,0.04885990971162921
TTEK_CPRT,0.005831407440474502
TTEK_CPRT,0.0527191316328978
TTEK_CPRT,0.11846935546233633
TTEK_CPRT,0.09448207023513422
TTEK_CPRT,0.5421768542605929
TTEK_CPRT,0.3518476065870062
TTEK_CPRT,0.41820465395509837
TTEK_CPRT,0.6022044886131374
TTEK_CPRT,0.1350781271761345
TTEK_CPRT,0.09248681903066469
TTEK_CPRT,0.070153575039826
TTEK_CPRT,0.07511642864520762
TTEK_CPRT,0.06225529988282013
TTEK_CPRT,0.08032538292450303
TTEK_CPRT,0.11649202121531671
TTEK_CPRT,0.1247208475550386
TTEK_CPRT,0.06922538061081046
TTEK_CPRT,0.06803999908463296
TTEK_CPRT,0.06945779201066624
TTEK_CPRT,0.0745463643077487
TTEK_CPRT,0.11752337107647637
TTEK_CPRT,0.07807410347419891
TTEK_CPRT,0.2185425516080166
TTEK_CPRT,0.4358045729373835
TTEK_CPRT,0.6004582572501004
TTEK_CPRT,0.13678398897415128
TTEK_CPRT,0.1749481038400862
TTEK_CPRT,0.10301546600331196
TTEK_CPRT,0.10267985742124797
TTEK_CPRT,0.17264057580615128
TTEK_CPRT,0.2992683652267276
TTEK_CPRT,0.3230224890963015
TTEK_CPRT,0.3934136882388298
TTEK_CPRT,0.2796123613454127
TTEK_CPRT,0.25048284604632204
TTEK_CPRT,0.175725927654949
TTEK_CPRT,0.1766961996160497
TTEK_CPRT,0.18993067054692137
TTEK_CPRT,0.22096101896831133
TTEK_CPRT,0.18206207383856465
TTEK_CPRT,0.1943321613739274
TTEK_CPRT,0.16492890129980853
TTEK_CPRT,0.1634066317029121
TTEK_CPRT,0.12273715907575761
TTEK_CPRT,0.12512879407128918
TTEK_CPRT,0.07802290886634533
TTEK_CPRT,0.06986789214272135
TTEK_CPRT,0.09172364933978094
TTEK_CPRT,0.1225842626126431
TTEK_CPRT,0.08547317716340946
TTEK_CPRT,0.10195982131544007
TTEK_CPRT,0.09328070023751034
TTEK_CPRT,0.07176662901164872
TTEK_CPRT,0.08541941507680445
WCN_CPRT,0.8593551447833031
WCN_CPRT,0.47219926212842167
WCN_CPRT,0.32810804129656396
WCN_CPRT,0.31273798390796836
WCN_CPRT,0.22066545649610214
WCN_CPRT,0.14828010597908214
WCN_CPRT,0.1473905311151587
WCN_CPRT,0.17179524149747766
WCN_CPRT,0.15203318987636166
WCN_CPRT,0.16383879553020603
WCN_CPRT,0.13522746619767667
WCN_CPRT,0.12257800344325487
WCN_CPRT,0.11054545664604393
WCN_CPRT,0.11065981693982391
WCN_CPRT,0.087208758476082
WCN_CPRT,0.06021860596646906
WCN_CPRT,0.04224088060362282
WCN_CPRT,0.07732843512248348
WCN_CPRT,0.04563790456235722
WCN_CPRT,0.06538118640453648
WCN_CPRT,0.02250581366509421
WCN_CPRT,0.029157667345453525
WCN_CPRT,0.05784115495508796
WCN_CPRT,0.01626347023524301
WCN_CPRT,0.009139359772215486
WCN_CPRT,0.02965876433673002
WCN_CPRT,0.021366689195913287
WCN_CPRT,0.004337131525544205
WCN_CPRT,0.003771903331166681
WCN_CPRT,0.005501650209891909
WCN_CPRT,0.006641507181647276
WCN_CPRT,0.012679738558459858
WCN_CPRT,0.029954325649997494
WCN_CPRT,0.019692579072637526
WCN_CPRT,0.032515081646207415
WCN_CPRT,0.013755552223712497
WCN_CPRT,0.013790932532667305
WCN_CPRT,0.013272586963143691
WCN_CPRT,0.016328106530157087
WCN_CPRT,0.016311045178505172
WCN_CPRT,0.03346434607021309
WCN_CPRT,0.031010962642100244
WCN_CPRT,0.025921056549118703
WCN_CPRT,0.02453240505922016
WCN_CPRT,0.031627145483772684
WCN_CPRT,0.042518668508706066
WCN_CPRT,0.051601521685890835
WCN_CPRT,0.03869326103948315
WCN_CPRT,0.04591614984744896
WCN_CPRT,0.03666024871266343
WCN_CPRT,0.053409624345606865
WCN_CPRT,0.039562393625181706
WCN_CPRT,0.12937618561300723
WCN_CPRT,0.19579070518364772
WCN_CPRT,0.3811934327551993
WCN_CPRT,0.6013523636063145
WCN_CPRT,0.83878992376874
WCN_CPRT,0.2659080034903988
WCN_CPRT,0.30184190569995584
WCN_CPRT,0.33617796750669426
WCN_CPRT,0.28601881028768994
WCN_CPRT,0.2922131953375645
WCN_CPRT,0.279331435215735
WCN_CPRT,0.43981350300461186
WCN_CPRT,0.5171376663547891
WCN_CPRT,0.7254590173610537
WCN_CPRT,0.8414266550201219
WCN_CPRT,0.7241278605342538
WCN_CPRT,0.42135735233793237
WCN_CPRT,0.3785584662091545
WCN_CPRT,0.3796687345585966
WCN_CPRT,0.37992280891318275
WCN_CPRT,0.386807739359318
WCN_CPRT,0.27509507026072927
WCN_CPRT,0.222763796204772
WCN_CPRT,0.2782866117220312
RBA_CTAS,0.1168661863515908
RBA_CTAS,0.14984604712562855
RBA_CTAS,0.13207676601119533
RBA_CTAS,0.1420399196793859
RBA_CTAS,0.0885941980158434
RBA_CTAS,0.17992286633451354
RBA_CTAS,0.18776673793853238
RBA_CTAS,0.08588809696258815
RBA_CTAS,0.10231458602243321
RBA_CTAS,0.053663013436739466
RBA_CTAS,0.06929492035714338
RBA_CTAS,0.10202166368380622
RBA_CTAS,0.14022344960930339
RBA_CTAS,0.8802690179775271
RBA_CTAS,0.4532350556996553
RBA_CTAS,0.2539302619346093
RBA_CTAS,0.2578863445660477
RBA_CTAS,0.7381859223911744
RBA_CTAS,0.3031843128077349
RBA_CTAS,0.9757840779005159
RBA_CTAS,0.4297011012014747
RBA_CTAS,0.757715628741665
RBA_CTAS,0.7891193560596781
RBA_CTAS,0.578783349867493
RBA_CTAS,0.4176994105977515
RBA_CTAS,0.18451463992857547
RBA_CTAS,0.14819104208209832
RBA_CTAS,0.11870300077859286
RBA_CTAS,0.1312140286262552
RBA_CTAS,0.09731687124258775
RBA_CTAS,0.11438315624543849
RBA_CTAS,0.09063796907207361
RBA_CTAS,0.06778690062471715
RBA_CTAS,0.075299656024523
RBA_CTAS,0.07223913312655943
RBA_CTAS,0.08676722983228374
RBA_CTAS,0.08027486630144304
RBA_CTAS,0.09262916644472391
RBA_CTAS,0.07591175500971488
RBA_CTAS,0.05868143817947765
RBA_CTAS,0.06503058299526869
RBA_CTAS,0.09074327235605129
RBA_CTAS,0.07920281834016052
RBA_CTAS,0.08692707926186544
RBA_CTAS,0.09328180850275408
RBA_CTAS,0.07791688479399148
RBA_CTAS,0.08007155653853876
RBA_CTAS,0.13624493384535913
RBA_CTAS,0.11832894492510548
RBA_CTAS,0.059457602617093736
RBA_CTAS,0.05776738355380824
RBA_CTAS,0.06756595313952561
RBA_CTAS,0.08151382210179053
RBA_CTAS,0.0740537985878985
RBA_CTAS,0.13046714509193152
RBA_CTAS,0.14992473309936977
RBA_CTAS,0.15251644045748114
RBA_CTAS,0.061570053288807526
RBA_CTAS,0.06516462206623361
RBA_CTAS,0.06458133424603746
RBA_CTAS,0.062065180316246006
RBA_CTAS,0.08221021739171275
RBA_CTAS,0.093396067605867
RBA_CTAS,0.07682492161577516
RBA_CTAS,0.07668703811577905
RBA_CTAS,0.069331884580196
RBA_CTAS,0.06584493185773026
RBA_CTAS,0.06531726386007745
RBA_CTAS,0.060353983163230304
RBA_CTAS,0.07354256762716521
RBA_CTAS,0.17954628948493084
RBA_CTAS,0.35659252574838995
RBA_CTAS,0.23458981487201114
RBA_CTAS,0.22571797319502612
RBA_CTAS,0.18113352684789447
RBA_CTAS,0.17743798018428297
TTEK_CTAS,0.05486760553154108
TTEK_CTAS,0.06312000225868206
TTEK_CTAS,0.03824562459879253
TTEK_CTAS,0.0898221421547779
TTEK_CTAS,0.35817999497297
TTEK_CTAS,0.11159533690427809
TTEK_CTAS,0.015044566572939814
TTEK_CTAS,0.011798672983077572
TTEK_CTAS,0.015226738349973927
TTEK_CTAS,0.030769117126526496
TTEK_CTAS,0.013193571181944062
TTEK_CTAS,0.019990336694791982
TTEK_CTAS,0.018833720470125388
TTEK_CTAS,0.021732563971084834
TTEK_CTAS,0.03357223428908396
TTEK_CTAS,0.03906003525065019
TTEK_CTAS,0.04856364880641018
TTEK_CTAS,0.020629743990784467
TTEK_CTAS,0.01489732014909791
TTEK_CTAS,0.015997972676177356
TTEK_CTAS,0.03810687024938083
TTEK_CTAS,0.036590599495721673
TTEK_CTAS,0.02958746988201021
TTEK_CTAS,0.160200362108341
TTEK_CTAS,0.44197816478196317
TTEK_CTAS,0.20070236906521993
TTEK_CTAS,0.677313862987351
TTEK_CTAS,0.1966921117804934
TTEK_CTAS,0.26625698724417424
TTEK_CTAS,0.3347214503866345
TTEK_CTAS,0.23512678332686504
TTEK_CTAS,0.12452404319631993
TTEK_CTAS,0.07045018960769717
TTEK_CTAS,0.08055618954813676
TTEK_CTAS,0.07146409523220859
TTEK_CTAS,0.09285632373585939
TTEK_CTAS,0.08877793186732008
TTEK_CTAS,0.08157461594420307
TTEK_CTAS,0.06483066338993172
TTEK_CTAS,0.06335471620126014
TTEK_CTAS,0.0691705618182522
TTEK_CTAS,0.07221790742816771
TTEK_CTAS,0.11371477461699908
TTEK_CTAS,0.09554639111749985
TTEK_CTAS,0.18192849882240114
TTEK_CTAS,0.34539705115774944
TTEK_CTAS,0.3779099581968578
TTEK_CTAS,0.04932543034566146
TTEK_CTAS,0.09121131107816832
TTEK_CTAS,0.06110515427144879
TTEK_CTAS,0.0552959640679031
TTEK_CTAS,0.07501186326223931
TTEK_CTAS,0.0852299103251597
TTEK_CTAS,0.09118798716096804
TTEK_CTAS,0.03928794360957074
TTEK_CTAS,0.0281543236591052
TTEK_CTAS,0.03347556887984535
TTEK_CTAS,0.035900077528035305
TTEK_CTAS,0.039908741688986483
TTEK_CTAS,0.037467989403436396
TTEK_CTAS,0.029993942591366705
TTEK_CTAS,0.029803472066059686
TTEK_CTAS,0.029541012755507183
TTEK_CTAS,0.04205327996243509
TTEK_CTAS,0.04574197340394069
TTEK_CTAS,0.06308332425689639
TTEK_CTAS,0.04832734917383831
TTEK_CTAS,0.043434411206125165
TTEK_CTAS,0.03186637853074449
TTEK_CTAS,0.05365395895163804
TTEK_CTAS,0.045181170791360185
TTEK_CTAS,0.06811479371676442
TTEK_CTAS,0.06589949005307599
TTEK_CTAS,0.11800862535734391
TTEK_CTAS,0.07598746496276983
TTEK_CTAS,0.06407728877645906
RELX_EFX,0.2157026521756294
RELX_EFX,0.1902985736400985
RELX_EFX,0.34383000383369366
RELX_EFX,0.5750998343123332
RELX_EFX,0.08052307564137517
RELX_EFX,0.1268007953009424
RELX_EFX,0.16545580279681282
RELX_EFX,0.14603859220928345
RELX_EFX,0.14343875055571836
RELX_EFX,0.17453416547180128
RELX_EFX,0.21563814833548062
RELX_EFX,0.2552367632397953
RELX_EFX,0.33776415725420517
RELX_EFX,0.1947006583027457
RELX_EFX,0.22980183282932987
RELX_EFX,0.18120193464192058
RELX_EFX,0.18090290487078686
RELX_EFX,0.2297801332982936
RELX_EFX,0.14566743757156608
RELX_EFX,0.11686723201941046
RELX_EFX,0.08977498684758578
RELX_EFX,0.07808584787884824
RELX_EFX,0.08089803353408226
RELX_EFX,0.037252306804246
RELX_EFX,0.023313607532175797
RELX_EFX,0.019216841726055325
RELX_EFX,0.011753388169624875
RELX_EFX,0.010990930422946152
RELX_EFX,0.00926394762774942
RELX_EFX,0.010591142128807744
RELX_EFX,0.012364761731191767
RELX_EFX,0.008235662250980044
RELX_EFX,0.008109967536195709
RELX_EFX,0.006792161082525582
RELX_EFX,0.003648081572669487
RELX_EFX,0.003223734680553282
RELX_EFX,0.002996448585158205
RELX_EFX,0.002510120622140593
RELX_EFX,0.0027213668646173736
RELX_EFX,0.005606738586442483
RELX_EFX,0.0052313442907766985
RELX_EFX,0.0066679251504293624
RELX_EFX,0.004206432765551102
RELX_EFX,0.007834476345738013
RELX_EFX,0.0036306215175771397
RELX_EFX,0.003544848141827571
RELX_EFX,0.0033216993972667577
RELX_EFX,0.0039332617188025994
RELX_EFX,0.005730580980175341
RELX_EFX,0.008597602823841697
RELX_EFX,0.013400117800403026
RELX_EFX,0.03976647048142192
RELX_EFX,0.05428501451909806
RELX_EFX,0.013387544701012485
RELX_EFX,0.02578839652899245
RELX_EFX,0.09816575942533334
RELX_EFX,0.11459127136547131
RELX_EFX,0.03582829204650318
RELX_EFX,0.06500424238343877
RELX_EFX,0.04824615491989562
RELX_EFX,0.05442913087478727
RELX_EFX,0.04870316524696185
RELX_EFX,0.06968383993212028
RELX_EFX,0.06858650612647875
RELX_EFX,0.05129398547505286
RELX_EFX,0.04503740113692474
RELX_EFX,0.032911449411648856
RELX_EFX,0.045352442737214144
RELX_EFX,0.05078055982791839
RELX_EFX,0.06299733569285736
RELX_EFX,0.03732178311515862
RELX_EFX,0.055210625272376655
RELX_EFX,0.053096650520476775
RELX_EFX,0.04871418263489262
RELX_EFX,0.04272325953806309
RELX_EFX,0.03757732252217178
TTEK_EFX,0.011134344733887537
TTEK_EFX,0.015726107831410978
TTEK_EFX,0.048328792317787014
TTEK_EFX,0.006550306372022128
TTEK_EFX,0.011583208386058351
TTEK_EFX,0.016577430781149607
TTEK_EFX,0.07123514798438392
TTEK_EFX,0.0286910524162326
TTEK_EFX,0.3071141102593168
TTEK_EFX,0.3930187431177206
TTEK_EFX,0.3844247615247093
TTEK_EFX,0.21550768634022993
TTEK_EFX,0.0931534201563819
TTEK_EFX,0.08608587131821843
TTEK_EFX,0.09720908253062377
TTEK_EFX,0.098866468682899
TTEK_EFX,0.08733198700420752
TTEK_EFX,0.08827038850331081
TTEK_EFX,0.10690268110746698
TTEK_EFX,0.12470275696923394
TTEK_EFX,0.12357981131986773
TTEK_EFX,0.1345107927164434
TTEK_EFX,0.10136342858400005
TTEK_EFX,0.057146172381538636
TTEK_EFX,0.06083685082041117
TTEK_EFX,0.06167667903398371
TTEK_EFX,0.09779344660724154
TTEK_EFX,0.054567795654021346
TTEK_EFX,0.04916575452246424
TTEK_EFX,0.053894474920103776
TTEK_EFX,0.048228306578184985
TTEK_EFX,0.07916088500545587
TTEK_EFX,0.0921961157296019
TTEK_EFX,0.08613487722472202
TTEK_EFX,0.059457187987691076
TTEK_EFX,0.11799195616082525
TTEK_EFX,0.10604180658427204
TTEK_EFX,0.11359006856966164
TTEK_EFX,0.05697707352269461
TTEK_EFX,0.2303633073320464
TTEK_EFX,0.16839762203676367
TTEK_EFX,0.12527232094752538
TTEK_EFX,0.09249489639251834
TTEK_EFX,0.10023021052964798
TTEK_EFX,0.09253951108452946
TTEK_EFX,0.09662068946766494
TTEK_EFX,0.09161148539414943
TTEK_EFX,0.06155047389966061
TTEK_EFX,0.05352724582665537
TTEK_EFX,0.05818159831965102
TTEK_EFX,0.06899326269759858
TTEK_EFX,0.06590402707565944
TTEK_EFX,0.06327818581862976
TTEK_EFX,0.06160333962449134
TTEK_EFX,0.06431181412108991
TTEK_EFX,0.07922917454175438
TTEK_EFX,0.06999214163600206
TTEK_EFX,0.0445428138220257
TTEK_EFX,0.04756864310818955
TTEK_EFX,0.055018984542534635
TTEK_EFX,0.07414436802073071
TTEK_EFX,0.05950757896952859
TTEK_EFX,0.0918749568788732
TTEK_EFX,0.05190773367409944
TTEK_EFX,0.06633661997390032
TTEK_EFX,0.06834790461433381
TTEK_EFX,0.07587633349624337
TTEK_EFX,0.062125668571411025
TTEK_EFX,0.09820745474434173
TTEK_EFX,0.12670247902066617
TTEK_EFX,0.09787157092802806
TTEK_EFX,0.1101755317819127
TTEK_EFX,0.10441438391882701
TTEK_EFX,0.10642073742596175
TTEK_EFX,0.08668790987486291
TTEK_EFX,0.08295015094616037
ROL_RBA,0.7423962796637995
ROL_RBA,0.751532806543023
ROL_RBA,0.6767260719973944
ROL_RBA,0.6188018722339222
ROL_RBA,0.6261287262313848
ROL_RBA,0.6939313650311028
ROL_RBA,0.5699641556014992
ROL_RBA,0.572093047850522
ROL_RBA,0.4884445686619649
ROL_RBA,0.4576562709294838
ROL_RBA,0.4650818634620452
ROL_RBA,0.5084891913004124
ROL_RBA,0.5544199781909976
ROL_RBA,0.3652731799721275
ROL_RBA,0.26034514364930816
ROL_RBA,0.18219107066466284
ROL_RBA,0.14491236907871785
ROL_RBA,0.2153417388535801
ROL_RBA,0.08103596642661315
ROL_RBA,0.06505178711109874
ROL_RBA,0.05975586055426455
ROL_RBA,0.1748301699763326
ROL_RBA,0.07422989840371703
ROL_RBA,0.08282440378898792
ROL_RBA,0.0938747642132447
ROL_RBA,0.05779712845092071
ROL_RBA,0.06046361797424098
ROL_RBA,0.026708367861878128
ROL_RBA,0.027363481988974245
ROL_RBA,0.024878065227515362
ROL_RBA,0.03823137978411641
ROL_RBA,0.02958302370891079
ROL_RBA,0.028200236276150044
ROL_RBA,0.0392184256192731
ROL_RBA,0.03767130812729134
ROL_RBA,0.03212815306563849
ROL_RBA,0.03635828165047966
ROL_RBA,0.03280769853845105
ROL_RBA,0.030048506830689752
ROL_RBA,0.02959874798369205
ROL_RBA,0.03172104556618644
ROL_RBA,0.037514181927375226
ROL_RBA,0.03493874423259954
ROL_RBA,0.04053388654937974
ROL_RBA,0.06223145320868512
ROL_RBA,0.11593335116813369
ROL_RBA,0.23926078660251537
ROL_RBA,0.10279188435299685
ROL_RBA,0.07223086887968112
ROL_RBA,0.08606212409083525
ROL_RBA,0.11868283293398146
ROL_RBA,0.08562947519623271
ROL_RBA,0.04990372703290255
ROL_RBA,0.050914771335866436
ROL_RBA,0.048280712372823845
ROL_RBA,0.048363591692492484
ROL_RBA,0.048919561995008146
ROL_RBA,0.045962136903472284
ROL_RBA,0.052255223678867035
ROL_RBA,0.05274540423256051
ROL_RBA,0.053875881455750174
ROL_RBA,0.05493276356791889
ROL_RBA,0.058923926390746846
ROL_RBA,0.05175068114140421
ROL_RBA,0.058701712626726216
ROL_RBA,0.0638485092039163
ROL_RBA,0.04680287749512594
ROL_RBA,0.04396868789702307
ROL_RBA,0.04186450542245469
ROL_RBA,0.08854858859766412
ROL_RBA,0.15487357540421337
ROL_RBA,0.1312831372340732
ROL_RBA,0.04102414847362786
ROL_RBA,0.03306548948154643
ROL_RBA,0.03203233708352624
ROL_RBA,0.028127738975864538
RSG_RELX,0.3012659926774315
RSG_RELX,0.26708626059928897
RSG_RELX,0.35380917111689036
RSG_RELX,0.28664445865244137
RSG_RELX,0.07103078929149233
RSG_RELX,0.07955764637770824
RSG_RELX,0.09087563811069965
RSG_RELX,0.07046896286009847
RSG_RELX,0.07108963023540915
RSG_RELX,0.09939493321615633
RSG_RELX,0.09526804153770241
RSG_RELX,0.06366575175893
RSG_RELX,0.05492719771068779
RSG_RELX,0.04317720162986709
RSG_RELX,0.07068979540700306
RSG_RELX,0.07966400915562527
RSG_RELX,0.11198463439423689
RSG_RELX,0.12007739296169828
RSG_RELX,0.10478276194059954
RSG_RELX,0.10894951710472828
RSG_RELX,0.04551567086105783
RSG_RELX,0.029583179890606066
RSG_RELX,0.026170622016617417
RSG_RELX,0.029515950759970357
RSG_RELX,0.02473054886870638
RSG_RELX,0.026767175969471126
RSG_RELX,0.015037606087172854
RSG_RELX,0.010064005133589871
RSG_RELX,0.011810232661050746
RSG_RELX,0.016316645264684904
RSG_RELX,0.020009080333639608
RSG_RELX,0.018127902763073557
RSG_RELX,0.01527480940096555
RSG_RELX,0.016283425313216266
RSG_RELX,0.019567492470592415
RSG_RELX,0.016765571994827252
RSG_RELX,0.02804055827732942
RSG_RELX,0.02583343573051893
RSG_RELX,0.0426210242541787
RSG_RELX,0.02817890159355172
RSG_RELX,0.03245849094884389
RSG_RELX,0.026864487500755454
RSG_RELX,0.012789607634963774
RSG_RELX,0.010553541617737333
RSG_RELX,0.004437951827481864
RSG_RELX,0.003425340572729813
RSG_RELX,0.0028219881642877896
RSG_RELX,0.003594516567606704
RSG_RELX,0.005340149081315854
RSG_RELX,0.005576005171840499
RSG_RELX,0.0077819458295776914
RSG_RELX,0.01480970749076914
RSG_RELX,0.009600619477818392
RSG_RELX,0.0017908564327886378
RSG_RELX,0.0013710663791866942
RSG_RELX,0.0011927448532685202
RSG_RELX,0.0009573293019490797
RSG_RELX,0.0010251803009265047
RSG_RELX,0.002481791180828753
RSG_RELX,0.00518380368128426
RSG_RELX,0.004862931861305063
RSG_RELX,0.018709999161024348
RSG_RELX,0.01163896004908091
RSG_RELX,0.024933606139627296
RSG_RELX,0.11726955155854102
RSG_RELX,0.6018250151663286
RSG_RELX,0.7268195584403367
RSG_RELX,0.4014886752681039
RSG_RELX,0.2956620807541115
RSG_RELX,0.1625749486797789
RSG_RELX,0.11618597864575769
RSG_RELX,0.12089920253641973
RSG_RELX,0.1100027145167472
RSG_RELX,0.10653298427381641
RSG_RELX,0.13814281660993655
RSG_RELX,0.1682856834426698
TRI_RELX,0.8681706936104975
TRI_RELX,0.8868982936541852
TRI_RELX,0.9262581887642793
TRI_RELX,0.9496663476265391
TRI_RELX,0.8959143758579505
TRI_RELX,0.849895549112635
TRI_RELX,0.7847210227046755
TRI_RELX,0.6410995626944245
TRI_RELX,0.6050453789799861
TRI_RELX,0.651511929239994
TRI_RELX,0.5909213101437572
TRI_RELX,0.6680490626482392
TRI_RELX,0.7190223292036185
TRI_RELX,0.6976732428523233
TRI_RELX,0.7429622682943992
TRI_RELX,0.6525260681403926
TRI_RELX,0.7118392226774302
TRI_RELX,0.7401677723795449
TRI_RELX,0.5869511652531517
TRI_RELX,0.5525832813780088
TRI_RELX,0.09596802579280916
TRI_RELX,0.09183214743843132
TRI_RELX,0.048316399733343146
TRI_RELX,0.03242719149375499
TRI_RELX,0.019656617916056857
TRI_RELX,0.024469415445319193
TRI_RELX,0.010849172182301196
TRI_RELX,0.008466303884970036
TRI_RELX,0.005708498668374286
TRI_RELX,0.00638271079565623
TRI_RELX,0.008376921608248461
TRI_RELX,0.009085007931273346
TRI_RELX,0.008347375425799006
TRI_RELX,0.0072702432284227625
TRI_RELX,0.008427906521856047
TRI_RELX,0.00707416413519746
TRI_RELX,0.019649968386955943
TRI_RELX,0.016398745958065522
TRI_RELX,0.030644679307358806
TRI_RELX,0.028789300415089997
TRI_RELX,0.02939050693885417
TRI_RELX,0.05144747390518108
TRI_RELX,0.03238576031871379
TRI_RELX,0.050273952778748646
TRI_RELX,0.0614427399977003
TRI_RELX,0.04012707440739081
TRI_RELX,0.032836085509823955
TRI_RELX,0.045490719444036744
TRI_RELX,0.1161269805931952
TRI_RELX,0.10372940030596495
TRI_RELX,0.17029038872362895
TRI_RELX,0.29896228316753204
TRI_RELX,0.3254866534026709
TRI_RELX,0.09317613513611422
TRI_RELX,0.13057083081484588
TRI_RELX,0.14264607165645854
TRI_RELX,0.1382793291160847
TRI_RELX,0.05682514023311723
TRI_RELX,0.1067954276737989
TRI_RELX,0.03451189537941097
TRI_RELX,0.018542946475277988
TRI_RELX,0.02137551138025599
TRI_RELX,0.016863329057671534
TRI_RELX,0.010495554610991421
TRI_RELX,0.0291687034595738
TRI_RELX,0.058395422326374236
TRI_RELX,0.11543504355384143
TRI_RELX,0.058452041887930094
TRI_RELX,0.0626392068332162
TRI_RELX,0.04456996912362331
TRI_RELX,0.05806169932668961
TRI_RELX,0.05347339648691671
TRI_RELX,0.05033543208168847
TRI_RELX,0.05553364584213855
TRI_RELX,0.044561273791736154
TRI_RELX,0.03876071291721365
WM_RELX,0.4147413290858627
WM_RELX,0.3910410322512491
WM_RELX,0.3752745275003672
WM_RELX,0.3860078371284195
WM_RELX,0.08318133082955143
WM_RELX,0.08135772979799916
WM_RELX,0.095114208696996
WM_RELX,0.08046507881269771
WM_RELX,0.07062233408711796
WM_RELX,0.09559431388433148
WM_RELX,0.09006124667621795
WM_RELX,0.07777493421542951
WM_RELX,0.06754138635061518
WM_RELX,0.058410771411005785
WM_RELX,0.06774893761922694
WM_RELX,0.06639038272282137
WM_RELX,0.07313606772353802
WM_RELX,0.07493860495379161
WM_RELX,0.05286358309161274
WM_RELX,0.03446796531271818
WM_RELX,0.01331213136200898
WM_RELX,0.011404166148876111
WM_RELX,0.010799738634444962
WM_RELX,0.01932528043326246
WM_RELX,0.015897148440979086
WM_RELX,0.027473050013674297
WM_RELX,0.018062649243392147
WM_RELX,0.009026263548330618
WM_RELX,0.011711316599162695
WM_RELX,0.014703276305660429
WM_RELX,0.017369882521314904
WM_RELX,0.013756209534669663
WM_RELX,0.011750124811855984
WM_RELX,0.011143219567430225
WM_RELX,0.01410685194189856
WM_RELX,0.01175719852667287
WM_RELX,0.01679210419398113
WM_RELX,0.016339852963319187
WM_RELX,0.031313521139398476
WM_RELX,0.019439450914937217
WM_RELX,0.02211367867357349
WM_RELX,0.018068820482081086
WM_RELX,0.008775930744636822
WM_RELX,0.008809725985934179
WM_RELX,0.005768141277575987
WM_RELX,0.004567855073231534
WM_RELX,0.002860291310378891
WM_RELX,0.0038753433005379073
WM_RELX,0.008370919109307864
WM_RELX,0.006037437159323924
WM_RELX,0.01209197147251007
WM_RELX,0.030499084119842045
WM_RELX,0.018897179963702968
WM_RELX,0.003275977947569914
WM_RELX,0.002699245078324915
WM_RELX,0.0022526865856566307
WM_RELX,0.0012288448927396934
WM_RELX,0.0007781498311233618
WM_RELX,0.0005745344081412488
WM_RELX,0.0006568919162867347
WM_RELX,0.00015205593512991082
WM_RELX,0.0009918592477292456
WM_RELX,0.0006824934136334388
WM_RELX,0.0013210437608617521
WM_RELX,0.015571292303581669
WM_RELX,0.17251709148858924
WM_RELX,0.3753602212176685
WM_RELX,0.18297834538806912
WM_RELX,0.19762566090301592
WM_RELX,0.08552214484630927
WM_RELX,0.06937770785194823
WM_RELX,0.07972611447948286
WM_RELX,0.07426749458458745
WM_RELX,0.06930996237114956
WM_RELX,0.07229596258498623
WM_RELX,0.07730476850076315
WCN_TRI,0.9929505163542076
WCN_TRI,0.9681297398442061
WCN_TRI,0.8834548762655332
WCN_TRI,0.8935501264938905
WCN_TRI,0.9806886316571001
WCN_TRI,0.9482460702495891
WCN_TRI,0.8483694570371282
WCN_TRI,0.7230931281333437
WCN_TRI,0.7149028217040378
WCN_TRI,0.6747388562262954
WCN_TRI,0.6165510864902105
WCN_TRI,0.6361400107860709
WCN_TRI,0.6217900312722197
WCN_TRI,0.5817765450215499
WCN_TRI,0.5359064813187908
WCN_TRI,0.4484172876186052
WCN_TRI,0.4654411882521256
WCN_TRI,0.439057247505542
WCN_TRI,0.3688617132100209
WCN_TRI,0.31466864535142336
WCN_TRI,0.19268401653446388
WCN_TRI,0.20375298941745384
WCN_TRI,0.15506126613236726
WCN_TRI,0.10838002074637099
WCN_TRI,0.0781062971543901
WCN_TRI,0.2748448414628266
WCN_TRI,0.1293920253919354
WCN_TRI,0.14273551983314126
WCN_TRI,0.11775885152923793
WCN_TRI,0.08962679488614772
WCN_TRI,0.058396618150564086
WCN_TRI,0.07205874541682289
WCN_TRI,0.08959699843002283
WCN_TRI,0.04575241623818744
WCN_TRI,0.048348887117380966
WCN_TRI,0.025840869034577885
WCN_TRI,0.021294902275772763
WCN_TRI,0.012661166335863255
WCN_TRI,0.014736214449481502
WCN_TRI,0.019961475705519465
WCN_TRI,0.017540535235464873
WCN_TRI,0.011358012976203084
WCN_TRI,0.01231923314169932
WCN_TRI,0.013951732670386907
WCN_TRI,0.010029225839752689
WCN_TRI,0.010430047389999407
WCN_TRI,0.009937434868377266
WCN_TRI,0.007933005679758154
WCN_TRI,0.009113516809931593
WCN_TRI,0.0053910735550282435
WCN_TRI,0.008380071416220615
WCN_TRI,0.008277089625848486
WCN_TRI,0.015225550643747294
WCN_TRI,0.05327169012985857
WCN_TRI,0.07620199803592254
WCN_TRI,0.1055682187649955
WCN_TRI,0.42766622036519897
WCN_TRI,0.06223589838982027
WCN_TRI,0.07855993547578569
WCN_TRI,0.05945979473825114
WCN_TRI,0.03232977408305473
WCN_TRI,0.026253466655103475
WCN_TRI,0.02229594418578332
WCN_TRI,0.026994674945812782
WCN_TRI,0.03135207876323068
WCN_TRI,0.06288010969849409
WCN_TRI,0.10919677137808437
WCN_TRI,0.1482067903956033
WCN_TRI,0.0644289153959769
WCN_TRI,0.055886069999574045
WCN_TRI,0.06298199349496555
WCN_TRI,0.07588779517691656
WCN_TRI,0.06398294843181199
WCN_TRI,0.055715280094106846
WCN_TRI,0.065507277194686
WCN_TRI,0.07450887816810162
