DISH_AMC,2016-04-07_2020-03-26,1.3191109
DISH_AMC,2016-04-21_2020-04-09,1.3533764
DISH_AMC,2016-05-05_2020-04-24,1.3741131
DISH_AMC,2016-05-19_2020-05-08,1.400877
DISH_AMC,2016-06-03_2020-05-22,1.4166069
DISH_AMC,2016-06-17_2020-06-08,1.4066792
DISH_AMC,2016-07-01_2020-06-22,1.3971643
DISH_AMC,2016-07-18_2020-07-07,1.3885374
DISH_AMC,2016-08-01_2020-07-21,1.3847466
DISH_AMC,2016-08-15_2020-08-04,1.3783121
DISH_AMC,2016-08-29_2020-08-18,1.3773632
DISH_AMC,2016-09-13_2020-09-01,1.3836603
DISH_AMC,2016-09-27_2020-09-16,1.393611
DISH_AMC,2016-10-11_2020-09-30,1.400526
DISH_AMC,2016-10-25_2020-10-14,1.402998
DISH_AMC,2016-11-08_2020-10-28,1.4045258
DISH_AMC,2016-11-22_2020-11-11,1.4208612
DISH_AMC,2016-12-07_2020-11-25,1.4210844
DISH_AMC,2016-12-21_2020-12-10,1.4036751
DISH_AMC,2017-01-06_2020-12-24,1.3989887
DISH_AMC,2017-01-23_2021-01-11,1.3763514
DISH_AMC,2017-02-06_2021-01-26,1.3606596
DISH_AMC,2017-02-21_2021-02-09,1.334301
DISH_AMC,2017-03-07_2021-02-24,1.3057842
DISH_AMC,2017-03-21_2021-03-10,1.2684479
DISH_AMC,2017-04-04_2021-03-24,1.22575
DISH_AMC,2017-04-19_2021-04-08,1.1790352
DISH_AMC,2017-05-03_2021-04-22,1.1231613
DISH_AMC,2017-05-17_2021-05-06,1.0577068
DISH_AMC,2017-06-01_2021-05-20,0.9816189
DISH_AMC,2017-06-15_2021-06-04,0.70061016
DISH_AMC,2017-06-29_2021-06-18,0.3905592
DISH_AMC,2017-07-14_2021-07-02,0.27385187
DISH_AMC,2017-07-28_2021-07-19,0.23723507
DISH_AMC,2017-08-11_2021-08-02,0.22813416
DISH_AMC,2017-08-25_2021-08-16,0.23551083
DISH_AMC,2017-09-11_2021-08-30,0.24007511
DISH_AMC,2017-09-25_2021-09-14,0.23964882
DISH_AMC,2017-10-09_2021-09-28,0.24060535
DISH_AMC,2017-10-23_2021-10-12,0.24876595
DISH_AMC,2017-11-06_2021-10-26,0.25391722
DISH_AMC,2017-11-20_2021-11-09,0.25445533
DISH_AMC,2017-12-05_2021-11-23,0.24323463
DISH_AMC,2017-12-19_2021-12-08,0.2349596
DISH_AMC,2018-01-04_2021-12-22,0.23147416
DISH_AMC,2018-01-19_2022-01-06,0.23010182
DISH_AMC,2018-02-02_2022-01-21,0.23288798
DISH_AMC,2018-02-16_2022-02-04,0.23489022
DISH_AMC,2018-03-05_2022-02-18,0.23539114
DISH_AMC,2018-03-19_2022-03-07,0.23557067
DISH_AMC,2018-04-03_2022-03-21,0.23641133
DISH_AMC,2018-04-17_2022-04-04,0.23378277
DISH_AMC,2018-05-01_2022-04-19,0.23300743
DISH_AMC,2018-05-15_2022-05-03,0.23258138
DISH_AMC,2018-05-30_2022-05-17,0.23427701
DISH_AMC,2018-06-13_2022-06-01,0.23566437
DISH_AMC,2018-06-27_2022-06-15,0.23776627
DISH_AMC,2018-07-12_2022-06-30,0.23988175
DISH_AMC,2018-07-26_2022-07-15,0.24008703
DISH_AMC,2018-08-09_2022-07-29,0.23920608
DISH_AMC,2018-08-23_2022-08-12,0.23240232
DISH_AMC,2018-09-07_2022-08-26,0.23123598
DISH_AMC,2018-09-21_2022-09-12,0.23627329
DISH_AMC,2018-10-05_2022-09-26,0.24179077
DISH_AMC,2018-10-19_2022-10-10,0.24987197
DISH_AMC,2018-11-02_2022-10-24,0.2594204
DISH_AMC,2018-11-16_2022-11-07,0.26800966
DISH_AMC,2018-12-03_2022-11-21,0.27518606
DISH_AMC,2018-12-18_2022-12-06,0.28173566
DISH_AMC,2019-01-03_2022-12-20,0.28905892
DISH_AMC,2019-01-17_2023-01-05,0.29818916
DISH_AMC,2019-02-01_2023-01-20,0.30643082
DISH_AMC,2019-02-15_2023-02-03,0.31414533
DISH_AMC,2019-03-04_2023-02-17,0.3221352
DISH_AMC,2019-03-18_2023-03-06,0.32993293
DISH_AMC,2019-04-01_2023-03-20,0.3398447
GOOG_AMC,2016-04-07_2020-03-26,-1.3364353
GOOG_AMC,2016-04-21_2020-04-09,-1.2902622
GOOG_AMC,2016-05-05_2020-04-24,-1.2604618
GOOG_AMC,2016-05-19_2020-05-08,-1.2485485
GOOG_AMC,2016-06-03_2020-05-22,-1.2452793
GOOG_AMC,2016-06-17_2020-06-08,-1.247406
GOOG_AMC,2016-07-01_2020-06-22,-1.2468967
GOOG_AMC,2016-07-18_2020-07-07,-1.245779
GOOG_AMC,2016-08-01_2020-07-21,-1.2576141
GOOG_AMC,2016-08-15_2020-08-04,-1.2686977
GOOG_AMC,2016-08-29_2020-08-18,-1.2789536
GOOG_AMC,2016-09-13_2020-09-01,-1.2996006
GOOG_AMC,2016-09-27_2020-09-16,-1.3163834
GOOG_AMC,2016-10-11_2020-09-30,-1.3231392
GOOG_AMC,2016-10-25_2020-10-14,-1.3356552
GOOG_AMC,2016-11-08_2020-10-28,-1.3529453
GOOG_AMC,2016-11-22_2020-11-11,-1.3917217
GOOG_AMC,2016-12-07_2020-11-25,-1.4366302
GOOG_AMC,2016-12-21_2020-12-10,-1.4855461
GOOG_AMC,2017-01-06_2020-12-24,-1.5417767
GOOG_AMC,2017-01-23_2021-01-11,-1.6030579
GOOG_AMC,2017-02-06_2021-01-26,-1.6765461
GOOG_AMC,2017-02-21_2021-02-09,-1.7049599
GOOG_AMC,2017-03-07_2021-02-24,-1.7798996
GOOG_AMC,2017-03-21_2021-03-10,-1.8262119
GOOG_AMC,2017-04-04_2021-03-24,-1.8198032
GOOG_AMC,2017-04-19_2021-04-08,-1.848835
GOOG_AMC,2017-05-03_2021-04-22,-1.9098835
GOOG_AMC,2017-05-17_2021-05-06,-1.9468689
GOOG_AMC,2017-06-01_2021-05-20,-1.8977547
GOOG_AMC,2017-06-15_2021-06-04,-0.90252686
GOOG_AMC,2017-06-29_2021-06-18,0.11758804
GOOG_AMC,2017-07-14_2021-07-02,0.52845764
GOOG_AMC,2017-07-28_2021-07-19,0.7345829
GOOG_AMC,2017-08-11_2021-08-02,0.9001837
GOOG_AMC,2017-08-25_2021-08-16,1.02005
GOOG_AMC,2017-09-11_2021-08-30,1.1430483
GOOG_AMC,2017-09-25_2021-09-14,1.2542858
GOOG_AMC,2017-10-09_2021-09-28,1.3374834
GOOG_AMC,2017-10-23_2021-10-12,1.397851
GOOG_AMC,2017-11-06_2021-10-26,1.4577503
GOOG_AMC,2017-11-20_2021-11-09,1.519999
GOOG_AMC,2017-12-05_2021-11-23,1.5777025
GOOG_AMC,2017-12-19_2021-12-08,1.6238542
GOOG_AMC,2018-01-04_2021-12-22,1.6622572
GOOG_AMC,2018-01-19_2022-01-06,1.6967311
GOOG_AMC,2018-02-02_2022-01-21,1.7126217
GOOG_AMC,2018-02-16_2022-02-04,1.7120323
GOOG_AMC,2018-03-05_2022-02-18,1.7202721
GOOG_AMC,2018-03-19_2022-03-07,1.7257519
GOOG_AMC,2018-04-03_2022-03-21,1.7218885
GOOG_AMC,2018-04-17_2022-04-04,1.7436714
GOOG_AMC,2018-05-01_2022-04-19,1.7539806
GOOG_AMC,2018-05-15_2022-05-03,1.754447
GOOG_AMC,2018-05-30_2022-05-17,1.745821
GOOG_AMC,2018-06-13_2022-06-01,1.7369967
GOOG_AMC,2018-06-27_2022-06-15,1.7300501
GOOG_AMC,2018-07-12_2022-06-30,1.7243938
GOOG_AMC,2018-07-26_2022-07-15,1.7215147
GOOG_AMC,2018-08-09_2022-07-29,1.7208176
GOOG_AMC,2018-08-23_2022-08-12,1.7281742
GOOG_AMC,2018-09-07_2022-08-26,1.7286882
GOOG_AMC,2018-09-21_2022-09-12,1.7221766
GOOG_AMC,2018-10-05_2022-09-26,1.7223854
GOOG_AMC,2018-10-19_2022-10-10,1.7197094
GOOG_AMC,2018-11-02_2022-10-24,1.7150278
GOOG_AMC,2018-11-16_2022-11-07,1.7104445
GOOG_AMC,2018-12-03_2022-11-21,1.6984262
GOOG_AMC,2018-12-18_2022-12-06,1.6882982
GOOG_AMC,2019-01-03_2022-12-20,1.6741858
GOOG_AMC,2019-01-17_2023-01-05,1.6635408
GOOG_AMC,2019-02-01_2023-01-20,1.653142
GOOG_AMC,2019-02-15_2023-02-03,1.6387215
GOOG_AMC,2019-03-04_2023-02-17,1.6268654
GOOG_AMC,2019-03-18_2023-03-06,1.6227341
GOOG_AMC,2019-04-01_2023-03-20,1.6148996
GOOGL_AMC,2016-04-07_2020-03-26,-1.2803478
GOOGL_AMC,2016-04-21_2020-04-09,-1.2344837
GOOGL_AMC,2016-05-05_2020-04-24,-1.2043133
GOOGL_AMC,2016-05-19_2020-05-08,-1.1918716
GOOGL_AMC,2016-06-03_2020-05-22,-1.1884346
GOOGL_AMC,2016-06-17_2020-06-08,-1.190588
GOOGL_AMC,2016-07-01_2020-06-22,-1.1895351
GOOGL_AMC,2016-07-18_2020-07-07,-1.1882744
GOOGL_AMC,2016-08-01_2020-07-21,-1.2001934
GOOGL_AMC,2016-08-15_2020-08-04,-1.2124081
GOOGL_AMC,2016-08-29_2020-08-18,-1.2233181
GOOGL_AMC,2016-09-13_2020-09-01,-1.244175
GOOGL_AMC,2016-09-27_2020-09-16,-1.2611847
GOOGL_AMC,2016-10-11_2020-09-30,-1.2683029
GOOGL_AMC,2016-10-25_2020-10-14,-1.2813301
GOOGL_AMC,2016-11-08_2020-10-28,-1.2984009
GOOGL_AMC,2016-11-22_2020-11-11,-1.3360233
GOOGL_AMC,2016-12-07_2020-11-25,-1.379282
GOOGL_AMC,2016-12-21_2020-12-10,-1.427288
GOOGL_AMC,2017-01-06_2020-12-24,-1.4821129
GOOGL_AMC,2017-01-23_2021-01-11,-1.5427628
GOOGL_AMC,2017-02-06_2021-01-26,-1.6152248
GOOGL_AMC,2017-02-21_2021-02-09,-1.6431637
GOOGL_AMC,2017-03-07_2021-02-24,-1.7168655
GOOGL_AMC,2017-03-21_2021-03-10,-1.7620811
GOOGL_AMC,2017-04-04_2021-03-24,-1.7554989
GOOGL_AMC,2017-04-19_2021-04-08,-1.7829514
GOOGL_AMC,2017-05-03_2021-04-22,-1.8421307
GOOGL_AMC,2017-05-17_2021-05-06,-1.8797073
GOOGL_AMC,2017-06-01_2021-05-20,-1.8340225
GOOGL_AMC,2017-06-15_2021-06-04,-0.8805599
GOOGL_AMC,2017-06-29_2021-06-18,0.083436966
GOOGL_AMC,2017-07-14_2021-07-02,0.47401428
GOOGL_AMC,2017-07-28_2021-07-19,0.6698122
GOOGL_AMC,2017-08-11_2021-08-02,0.82989216
GOOGL_AMC,2017-08-25_2021-08-16,0.95140743
GOOGL_AMC,2017-09-11_2021-08-30,1.0777397
GOOGL_AMC,2017-09-25_2021-09-14,1.1936035
GOOGL_AMC,2017-10-09_2021-09-28,1.2801895
GOOGL_AMC,2017-10-23_2021-10-12,1.3438377
GOOGL_AMC,2017-11-06_2021-10-26,1.4059644
GOOGL_AMC,2017-11-20_2021-11-09,1.470756
GOOGL_AMC,2017-12-05_2021-11-23,1.5296917
GOOGL_AMC,2017-12-19_2021-12-08,1.5766072
GOOGL_AMC,2018-01-04_2021-12-22,1.6151748
GOOGL_AMC,2018-01-19_2022-01-06,1.6504788
GOOGL_AMC,2018-02-02_2022-01-21,1.6666603
GOOGL_AMC,2018-02-16_2022-02-04,1.6661701
GOOGL_AMC,2018-03-05_2022-02-18,1.6745806
GOOGL_AMC,2018-03-19_2022-03-07,1.68015
GOOGL_AMC,2018-04-03_2022-03-21,1.6763325
GOOGL_AMC,2018-04-17_2022-04-04,1.698286
GOOGL_AMC,2018-05-01_2022-04-19,1.7085714
GOOGL_AMC,2018-05-15_2022-05-03,1.709074
GOOGL_AMC,2018-05-30_2022-05-17,1.7005358
GOOGL_AMC,2018-06-13_2022-06-01,1.6918554
GOOGL_AMC,2018-06-27_2022-06-15,1.6849899
GOOGL_AMC,2018-07-12_2022-06-30,1.6794443
GOOGL_AMC,2018-07-26_2022-07-15,1.6766386
GOOGL_AMC,2018-08-09_2022-07-29,1.6759834
GOOGL_AMC,2018-08-23_2022-08-12,1.6832495
GOOGL_AMC,2018-09-07_2022-08-26,1.6838026
GOOGL_AMC,2018-09-21_2022-09-12,1.6775017
GOOGL_AMC,2018-10-05_2022-09-26,1.6777134
GOOGL_AMC,2018-10-19_2022-10-10,1.6751776
GOOGL_AMC,2018-11-02_2022-10-24,1.6706343
GOOGL_AMC,2018-11-16_2022-11-07,1.6660366
GOOGL_AMC,2018-12-03_2022-11-21,1.6541662
GOOGL_AMC,2018-12-18_2022-12-06,1.6441793
GOOGL_AMC,2019-01-03_2022-12-20,1.6303921
GOOGL_AMC,2019-01-17_2023-01-05,1.6201715
GOOGL_AMC,2019-02-01_2023-01-20,1.6102962
GOOGL_AMC,2019-02-15_2023-02-03,1.596549
GOOGL_AMC,2019-03-04_2023-02-17,1.5848856
GOOGL_AMC,2019-03-18_2023-03-06,1.5807972
GOOGL_AMC,2019-04-01_2023-03-20,1.5731783
IPG_AMC,2016-04-07_2020-03-26,0.011998177
IPG_AMC,2016-04-21_2020-04-09,0.029082298
IPG_AMC,2016-05-05_2020-04-24,0.045855522
IPG_AMC,2016-05-19_2020-05-08,0.055740356
IPG_AMC,2016-06-03_2020-05-22,0.06550884
IPG_AMC,2016-06-17_2020-06-08,0.0691905
IPG_AMC,2016-07-01_2020-06-22,0.07381439
IPG_AMC,2016-07-18_2020-07-07,0.0803442
IPG_AMC,2016-08-01_2020-07-21,0.08642435
IPG_AMC,2016-08-15_2020-08-04,0.09065819
IPG_AMC,2016-08-29_2020-08-18,0.09421873
IPG_AMC,2016-09-13_2020-09-01,0.09948969
IPG_AMC,2016-09-27_2020-09-16,0.10662699
IPG_AMC,2016-10-11_2020-09-30,0.11610842
IPG_AMC,2016-10-25_2020-10-14,0.123432636
IPG_AMC,2016-11-08_2020-10-28,0.13009787
IPG_AMC,2016-11-22_2020-11-11,0.13537645
IPG_AMC,2016-12-07_2020-11-25,0.13232327
IPG_AMC,2016-12-21_2020-12-10,0.12601471
IPG_AMC,2017-01-06_2020-12-24,0.120073795
IPG_AMC,2017-01-23_2021-01-11,0.11242342
IPG_AMC,2017-02-06_2021-01-26,0.10422897
IPG_AMC,2017-02-21_2021-02-09,0.10398674
IPG_AMC,2017-03-07_2021-02-24,0.09637451
IPG_AMC,2017-03-21_2021-03-10,0.09258509
IPG_AMC,2017-04-04_2021-03-24,0.1004591
IPG_AMC,2017-04-19_2021-04-08,0.10171032
IPG_AMC,2017-05-03_2021-04-22,0.10164261
IPG_AMC,2017-05-17_2021-05-06,0.1042614
IPG_AMC,2017-06-01_2021-05-20,0.1156435
IPG_AMC,2017-06-15_2021-06-04,0.18957376
IPG_AMC,2017-06-29_2021-06-18,0.23031712
IPG_AMC,2017-07-14_2021-07-02,0.2377932
IPG_AMC,2017-07-28_2021-07-19,0.2541337
IPG_AMC,2017-08-11_2021-08-02,0.27641058
IPG_AMC,2017-08-25_2021-08-16,0.29923582
IPG_AMC,2017-09-11_2021-08-30,0.31836724
IPG_AMC,2017-09-25_2021-09-14,0.33179379
IPG_AMC,2017-10-09_2021-09-28,0.3464048
IPG_AMC,2017-10-23_2021-10-12,0.35979676
IPG_AMC,2017-11-06_2021-10-26,0.37080073
IPG_AMC,2017-11-20_2021-11-09,0.37739444
IPG_AMC,2017-12-05_2021-11-23,0.38167953
IPG_AMC,2017-12-19_2021-12-08,0.3867886
IPG_AMC,2018-01-04_2021-12-22,0.39390707
IPG_AMC,2018-01-19_2022-01-06,0.40134883
IPG_AMC,2018-02-02_2022-01-21,0.40546703
IPG_AMC,2018-02-16_2022-02-04,0.4058416
IPG_AMC,2018-03-05_2022-02-18,0.4083879
IPG_AMC,2018-03-19_2022-03-07,0.4102111
IPG_AMC,2018-04-03_2022-03-21,0.4100423
IPG_AMC,2018-04-17_2022-04-04,0.4146862
IPG_AMC,2018-05-01_2022-04-19,0.4170394
IPG_AMC,2018-05-15_2022-05-03,0.4177072
IPG_AMC,2018-05-30_2022-05-17,0.4160025
IPG_AMC,2018-06-13_2022-06-01,0.41424608
IPG_AMC,2018-06-27_2022-06-15,0.41292953
IPG_AMC,2018-07-12_2022-06-30,0.4121282
IPG_AMC,2018-07-26_2022-07-15,0.4116602
IPG_AMC,2018-08-09_2022-07-29,0.4115646
IPG_AMC,2018-08-23_2022-08-12,0.4125545
IPG_AMC,2018-09-07_2022-08-26,0.41238356
IPG_AMC,2018-09-21_2022-09-12,0.41078806
IPG_AMC,2018-10-05_2022-09-26,0.41011477
IPG_AMC,2018-10-19_2022-10-10,0.4087534
IPG_AMC,2018-11-02_2022-10-24,0.4058311
IPG_AMC,2018-11-16_2022-11-07,0.4014821
IPG_AMC,2018-12-03_2022-11-21,0.39589882
IPG_AMC,2018-12-18_2022-12-06,0.39020514
IPG_AMC,2019-01-03_2022-12-20,0.38274908
IPG_AMC,2019-01-17_2023-01-05,0.37401056
IPG_AMC,2019-02-01_2023-01-20,0.36513114
IPG_AMC,2019-02-15_2023-02-03,0.35650253
IPG_AMC,2019-03-04_2023-02-17,0.34758353
IPG_AMC,2019-03-18_2023-03-06,0.34124804
IPG_AMC,2019-04-01_2023-03-20,0.33472228
SJR_AMC,2016-04-07_2020-03-26,-0.08594227
SJR_AMC,2016-04-21_2020-04-09,-0.07028341
SJR_AMC,2016-05-05_2020-04-24,-0.056224346
SJR_AMC,2016-05-19_2020-05-08,-0.04455757
SJR_AMC,2016-06-03_2020-05-22,-0.033712864
SJR_AMC,2016-06-17_2020-06-08,-0.02712202
SJR_AMC,2016-07-01_2020-06-22,-0.020448685
SJR_AMC,2016-07-18_2020-07-07,-0.011394024
SJR_AMC,2016-08-01_2020-07-21,-0.0054774284
SJR_AMC,2016-08-15_2020-08-04,-0.0018248558
SJR_AMC,2016-08-29_2020-08-18,2.670288e-05
SJR_AMC,2016-09-13_2020-09-01,0.0021438599
SJR_AMC,2016-09-27_2020-09-16,0.0057606697
SJR_AMC,2016-10-11_2020-09-30,0.009531021
SJR_AMC,2016-10-25_2020-10-14,0.014302254
SJR_AMC,2016-11-08_2020-10-28,0.021226406
SJR_AMC,2016-11-22_2020-11-11,0.031092644
SJR_AMC,2016-12-07_2020-11-25,0.039809704
SJR_AMC,2016-12-21_2020-12-10,0.045398712
SJR_AMC,2017-01-06_2020-12-24,0.05342388
SJR_AMC,2017-01-23_2021-01-11,0.058493614
SJR_AMC,2017-02-06_2021-01-26,0.06264448
SJR_AMC,2017-02-21_2021-02-09,0.065757275
SJR_AMC,2017-03-07_2021-02-24,0.07047939
SJR_AMC,2017-03-21_2021-03-10,0.077395916
SJR_AMC,2017-04-04_2021-03-24,0.09133625
SJR_AMC,2017-04-19_2021-04-08,0.09875488
SJR_AMC,2017-05-03_2021-04-22,0.103954315
SJR_AMC,2017-05-17_2021-05-06,0.11169529
SJR_AMC,2017-06-01_2021-05-20,0.12649536
SJR_AMC,2017-06-15_2021-06-04,0.18398237
SJR_AMC,2017-06-29_2021-06-18,0.20829248
SJR_AMC,2017-07-14_2021-07-02,0.21213174
SJR_AMC,2017-07-28_2021-07-19,0.22521138
SJR_AMC,2017-08-11_2021-08-02,0.23742127
SJR_AMC,2017-08-25_2021-08-16,0.24900103
SJR_AMC,2017-09-11_2021-08-30,0.2573099
SJR_AMC,2017-09-25_2021-09-14,0.25933766
SJR_AMC,2017-10-09_2021-09-28,0.2636969
SJR_AMC,2017-10-23_2021-10-12,0.27061915
SJR_AMC,2017-11-06_2021-10-26,0.27541697
SJR_AMC,2017-11-20_2021-11-09,0.279696
SJR_AMC,2017-12-05_2021-11-23,0.28348267
SJR_AMC,2017-12-19_2021-12-08,0.28859258
SJR_AMC,2018-01-04_2021-12-22,0.29354918
SJR_AMC,2018-01-19_2022-01-06,0.29896033
SJR_AMC,2018-02-02_2022-01-21,0.30238247
SJR_AMC,2018-02-16_2022-02-04,0.30287707
SJR_AMC,2018-03-05_2022-02-18,0.30452466
SJR_AMC,2018-03-19_2022-03-07,0.30572462
SJR_AMC,2018-04-03_2022-03-21,0.3054185
SJR_AMC,2018-04-17_2022-04-04,0.3095827
SJR_AMC,2018-05-01_2022-04-19,0.31199455
SJR_AMC,2018-05-15_2022-05-03,0.3125708
SJR_AMC,2018-05-30_2022-05-17,0.31125116
SJR_AMC,2018-06-13_2022-06-01,0.30962133
SJR_AMC,2018-06-27_2022-06-15,0.30830193
SJR_AMC,2018-07-12_2022-06-30,0.30704403
SJR_AMC,2018-07-26_2022-07-15,0.3065498
SJR_AMC,2018-08-09_2022-07-29,0.30660605
SJR_AMC,2018-08-23_2022-08-12,0.3081007
SJR_AMC,2018-09-07_2022-08-26,0.30795407
SJR_AMC,2018-09-21_2022-09-12,0.30610466
SJR_AMC,2018-10-05_2022-09-26,0.30504274
SJR_AMC,2018-10-19_2022-10-10,0.3032825
SJR_AMC,2018-11-02_2022-10-24,0.30116558
SJR_AMC,2018-11-16_2022-11-07,0.29768467
SJR_AMC,2018-12-03_2022-11-21,0.29329205
SJR_AMC,2018-12-18_2022-12-06,0.28950596
SJR_AMC,2019-01-03_2022-12-20,0.28430796
SJR_AMC,2019-01-17_2023-01-05,0.27849698
SJR_AMC,2019-02-01_2023-01-20,0.27254903
SJR_AMC,2019-02-15_2023-02-03,0.26668656
SJR_AMC,2019-03-04_2023-02-17,0.26103294
SJR_AMC,2019-03-18_2023-03-06,0.25678217
SJR_AMC,2019-04-01_2023-03-20,0.2519753
PARA_BIDU,2016-04-07_2020-03-26,0.09082389
PARA_BIDU,2016-04-21_2020-04-09,0.100102186
PARA_BIDU,2016-05-05_2020-04-24,0.10801697
PARA_BIDU,2016-05-19_2020-05-08,0.115345
PARA_BIDU,2016-06-03_2020-05-22,0.12133551
PARA_BIDU,2016-06-17_2020-06-08,0.12574053
PARA_BIDU,2016-07-01_2020-06-22,0.12937188
PARA_BIDU,2016-07-18_2020-07-07,0.1330092
PARA_BIDU,2016-08-01_2020-07-21,0.13617682
PARA_BIDU,2016-08-15_2020-08-04,0.13903928
PARA_BIDU,2016-08-29_2020-08-18,0.14137006
PARA_BIDU,2016-09-13_2020-09-01,0.14343095
PARA_BIDU,2016-09-27_2020-09-16,0.14521599
PARA_BIDU,2016-10-11_2020-09-30,0.1467123
PARA_BIDU,2016-10-25_2020-10-14,0.14831781
PARA_BIDU,2016-11-08_2020-10-28,0.1498785
PARA_BIDU,2016-11-22_2020-11-11,0.15133286
PARA_BIDU,2016-12-07_2020-11-25,0.15242028
PARA_BIDU,2016-12-21_2020-12-10,0.15306425
PARA_BIDU,2017-01-06_2020-12-24,0.15282774
PARA_BIDU,2017-01-23_2021-01-11,0.15090632
PARA_BIDU,2017-02-06_2021-01-26,0.14811134
PARA_BIDU,2017-02-21_2021-02-09,0.14639354
PARA_BIDU,2017-03-07_2021-02-24,0.14409757
PARA_BIDU,2017-03-21_2021-03-10,0.14735222
PARA_BIDU,2017-04-04_2021-03-24,0.15604544
PARA_BIDU,2017-04-19_2021-04-08,0.15572333
PARA_BIDU,2017-05-03_2021-04-22,0.15458274
PARA_BIDU,2017-05-17_2021-05-06,0.15376472
PARA_BIDU,2017-06-01_2021-05-20,0.15331125
PARA_BIDU,2017-06-15_2021-06-04,0.15297389
PARA_BIDU,2017-06-29_2021-06-18,0.15296054
PARA_BIDU,2017-07-14_2021-07-02,0.15269232
PARA_BIDU,2017-07-28_2021-07-19,0.15205717
PARA_BIDU,2017-08-11_2021-08-02,0.15073061
PARA_BIDU,2017-08-25_2021-08-16,0.14936042
PARA_BIDU,2017-09-11_2021-08-30,0.1480515
PARA_BIDU,2017-09-25_2021-09-14,0.14758968
PARA_BIDU,2017-10-09_2021-09-28,0.14727211
PARA_BIDU,2017-10-23_2021-10-12,0.14798236
PARA_BIDU,2017-11-06_2021-10-26,0.14839149
PARA_BIDU,2017-11-20_2021-11-09,0.14840245
PARA_BIDU,2017-12-05_2021-11-23,0.14861178
PARA_BIDU,2017-12-19_2021-12-08,0.14855886
PARA_BIDU,2018-01-04_2021-12-22,0.14837098
PARA_BIDU,2018-01-19_2022-01-06,0.14879107
PARA_BIDU,2018-02-02_2022-01-21,0.14882731
PARA_BIDU,2018-02-16_2022-02-04,0.1489873
PARA_BIDU,2018-03-05_2022-02-18,0.14989233
PARA_BIDU,2018-03-19_2022-03-07,0.15241742
PARA_BIDU,2018-04-03_2022-03-21,0.15335655
PARA_BIDU,2018-04-17_2022-04-04,0.15365124
PARA_BIDU,2018-05-01_2022-04-19,0.15493894
PARA_BIDU,2018-05-15_2022-05-03,0.15817142
PARA_BIDU,2018-05-30_2022-05-17,0.16137981
PARA_BIDU,2018-06-13_2022-06-01,0.16511178
PARA_BIDU,2018-06-27_2022-06-15,0.16792893
PARA_BIDU,2018-07-12_2022-06-30,0.16934991
PARA_BIDU,2018-07-26_2022-07-15,0.17196655
PARA_BIDU,2018-08-09_2022-07-29,0.17444181
PARA_BIDU,2018-08-23_2022-08-12,0.17546916
PARA_BIDU,2018-09-07_2022-08-26,0.17653847
PARA_BIDU,2018-09-21_2022-09-12,0.17653632
PARA_BIDU,2018-10-05_2022-09-26,0.17723274
PARA_BIDU,2018-10-19_2022-10-10,0.17758083
PARA_BIDU,2018-11-02_2022-10-24,0.17773104
PARA_BIDU,2018-11-16_2022-11-07,0.17738795
PARA_BIDU,2018-12-03_2022-11-21,0.17778802
PARA_BIDU,2018-12-18_2022-12-06,0.17849278
PARA_BIDU,2019-01-03_2022-12-20,0.17994022
PARA_BIDU,2019-01-17_2023-01-05,0.18106675
PARA_BIDU,2019-02-01_2023-01-20,0.18095541
PARA_BIDU,2019-02-15_2023-02-03,0.1802907
PARA_BIDU,2019-03-04_2023-02-17,0.17901874
PARA_BIDU,2019-03-18_2023-03-06,0.178164
PARA_BIDU,2019-04-01_2023-03-20,0.1777668
WBD_BIDU,2016-04-07_2020-03-26,-0.037749052
WBD_BIDU,2016-04-21_2020-04-09,-0.034276962
WBD_BIDU,2016-05-05_2020-04-24,-0.031638145
WBD_BIDU,2016-05-19_2020-05-08,-0.029171586
WBD_BIDU,2016-06-03_2020-05-22,-0.026610255
WBD_BIDU,2016-06-17_2020-06-08,-0.025117278
WBD_BIDU,2016-07-01_2020-06-22,-0.02398765
WBD_BIDU,2016-07-18_2020-07-07,-0.022690415
WBD_BIDU,2016-08-01_2020-07-21,-0.021481156
WBD_BIDU,2016-08-15_2020-08-04,-0.020129919
WBD_BIDU,2016-08-29_2020-08-18,-0.01906395
WBD_BIDU,2016-09-13_2020-09-01,-0.0181458
WBD_BIDU,2016-09-27_2020-09-16,-0.017284513
WBD_BIDU,2016-10-11_2020-09-30,-0.016434431
WBD_BIDU,2016-10-25_2020-10-14,-0.0155797005
WBD_BIDU,2016-11-08_2020-10-28,-0.014655352
WBD_BIDU,2016-11-22_2020-11-11,-0.013970733
WBD_BIDU,2016-12-07_2020-11-25,-0.013778329
WBD_BIDU,2016-12-21_2020-12-10,-0.013899088
WBD_BIDU,2017-01-06_2020-12-24,-0.013752699
WBD_BIDU,2017-01-23_2021-01-11,-0.012801528
WBD_BIDU,2017-02-06_2021-01-26,-0.009638786
WBD_BIDU,2017-02-21_2021-02-09,-0.0050542355
WBD_BIDU,2017-03-07_2021-02-24,0.005689621
WBD_BIDU,2017-03-21_2021-03-10,0.015356898
WBD_BIDU,2017-04-04_2021-03-24,0.026841521
WBD_BIDU,2017-04-19_2021-04-08,0.028657794
WBD_BIDU,2017-05-03_2021-04-22,0.02971673
WBD_BIDU,2017-05-17_2021-05-06,0.030559301
WBD_BIDU,2017-06-01_2021-05-20,0.030797005
WBD_BIDU,2017-06-15_2021-06-04,0.030982256
WBD_BIDU,2017-06-29_2021-06-18,0.03103447
WBD_BIDU,2017-07-14_2021-07-02,0.03116846
WBD_BIDU,2017-07-28_2021-07-19,0.031262994
WBD_BIDU,2017-08-11_2021-08-02,0.031903386
WBD_BIDU,2017-08-25_2021-08-16,0.03276503
WBD_BIDU,2017-09-11_2021-08-30,0.033766627
WBD_BIDU,2017-09-25_2021-09-14,0.03539288
WBD_BIDU,2017-10-09_2021-09-28,0.03735566
WBD_BIDU,2017-10-23_2021-10-12,0.040753722
WBD_BIDU,2017-11-06_2021-10-26,0.043848038
WBD_BIDU,2017-11-20_2021-11-09,0.04697156
WBD_BIDU,2017-12-05_2021-11-23,0.050062895
WBD_BIDU,2017-12-19_2021-12-08,0.052701473
WBD_BIDU,2018-01-04_2021-12-22,0.055143118
WBD_BIDU,2018-01-19_2022-01-06,0.058039784
WBD_BIDU,2018-02-02_2022-01-21,0.06026256
WBD_BIDU,2018-02-16_2022-02-04,0.062158823
WBD_BIDU,2018-03-05_2022-02-18,0.064961076
WBD_BIDU,2018-03-19_2022-03-07,0.06877947
WBD_BIDU,2018-04-03_2022-03-21,0.07214165
WBD_BIDU,2018-04-17_2022-04-04,0.074793816
WBD_BIDU,2018-05-01_2022-04-19,0.07817888
WBD_BIDU,2018-05-15_2022-05-03,0.08429873
WBD_BIDU,2018-05-30_2022-05-17,0.091143966
WBD_BIDU,2018-06-13_2022-06-01,0.098933816
WBD_BIDU,2018-06-27_2022-06-15,0.10537028
WBD_BIDU,2018-07-12_2022-06-30,0.110655785
WBD_BIDU,2018-07-26_2022-07-15,0.11877513
WBD_BIDU,2018-08-09_2022-07-29,0.12505221
WBD_BIDU,2018-08-23_2022-08-12,0.12933397
WBD_BIDU,2018-09-07_2022-08-26,0.13383794
WBD_BIDU,2018-09-21_2022-09-12,0.13705587
WBD_BIDU,2018-10-05_2022-09-26,0.14116192
WBD_BIDU,2018-10-19_2022-10-10,0.14372993
WBD_BIDU,2018-11-02_2022-10-24,0.14609909
WBD_BIDU,2018-11-16_2022-11-07,0.14792323
WBD_BIDU,2018-12-03_2022-11-21,0.15065408
WBD_BIDU,2018-12-18_2022-12-06,0.15337682
WBD_BIDU,2019-01-03_2022-12-20,0.15560961
WBD_BIDU,2019-01-17_2023-01-05,0.15778089
WBD_BIDU,2019-02-01_2023-01-20,0.15880013
WBD_BIDU,2019-02-15_2023-02-03,0.15932369
WBD_BIDU,2019-03-04_2023-02-17,0.15912199
WBD_BIDU,2019-03-18_2023-03-06,0.15933967
WBD_BIDU,2019-04-01_2023-03-20,0.15993667
LBRDA_CHTR,2016-04-07_2020-03-26,0.24248886
LBRDA_CHTR,2016-04-21_2020-04-09,0.24227667
LBRDA_CHTR,2016-05-05_2020-04-24,0.24128008
LBRDA_CHTR,2016-05-19_2020-05-08,0.24025059
LBRDA_CHTR,2016-06-03_2020-05-22,0.238338
LBRDA_CHTR,2016-06-17_2020-06-08,0.2377553
LBRDA_CHTR,2016-07-01_2020-06-22,0.23638105
LBRDA_CHTR,2016-07-18_2020-07-07,0.23465681
LBRDA_CHTR,2016-08-01_2020-07-21,0.23188448
LBRDA_CHTR,2016-08-15_2020-08-04,0.22893476
LBRDA_CHTR,2016-08-29_2020-08-18,0.2262826
LBRDA_CHTR,2016-09-13_2020-09-01,0.22238922
LBRDA_CHTR,2016-09-27_2020-09-16,0.21918488
LBRDA_CHTR,2016-10-11_2020-09-30,0.21645164
LBRDA_CHTR,2016-10-25_2020-10-14,0.2145443
LBRDA_CHTR,2016-11-08_2020-10-28,0.21310568
LBRDA_CHTR,2016-11-22_2020-11-11,0.21209002
LBRDA_CHTR,2016-12-07_2020-11-25,0.21229362
LBRDA_CHTR,2016-12-21_2020-12-10,0.21274018
LBRDA_CHTR,2017-01-06_2020-12-24,0.21312618
LBRDA_CHTR,2017-01-23_2021-01-11,0.21301413
LBRDA_CHTR,2017-02-06_2021-01-26,0.2129283
LBRDA_CHTR,2017-02-21_2021-02-09,0.2129724
LBRDA_CHTR,2017-03-07_2021-02-24,0.21302271
LBRDA_CHTR,2017-03-21_2021-03-10,0.21298718
LBRDA_CHTR,2017-04-04_2021-03-24,0.21285868
LBRDA_CHTR,2017-04-19_2021-04-08,0.21256614
LBRDA_CHTR,2017-05-03_2021-04-22,0.21238852
LBRDA_CHTR,2017-05-17_2021-05-06,0.21216702
LBRDA_CHTR,2017-06-01_2021-05-20,0.21167612
LBRDA_CHTR,2017-06-15_2021-06-04,0.21142936
LBRDA_CHTR,2017-06-29_2021-06-18,0.21081543
LBRDA_CHTR,2017-07-14_2021-07-02,0.21048045
LBRDA_CHTR,2017-07-28_2021-07-19,0.21051502
LBRDA_CHTR,2017-08-11_2021-08-02,0.21067858
LBRDA_CHTR,2017-08-25_2021-08-16,0.21029043
LBRDA_CHTR,2017-09-11_2021-08-30,0.21002007
LBRDA_CHTR,2017-09-25_2021-09-14,0.20977974
LBRDA_CHTR,2017-10-09_2021-09-28,0.20943356
LBRDA_CHTR,2017-10-23_2021-10-12,0.20962381
LBRDA_CHTR,2017-11-06_2021-10-26,0.20987153
LBRDA_CHTR,2017-11-20_2021-11-09,0.21028614
LBRDA_CHTR,2017-12-05_2021-11-23,0.2106607
LBRDA_CHTR,2017-12-19_2021-12-08,0.2105968
LBRDA_CHTR,2018-01-04_2021-12-22,0.21061492
LBRDA_CHTR,2018-01-19_2022-01-06,0.21095562
LBRDA_CHTR,2018-02-02_2022-01-21,0.21107268
LBRDA_CHTR,2018-02-16_2022-02-04,0.21110821
LBRDA_CHTR,2018-03-05_2022-02-18,0.21127033
LBRDA_CHTR,2018-03-19_2022-03-07,0.21126127
LBRDA_CHTR,2018-04-03_2022-03-21,0.2113657
LBRDA_CHTR,2018-04-17_2022-04-04,0.2114358
LBRDA_CHTR,2018-05-01_2022-04-19,0.21145916
LBRDA_CHTR,2018-05-15_2022-05-03,0.21116447
LBRDA_CHTR,2018-05-30_2022-05-17,0.21097207
LBRDA_CHTR,2018-06-13_2022-06-01,0.21065855
LBRDA_CHTR,2018-06-27_2022-06-15,0.21042156
LBRDA_CHTR,2018-07-12_2022-06-30,0.21023917
LBRDA_CHTR,2018-07-26_2022-07-15,0.21012783
LBRDA_CHTR,2018-08-09_2022-07-29,0.20991683
LBRDA_CHTR,2018-08-23_2022-08-12,0.2097559
LBRDA_CHTR,2018-09-07_2022-08-26,0.20957232
LBRDA_CHTR,2018-09-21_2022-09-12,0.20964408
LBRDA_CHTR,2018-10-05_2022-09-26,0.20982361
LBRDA_CHTR,2018-10-19_2022-10-10,0.21026373
LBRDA_CHTR,2018-11-02_2022-10-24,0.2110219
LBRDA_CHTR,2018-11-16_2022-11-07,0.21170592
LBRDA_CHTR,2018-12-03_2022-11-21,0.21226788
LBRDA_CHTR,2018-12-18_2022-12-06,0.21273208
LBRDA_CHTR,2019-01-03_2022-12-20,0.21320915
LBRDA_CHTR,2019-01-17_2023-01-05,0.21415234
LBRDA_CHTR,2019-02-01_2023-01-20,0.21479082
LBRDA_CHTR,2019-02-15_2023-02-03,0.2154355
LBRDA_CHTR,2019-03-04_2023-02-17,0.21607065
LBRDA_CHTR,2019-03-18_2023-03-06,0.21693087
LBRDA_CHTR,2019-04-01_2023-03-20,0.21815586
LBRDK_CHTR,2016-04-07_2020-03-26,0.24477148
LBRDK_CHTR,2016-04-21_2020-04-09,0.24503803
LBRDK_CHTR,2016-05-05_2020-04-24,0.24445772
LBRDK_CHTR,2016-05-19_2020-05-08,0.24374962
LBRDK_CHTR,2016-06-03_2020-05-22,0.24199533
LBRDK_CHTR,2016-06-17_2020-06-08,0.24160814
LBRDK_CHTR,2016-07-01_2020-06-22,0.24020672
LBRDK_CHTR,2016-07-18_2020-07-07,0.23858881
LBRDK_CHTR,2016-08-01_2020-07-21,0.23604727
LBRDK_CHTR,2016-08-15_2020-08-04,0.23334646
LBRDK_CHTR,2016-08-29_2020-08-18,0.23065948
LBRDK_CHTR,2016-09-13_2020-09-01,0.22699833
LBRDK_CHTR,2016-09-27_2020-09-16,0.22374725
LBRDK_CHTR,2016-10-11_2020-09-30,0.22078419
LBRDK_CHTR,2016-10-25_2020-10-14,0.21865654
LBRDK_CHTR,2016-11-08_2020-10-28,0.21733427
LBRDK_CHTR,2016-11-22_2020-11-11,0.21621895
LBRDK_CHTR,2016-12-07_2020-11-25,0.21623945
LBRDK_CHTR,2016-12-21_2020-12-10,0.21678066
LBRDK_CHTR,2017-01-06_2020-12-24,0.21736789
LBRDK_CHTR,2017-01-23_2021-01-11,0.21716094
LBRDK_CHTR,2017-02-06_2021-01-26,0.21696424
LBRDK_CHTR,2017-02-21_2021-02-09,0.21701717
LBRDK_CHTR,2017-03-07_2021-02-24,0.21734619
LBRDK_CHTR,2017-03-21_2021-03-10,0.21772146
LBRDK_CHTR,2017-04-04_2021-03-24,0.21808791
LBRDK_CHTR,2017-04-19_2021-04-08,0.218333
LBRDK_CHTR,2017-05-03_2021-04-22,0.21852279
LBRDK_CHTR,2017-05-17_2021-05-06,0.21877027
LBRDK_CHTR,2017-06-01_2021-05-20,0.21861553
LBRDK_CHTR,2017-06-15_2021-06-04,0.21858406
LBRDK_CHTR,2017-06-29_2021-06-18,0.21809578
LBRDK_CHTR,2017-07-14_2021-07-02,0.21814275
LBRDK_CHTR,2017-07-28_2021-07-19,0.21853781
LBRDK_CHTR,2017-08-11_2021-08-02,0.21903563
LBRDK_CHTR,2017-08-25_2021-08-16,0.21904945
LBRDK_CHTR,2017-09-11_2021-08-30,0.21889949
LBRDK_CHTR,2017-09-25_2021-09-14,0.21875906
LBRDK_CHTR,2017-10-09_2021-09-28,0.21860194
LBRDK_CHTR,2017-10-23_2021-10-12,0.21872139
LBRDK_CHTR,2017-11-06_2021-10-26,0.21888065
LBRDK_CHTR,2017-11-20_2021-11-09,0.21920443
LBRDK_CHTR,2017-12-05_2021-11-23,0.21954751
LBRDK_CHTR,2017-12-19_2021-12-08,0.21955442
LBRDK_CHTR,2018-01-04_2021-12-22,0.21950531
LBRDK_CHTR,2018-01-19_2022-01-06,0.21969771
LBRDK_CHTR,2018-02-02_2022-01-21,0.21984506
LBRDK_CHTR,2018-02-16_2022-02-04,0.21987128
LBRDK_CHTR,2018-03-05_2022-02-18,0.22004557
LBRDK_CHTR,2018-03-19_2022-03-07,0.22006536
LBRDK_CHTR,2018-04-03_2022-03-21,0.22025466
LBRDK_CHTR,2018-04-17_2022-04-04,0.22039056
LBRDK_CHTR,2018-05-01_2022-04-19,0.2205162
LBRDK_CHTR,2018-05-15_2022-05-03,0.22028923
LBRDK_CHTR,2018-05-30_2022-05-17,0.22009492
LBRDK_CHTR,2018-06-13_2022-06-01,0.21982479
LBRDK_CHTR,2018-06-27_2022-06-15,0.21956348
LBRDK_CHTR,2018-07-12_2022-06-30,0.21934748
LBRDK_CHTR,2018-07-26_2022-07-15,0.21926475
LBRDK_CHTR,2018-08-09_2022-07-29,0.2190888
LBRDK_CHTR,2018-08-23_2022-08-12,0.21896887
LBRDK_CHTR,2018-09-07_2022-08-26,0.21884346
LBRDK_CHTR,2018-09-21_2022-09-12,0.21888447
LBRDK_CHTR,2018-10-05_2022-09-26,0.2191217
LBRDK_CHTR,2018-10-19_2022-10-10,0.21966028
LBRDK_CHTR,2018-11-02_2022-10-24,0.22051668
LBRDK_CHTR,2018-11-16_2022-11-07,0.22128963
LBRDK_CHTR,2018-12-03_2022-11-21,0.22184157
LBRDK_CHTR,2018-12-18_2022-12-06,0.2222681
LBRDK_CHTR,2019-01-03_2022-12-20,0.22273207
LBRDK_CHTR,2019-01-17_2023-01-05,0.2237091
LBRDK_CHTR,2019-02-01_2023-01-20,0.22441864
LBRDK_CHTR,2019-02-15_2023-02-03,0.22511101
LBRDK_CHTR,2019-03-04_2023-02-17,0.22579718
LBRDK_CHTR,2019-03-18_2023-03-06,0.22668839
LBRDK_CHTR,2019-04-01_2023-03-20,0.22788095
MTCH_CHTR,2016-04-07_2020-03-26,0.23760414
MTCH_CHTR,2016-04-21_2020-04-09,0.23865938
MTCH_CHTR,2016-05-05_2020-04-24,0.23956895
MTCH_CHTR,2016-05-19_2020-05-08,0.24032235
MTCH_CHTR,2016-06-03_2020-05-22,0.24074984
MTCH_CHTR,2016-06-17_2020-06-08,0.24230194
MTCH_CHTR,2016-07-01_2020-06-22,0.24479938
MTCH_CHTR,2016-07-18_2020-07-07,0.24958324
MTCH_CHTR,2016-08-01_2020-07-21,0.25102186
MTCH_CHTR,2016-08-15_2020-08-04,0.25141358
MTCH_CHTR,2016-08-29_2020-08-18,0.25452638
MTCH_CHTR,2016-09-13_2020-09-01,0.2546172
MTCH_CHTR,2016-09-27_2020-09-16,0.25333834
MTCH_CHTR,2016-10-11_2020-09-30,0.25124526
MTCH_CHTR,2016-10-25_2020-10-14,0.25054216
MTCH_CHTR,2016-11-08_2020-10-28,0.25278497
MTCH_CHTR,2016-11-22_2020-11-11,0.256495
MTCH_CHTR,2016-12-07_2020-11-25,0.2596209
MTCH_CHTR,2016-12-21_2020-12-10,0.2635274
MTCH_CHTR,2017-01-06_2020-12-24,0.26923823
MTCH_CHTR,2017-01-23_2021-01-11,0.2740836
MTCH_CHTR,2017-02-06_2021-01-26,0.27745342
MTCH_CHTR,2017-02-21_2021-02-09,0.2810886
MTCH_CHTR,2017-03-07_2021-02-24,0.28702664
MTCH_CHTR,2017-03-21_2021-03-10,0.29009867
MTCH_CHTR,2017-04-04_2021-03-24,0.2924497
MTCH_CHTR,2017-04-19_2021-04-08,0.29308248
MTCH_CHTR,2017-05-03_2021-04-22,0.29383445
MTCH_CHTR,2017-05-17_2021-05-06,0.29434466
MTCH_CHTR,2017-06-01_2021-05-20,0.29220128
MTCH_CHTR,2017-06-15_2021-06-04,0.29014277
MTCH_CHTR,2017-06-29_2021-06-18,0.28866506
MTCH_CHTR,2017-07-14_2021-07-02,0.2884159
MTCH_CHTR,2017-07-28_2021-07-19,0.28774822
MTCH_CHTR,2017-08-11_2021-08-02,0.28714645
MTCH_CHTR,2017-08-25_2021-08-16,0.28146994
MTCH_CHTR,2017-09-11_2021-08-30,0.27376962
MTCH_CHTR,2017-09-25_2021-09-14,0.2691282
MTCH_CHTR,2017-10-09_2021-09-28,0.2675557
MTCH_CHTR,2017-10-23_2021-10-12,0.2666402
MTCH_CHTR,2017-11-06_2021-10-26,0.2667408
MTCH_CHTR,2017-11-20_2021-11-09,0.26659274
MTCH_CHTR,2017-12-05_2021-11-23,0.26567245
MTCH_CHTR,2017-12-19_2021-12-08,0.2641623
MTCH_CHTR,2018-01-04_2021-12-22,0.2630254
MTCH_CHTR,2018-01-19_2022-01-06,0.2616812
MTCH_CHTR,2018-02-02_2022-01-21,0.2604555
MTCH_CHTR,2018-02-16_2022-02-04,0.25908983
MTCH_CHTR,2018-03-05_2022-02-18,0.25778365
MTCH_CHTR,2018-03-19_2022-03-07,0.2568252
MTCH_CHTR,2018-04-03_2022-03-21,0.25606346
MTCH_CHTR,2018-04-17_2022-04-04,0.25577736
MTCH_CHTR,2018-05-01_2022-04-19,0.25581837
MTCH_CHTR,2018-05-15_2022-05-03,0.25573897
MTCH_CHTR,2018-05-30_2022-05-17,0.25644112
MTCH_CHTR,2018-06-13_2022-06-01,0.2572391
MTCH_CHTR,2018-06-27_2022-06-15,0.2574687
MTCH_CHTR,2018-07-12_2022-06-30,0.25728822
MTCH_CHTR,2018-07-26_2022-07-15,0.2573712
MTCH_CHTR,2018-08-09_2022-07-29,0.25723195
MTCH_CHTR,2018-08-23_2022-08-12,0.2582295
MTCH_CHTR,2018-09-07_2022-08-26,0.2596624
MTCH_CHTR,2018-09-21_2022-09-12,0.2614131
MTCH_CHTR,2018-10-05_2022-09-26,0.2624638
MTCH_CHTR,2018-10-19_2022-10-10,0.26286602
MTCH_CHTR,2018-11-02_2022-10-24,0.26367903
MTCH_CHTR,2018-11-16_2022-11-07,0.26430368
MTCH_CHTR,2018-12-03_2022-11-21,0.2644577
MTCH_CHTR,2018-12-18_2022-12-06,0.2653563
MTCH_CHTR,2019-01-03_2022-12-20,0.2669196
MTCH_CHTR,2019-01-17_2023-01-05,0.26881242
MTCH_CHTR,2019-02-01_2023-01-20,0.27219534
MTCH_CHTR,2019-02-15_2023-02-03,0.2741332
MTCH_CHTR,2019-03-04_2023-02-17,0.27638698
MTCH_CHTR,2019-03-18_2023-03-06,0.2784934
MTCH_CHTR,2019-04-01_2023-03-20,0.28035855
DIS_CMCSA,2016-04-07_2020-03-26,3.1966095
DIS_CMCSA,2016-04-21_2020-04-09,3.2242737
DIS_CMCSA,2016-05-05_2020-04-24,3.2739258
DIS_CMCSA,2016-05-19_2020-05-08,3.3195648
DIS_CMCSA,2016-06-03_2020-05-22,3.3513947
DIS_CMCSA,2016-06-17_2020-06-08,3.3718414
DIS_CMCSA,2016-07-01_2020-06-22,3.3925781
DIS_CMCSA,2016-07-18_2020-07-07,3.392517
DIS_CMCSA,2016-08-01_2020-07-21,3.3737488
DIS_CMCSA,2016-08-15_2020-08-04,3.318634
DIS_CMCSA,2016-08-29_2020-08-18,3.3139343
DIS_CMCSA,2016-09-13_2020-09-01,3.2990265
DIS_CMCSA,2016-09-27_2020-09-16,3.269226
DIS_CMCSA,2016-10-11_2020-09-30,3.1940765
DIS_CMCSA,2016-10-25_2020-10-14,3.1225433
DIS_CMCSA,2016-11-08_2020-10-28,3.0990143
DIS_CMCSA,2016-11-22_2020-11-11,3.0793457
DIS_CMCSA,2016-12-07_2020-11-25,3.0349884
DIS_CMCSA,2016-12-21_2020-12-10,3.0346527
DIS_CMCSA,2017-01-06_2020-12-24,3.1639252
DIS_CMCSA,2017-01-23_2021-01-11,3.3071747
DIS_CMCSA,2017-02-06_2021-01-26,3.406433
DIS_CMCSA,2017-02-21_2021-02-09,3.5019531
DIS_CMCSA,2017-03-07_2021-02-24,3.629242
DIS_CMCSA,2017-03-21_2021-03-10,3.7400055
DIS_CMCSA,2017-04-04_2021-03-24,3.803772
DIS_CMCSA,2017-04-19_2021-04-08,3.8520203
DIS_CMCSA,2017-05-03_2021-04-22,3.8939362
DIS_CMCSA,2017-05-17_2021-05-06,3.8960266
DIS_CMCSA,2017-06-01_2021-05-20,3.8485565
DIS_CMCSA,2017-06-15_2021-06-04,3.8095322
DIS_CMCSA,2017-06-29_2021-06-18,3.764183
DIS_CMCSA,2017-07-14_2021-07-02,3.7239761
DIS_CMCSA,2017-07-28_2021-07-19,3.6813278
DIS_CMCSA,2017-08-11_2021-08-02,3.6344376
DIS_CMCSA,2017-08-25_2021-08-16,3.5825653
DIS_CMCSA,2017-09-11_2021-08-30,3.5252533
DIS_CMCSA,2017-09-25_2021-09-14,3.4820786
DIS_CMCSA,2017-10-09_2021-09-28,3.4644775
DIS_CMCSA,2017-10-23_2021-10-12,3.4427795
DIS_CMCSA,2017-11-06_2021-10-26,3.4306335
DIS_CMCSA,2017-11-20_2021-11-09,3.428131
DIS_CMCSA,2017-12-05_2021-11-23,3.4041977
DIS_CMCSA,2017-12-19_2021-12-08,3.3788834
DIS_CMCSA,2018-01-04_2021-12-22,3.3672714
DIS_CMCSA,2018-01-19_2022-01-06,3.353096
DIS_CMCSA,2018-02-02_2022-01-21,3.3340683
DIS_CMCSA,2018-02-16_2022-02-04,3.3030243
DIS_CMCSA,2018-03-05_2022-02-18,3.289566
DIS_CMCSA,2018-03-19_2022-03-07,3.2797546
DIS_CMCSA,2018-04-03_2022-03-21,3.271614
DIS_CMCSA,2018-04-17_2022-04-04,3.2608566
DIS_CMCSA,2018-05-01_2022-04-19,3.2465668
DIS_CMCSA,2018-05-15_2022-05-03,3.2545166
DIS_CMCSA,2018-05-30_2022-05-17,3.276474
DIS_CMCSA,2018-06-13_2022-06-01,3.2933044
DIS_CMCSA,2018-06-27_2022-06-15,3.3203278
DIS_CMCSA,2018-07-12_2022-06-30,3.3607407
DIS_CMCSA,2018-07-26_2022-07-15,3.404251
DIS_CMCSA,2018-08-09_2022-07-29,3.437767
DIS_CMCSA,2018-08-23_2022-08-12,3.4701843
DIS_CMCSA,2018-09-07_2022-08-26,3.48378
DIS_CMCSA,2018-09-21_2022-09-12,3.4861603
DIS_CMCSA,2018-10-05_2022-09-26,3.5043335
DIS_CMCSA,2018-10-19_2022-10-10,3.5177155
DIS_CMCSA,2018-11-02_2022-10-24,3.5245285
DIS_CMCSA,2018-11-16_2022-11-07,3.5175018
DIS_CMCSA,2018-12-03_2022-11-21,3.5410843
DIS_CMCSA,2018-12-18_2022-12-06,3.571701
DIS_CMCSA,2019-01-03_2022-12-20,3.6217651
DIS_CMCSA,2019-01-17_2023-01-05,3.6756744
DIS_CMCSA,2019-02-01_2023-01-20,3.7171173
DIS_CMCSA,2019-02-15_2023-02-03,3.7398987
DIS_CMCSA,2019-03-04_2023-02-17,3.7597733
DIS_CMCSA,2019-03-18_2023-03-06,3.7836227
DIS_CMCSA,2019-04-01_2023-03-20,3.8015594
MTCH_CMCSA,2016-04-07_2020-03-26,3.9573975
MTCH_CMCSA,2016-04-21_2020-04-09,3.9379196
MTCH_CMCSA,2016-05-05_2020-04-24,3.9504776
MTCH_CMCSA,2016-05-19_2020-05-08,3.9624176
MTCH_CMCSA,2016-06-03_2020-05-22,3.97126
MTCH_CMCSA,2016-06-17_2020-06-08,4.037224
MTCH_CMCSA,2016-07-01_2020-06-22,4.0947495
MTCH_CMCSA,2016-07-18_2020-07-07,4.1355743
MTCH_CMCSA,2016-08-01_2020-07-21,4.193077
MTCH_CMCSA,2016-08-15_2020-08-04,4.269203
MTCH_CMCSA,2016-08-29_2020-08-18,4.4009857
MTCH_CMCSA,2016-09-13_2020-09-01,4.5224
MTCH_CMCSA,2016-09-27_2020-09-16,4.618469
MTCH_CMCSA,2016-10-11_2020-09-30,4.7040253
MTCH_CMCSA,2016-10-25_2020-10-14,4.8230133
MTCH_CMCSA,2016-11-08_2020-10-28,4.9834213
MTCH_CMCSA,2016-11-22_2020-11-11,5.134659
MTCH_CMCSA,2016-12-07_2020-11-25,5.248352
MTCH_CMCSA,2016-12-21_2020-12-10,5.3687973
MTCH_CMCSA,2017-01-06_2020-12-24,5.526184
MTCH_CMCSA,2017-01-23_2021-01-11,5.643921
MTCH_CMCSA,2017-02-06_2021-01-26,5.74382
MTCH_CMCSA,2017-02-21_2021-02-09,5.8093033
MTCH_CMCSA,2017-03-07_2021-02-24,5.9017487
MTCH_CMCSA,2017-03-21_2021-03-10,5.8586044
MTCH_CMCSA,2017-04-04_2021-03-24,5.7623672
MTCH_CMCSA,2017-04-19_2021-04-08,5.6717453
MTCH_CMCSA,2017-05-03_2021-04-22,5.6303177
MTCH_CMCSA,2017-05-17_2021-05-06,5.5784225
MTCH_CMCSA,2017-06-01_2021-05-20,5.4786453
MTCH_CMCSA,2017-06-15_2021-06-04,5.401642
MTCH_CMCSA,2017-06-29_2021-06-18,5.324295
MTCH_CMCSA,2017-07-14_2021-07-02,5.3033524
MTCH_CMCSA,2017-07-28_2021-07-19,5.263897
MTCH_CMCSA,2017-08-11_2021-08-02,5.224365
MTCH_CMCSA,2017-08-25_2021-08-16,5.123993
MTCH_CMCSA,2017-09-11_2021-08-30,4.997074
MTCH_CMCSA,2017-09-25_2021-09-14,4.915432
MTCH_CMCSA,2017-10-09_2021-09-28,4.9001617
MTCH_CMCSA,2017-10-23_2021-10-12,4.8884926
MTCH_CMCSA,2017-11-06_2021-10-26,4.9034996
MTCH_CMCSA,2017-11-20_2021-11-09,4.9098053
MTCH_CMCSA,2017-12-05_2021-11-23,4.898178
MTCH_CMCSA,2017-12-19_2021-12-08,4.8742943
MTCH_CMCSA,2018-01-04_2021-12-22,4.8575897
MTCH_CMCSA,2018-01-19_2022-01-06,4.8389015
MTCH_CMCSA,2018-02-02_2022-01-21,4.8092384
MTCH_CMCSA,2018-02-16_2022-02-04,4.773533
MTCH_CMCSA,2018-03-05_2022-02-18,4.751278
MTCH_CMCSA,2018-03-19_2022-03-07,4.7383575
MTCH_CMCSA,2018-04-03_2022-03-21,4.7389793
MTCH_CMCSA,2018-04-17_2022-04-04,4.7398796
MTCH_CMCSA,2018-05-01_2022-04-19,4.7431335
MTCH_CMCSA,2018-05-15_2022-05-03,4.749161
MTCH_CMCSA,2018-05-30_2022-05-17,4.7685547
MTCH_CMCSA,2018-06-13_2022-06-01,4.795456
MTCH_CMCSA,2018-06-27_2022-06-15,4.8110886
MTCH_CMCSA,2018-07-12_2022-06-30,4.817734
MTCH_CMCSA,2018-07-26_2022-07-15,4.816971
MTCH_CMCSA,2018-08-09_2022-07-29,4.8036118
MTCH_CMCSA,2018-08-23_2022-08-12,4.8105392
MTCH_CMCSA,2018-09-07_2022-08-26,4.819031
MTCH_CMCSA,2018-09-21_2022-09-12,4.8266373
MTCH_CMCSA,2018-10-05_2022-09-26,4.834442
MTCH_CMCSA,2018-10-19_2022-10-10,4.8110504
MTCH_CMCSA,2018-11-02_2022-10-24,4.7845306
MTCH_CMCSA,2018-11-16_2022-11-07,4.7532578
MTCH_CMCSA,2018-12-03_2022-11-21,4.7257385
MTCH_CMCSA,2018-12-18_2022-12-06,4.722252
MTCH_CMCSA,2019-01-03_2022-12-20,4.745041
MTCH_CMCSA,2019-01-17_2023-01-05,4.766899
MTCH_CMCSA,2019-02-01_2023-01-20,4.797203
MTCH_CMCSA,2019-02-15_2023-02-03,4.8201675
MTCH_CMCSA,2019-03-04_2023-02-17,4.84256
MTCH_CMCSA,2019-03-18_2023-03-06,4.864311
MTCH_CMCSA,2019-04-01_2023-03-20,4.891922
WBD_DIS,2016-04-07_2020-03-26,0.123991966
WBD_DIS,2016-04-21_2020-04-09,0.12856865
WBD_DIS,2016-05-05_2020-04-24,0.13093376
WBD_DIS,2016-05-19_2020-05-08,0.13312721
WBD_DIS,2016-06-03_2020-05-22,0.13433838
WBD_DIS,2016-06-17_2020-06-08,0.1342268
WBD_DIS,2016-07-01_2020-06-22,0.13372803
WBD_DIS,2016-07-18_2020-07-07,0.13410854
WBD_DIS,2016-08-01_2020-07-21,0.13330269
WBD_DIS,2016-08-15_2020-08-04,0.13388634
WBD_DIS,2016-08-29_2020-08-18,0.13114834
WBD_DIS,2016-09-13_2020-09-01,0.1281786
WBD_DIS,2016-09-27_2020-09-16,0.12520218
WBD_DIS,2016-10-11_2020-09-30,0.12655354
WBD_DIS,2016-10-25_2020-10-14,0.12720871
WBD_DIS,2016-11-08_2020-10-28,0.1269455
WBD_DIS,2016-11-22_2020-11-11,0.12610245
WBD_DIS,2016-12-07_2020-11-25,0.12373257
WBD_DIS,2016-12-21_2020-12-10,0.122935295
WBD_DIS,2017-01-06_2020-12-24,0.11522865
WBD_DIS,2017-01-23_2021-01-11,0.113832474
WBD_DIS,2017-02-06_2021-01-26,0.12279987
WBD_DIS,2017-02-21_2021-02-09,0.13717651
WBD_DIS,2017-03-07_2021-02-24,0.16084146
WBD_DIS,2017-03-21_2021-03-10,0.19574738
WBD_DIS,2017-04-04_2021-03-24,0.23904562
WBD_DIS,2017-04-19_2021-04-08,0.24128056
WBD_DIS,2017-05-03_2021-04-22,0.23759079
WBD_DIS,2017-05-17_2021-05-06,0.23394585
WBD_DIS,2017-06-01_2021-05-20,0.23095751
WBD_DIS,2017-06-15_2021-06-04,0.2260127
WBD_DIS,2017-06-29_2021-06-18,0.22079849
WBD_DIS,2017-07-14_2021-07-02,0.216187
WBD_DIS,2017-07-28_2021-07-19,0.21028757
WBD_DIS,2017-08-11_2021-08-02,0.20464039
WBD_DIS,2017-08-25_2021-08-16,0.19920397
WBD_DIS,2017-09-11_2021-08-30,0.19368792
WBD_DIS,2017-09-25_2021-09-14,0.18648052
WBD_DIS,2017-10-09_2021-09-28,0.18008137
WBD_DIS,2017-10-23_2021-10-12,0.17400026
WBD_DIS,2017-11-06_2021-10-26,0.1678195
WBD_DIS,2017-11-20_2021-11-09,0.161129
WBD_DIS,2017-12-05_2021-11-23,0.15762281
WBD_DIS,2017-12-19_2021-12-08,0.15514517
WBD_DIS,2018-01-04_2021-12-22,0.15322447
WBD_DIS,2018-01-19_2022-01-06,0.15126848
WBD_DIS,2018-02-02_2022-01-21,0.15124083
WBD_DIS,2018-02-16_2022-02-04,0.15114641
WBD_DIS,2018-03-05_2022-02-18,0.15132952
WBD_DIS,2018-03-19_2022-03-07,0.15144587
WBD_DIS,2018-04-03_2022-03-21,0.15104389
WBD_DIS,2018-04-17_2022-04-04,0.15096092
WBD_DIS,2018-05-01_2022-04-19,0.15178967
WBD_DIS,2018-05-15_2022-05-03,0.1537857
WBD_DIS,2018-05-30_2022-05-17,0.15627718
WBD_DIS,2018-06-13_2022-06-01,0.15869284
WBD_DIS,2018-06-27_2022-06-15,0.16409492
WBD_DIS,2018-07-12_2022-06-30,0.17102289
WBD_DIS,2018-07-26_2022-07-15,0.17636967
WBD_DIS,2018-08-09_2022-07-29,0.18076468
WBD_DIS,2018-08-23_2022-08-12,0.18514585
WBD_DIS,2018-09-07_2022-08-26,0.18998957
WBD_DIS,2018-09-21_2022-09-12,0.1968708
WBD_DIS,2018-10-05_2022-09-26,0.20378208
WBD_DIS,2018-10-19_2022-10-10,0.21106386
WBD_DIS,2018-11-02_2022-10-24,0.21739769
WBD_DIS,2018-11-16_2022-11-07,0.22380972
WBD_DIS,2018-12-03_2022-11-21,0.23024559
WBD_DIS,2018-12-18_2022-12-06,0.23585272
WBD_DIS,2019-01-03_2022-12-20,0.24137926
WBD_DIS,2019-01-17_2023-01-05,0.24663687
WBD_DIS,2019-02-01_2023-01-20,0.25109863
WBD_DIS,2019-02-15_2023-02-03,0.25563383
WBD_DIS,2019-03-04_2023-02-17,0.25962782
WBD_DIS,2019-03-18_2023-03-06,0.26245642
WBD_DIS,2019-04-01_2023-03-20,0.26547194
GOOGL_GOOG,2016-04-07_2020-03-26,0.96635056
GOOGL_GOOG,2016-04-21_2020-04-09,0.9661026
GOOGL_GOOG,2016-05-05_2020-04-24,0.96515465
GOOGL_GOOG,2016-05-19_2020-05-08,0.96424484
GOOGL_GOOG,2016-06-03_2020-05-22,0.9637108
GOOGL_GOOG,2016-06-17_2020-06-08,0.96352386
GOOGL_GOOG,2016-07-01_2020-06-22,0.9625511
GOOGL_GOOG,2016-07-18_2020-07-07,0.96208954
GOOGL_GOOG,2016-08-01_2020-07-21,0.96266747
GOOGL_GOOG,2016-08-15_2020-08-04,0.963953
GOOGL_GOOG,2016-08-29_2020-08-18,0.9648323
GOOGL_GOOG,2016-09-13_2020-09-01,0.9657688
GOOGL_GOOG,2016-09-27_2020-09-16,0.9662514
GOOGL_GOOG,2016-10-11_2020-09-30,0.9666176
GOOGL_GOOG,2016-10-25_2020-10-14,0.96723557
GOOGL_GOOG,2016-11-08_2020-10-28,0.9674988
GOOGL_GOOG,2016-11-22_2020-11-11,0.9681988
GOOGL_GOOG,2016-12-07_2020-11-25,0.9686947
GOOGL_GOOG,2016-12-21_2020-12-10,0.9697628
GOOGL_GOOG,2017-01-06_2020-12-24,0.9703846
GOOGL_GOOG,2017-01-23_2021-01-11,0.9712448
GOOGL_GOOG,2017-02-06_2021-01-26,0.9720993
GOOGL_GOOG,2017-02-21_2021-02-09,0.9731655
GOOGL_GOOG,2017-03-07_2021-02-24,0.97441673
GOOGL_GOOG,2017-03-21_2021-03-10,0.9748249
GOOGL_GOOG,2017-04-04_2021-03-24,0.9754448
GOOGL_GOOG,2017-04-19_2021-04-08,0.9762497
GOOGL_GOOG,2017-05-03_2021-04-22,0.977108
GOOGL_GOOG,2017-05-17_2021-05-06,0.9759693
GOOGL_GOOG,2017-06-01_2021-05-20,0.97449493
GOOGL_GOOG,2017-06-15_2021-06-04,0.97246456
GOOGL_GOOG,2017-06-29_2021-06-18,0.96772766
GOOGL_GOOG,2017-07-14_2021-07-02,0.9642744
GOOGL_GOOG,2017-07-28_2021-07-19,0.96169853
GOOGL_GOOG,2017-08-11_2021-08-02,0.9607401
GOOGL_GOOG,2017-08-25_2021-08-16,0.96319866
GOOGL_GOOG,2017-09-11_2021-08-30,0.96552944
GOOGL_GOOG,2017-09-25_2021-09-14,0.96757793
GOOGL_GOOG,2017-10-09_2021-09-28,0.96960926
GOOGL_GOOG,2017-10-23_2021-10-12,0.9717026
GOOGL_GOOG,2017-11-06_2021-10-26,0.9732251
GOOGL_GOOG,2017-11-20_2021-11-09,0.9750991
GOOGL_GOOG,2017-12-05_2021-11-23,0.97616386
GOOGL_GOOG,2017-12-19_2021-12-08,0.97718525
GOOGL_GOOG,2018-01-04_2021-12-22,0.9779897
GOOGL_GOOG,2018-01-19_2022-01-06,0.979259
GOOGL_GOOG,2018-02-02_2022-01-21,0.98007345
GOOGL_GOOG,2018-02-16_2022-02-04,0.9808593
GOOGL_GOOG,2018-03-05_2022-02-18,0.9816208
GOOGL_GOOG,2018-03-19_2022-03-07,0.98213816
GOOGL_GOOG,2018-04-03_2022-03-21,0.9823847
GOOGL_GOOG,2018-04-17_2022-04-04,0.98283815
GOOGL_GOOG,2018-05-01_2022-04-19,0.9830203
GOOGL_GOOG,2018-05-15_2022-05-03,0.9831171
GOOGL_GOOG,2018-05-30_2022-05-17,0.98324394
GOOGL_GOOG,2018-06-13_2022-06-01,0.98342705
GOOGL_GOOG,2018-06-27_2022-06-15,0.9836564
GOOGL_GOOG,2018-07-12_2022-06-30,0.98383236
GOOGL_GOOG,2018-07-26_2022-07-15,0.9839606
GOOGL_GOOG,2018-08-09_2022-07-29,0.98412466
GOOGL_GOOG,2018-08-23_2022-08-12,0.9842944
GOOGL_GOOG,2018-09-07_2022-08-26,0.9844394
GOOGL_GOOG,2018-09-21_2022-09-12,0.9844589
GOOGL_GOOG,2018-10-05_2022-09-26,0.98454857
GOOGL_GOOG,2018-10-19_2022-10-10,0.98464966
GOOGL_GOOG,2018-11-02_2022-10-24,0.9847889
GOOGL_GOOG,2018-11-16_2022-11-07,0.9849539
GOOGL_GOOG,2018-12-03_2022-11-21,0.9850311
GOOGL_GOOG,2018-12-18_2022-12-06,0.98518276
GOOGL_GOOG,2019-01-03_2022-12-20,0.98533916
GOOGL_GOOG,2019-01-17_2023-01-05,0.9854584
GOOGL_GOOG,2019-02-01_2023-01-20,0.98561287
GOOGL_GOOG,2019-02-15_2023-02-03,0.98569393
GOOGL_GOOG,2019-03-04_2023-02-17,0.98581314
GOOGL_GOOG,2019-03-18_2023-03-06,0.985919
GOOGL_GOOG,2019-04-01_2023-03-20,0.9859886
WBD_IAC,2016-04-07_2020-03-26,0.09160948
WBD_IAC,2016-04-21_2020-04-09,0.093085766
WBD_IAC,2016-05-05_2020-04-24,0.09202051
WBD_IAC,2016-05-19_2020-05-08,0.090510845
WBD_IAC,2016-06-03_2020-05-22,0.08502674
WBD_IAC,2016-06-17_2020-06-08,0.0798707
WBD_IAC,2016-07-01_2020-06-22,0.07186222
WBD_IAC,2016-07-18_2020-07-07,0.05838585
WBD_IAC,2016-08-01_2020-07-21,0.040855408
WBD_IAC,2016-08-15_2020-08-04,0.02715087
WBD_IAC,2016-08-29_2020-08-18,0.017509699
WBD_IAC,2016-09-13_2020-09-01,0.008966446
WBD_IAC,2016-09-27_2020-09-16,0.0025463104
WBD_IAC,2016-10-11_2020-09-30,-0.0017299652
WBD_IAC,2016-10-25_2020-10-14,-0.0077364445
WBD_IAC,2016-11-08_2020-10-28,-0.014782906
WBD_IAC,2016-11-22_2020-11-11,-0.019601107
WBD_IAC,2016-12-07_2020-11-25,-0.019019842
WBD_IAC,2016-12-21_2020-12-10,-0.012954235
WBD_IAC,2017-01-06_2020-12-24,-0.0068507195
WBD_IAC,2017-01-23_2021-01-11,0.0051555634
WBD_IAC,2017-02-06_2021-01-26,0.023997307
WBD_IAC,2017-02-21_2021-02-09,0.047273397
WBD_IAC,2017-03-07_2021-02-24,0.07606888
WBD_IAC,2017-03-21_2021-03-10,0.10870409
WBD_IAC,2017-04-04_2021-03-24,0.14699113
WBD_IAC,2017-04-19_2021-04-08,0.15187705
WBD_IAC,2017-05-03_2021-04-22,0.1489619
WBD_IAC,2017-05-17_2021-05-06,0.14460504
WBD_IAC,2017-06-01_2021-05-20,0.14063692
WBD_IAC,2017-06-15_2021-06-04,0.1344322
WBD_IAC,2017-06-29_2021-06-18,0.12906301
WBD_IAC,2017-07-14_2021-07-02,0.124472976
WBD_IAC,2017-07-28_2021-07-19,0.12128413
WBD_IAC,2017-08-11_2021-08-02,0.11811054
WBD_IAC,2017-08-25_2021-08-16,0.115430474
WBD_IAC,2017-09-11_2021-08-30,0.112506986
WBD_IAC,2017-09-25_2021-09-14,0.109128594
WBD_IAC,2017-10-09_2021-09-28,0.10520935
WBD_IAC,2017-10-23_2021-10-12,0.10080373
WBD_IAC,2017-11-06_2021-10-26,0.09467125
WBD_IAC,2017-11-20_2021-11-09,0.08862364
WBD_IAC,2017-12-05_2021-11-23,0.0850904
WBD_IAC,2017-12-19_2021-12-08,0.08132136
WBD_IAC,2018-01-04_2021-12-22,0.07827914
WBD_IAC,2018-01-19_2022-01-06,0.075601816
WBD_IAC,2018-02-02_2022-01-21,0.07466471
WBD_IAC,2018-02-16_2022-02-04,0.07285011
WBD_IAC,2018-03-05_2022-02-18,0.07199025
WBD_IAC,2018-03-19_2022-03-07,0.07126701
WBD_IAC,2018-04-03_2022-03-21,0.06988025
WBD_IAC,2018-04-17_2022-04-04,0.06877005
WBD_IAC,2018-05-01_2022-04-19,0.06782365
WBD_IAC,2018-05-15_2022-05-03,0.06711173
WBD_IAC,2018-05-30_2022-05-17,0.066601515
WBD_IAC,2018-06-13_2022-06-01,0.06576812
WBD_IAC,2018-06-27_2022-06-15,0.066216946
WBD_IAC,2018-07-12_2022-06-30,0.06742859
WBD_IAC,2018-07-26_2022-07-15,0.06862986
WBD_IAC,2018-08-09_2022-07-29,0.07009423
WBD_IAC,2018-08-23_2022-08-12,0.07133651
WBD_IAC,2018-09-07_2022-08-26,0.07334626
WBD_IAC,2018-09-21_2022-09-12,0.07630134
WBD_IAC,2018-10-05_2022-09-26,0.08015394
WBD_IAC,2018-10-19_2022-10-10,0.08462846
WBD_IAC,2018-11-02_2022-10-24,0.08936453
WBD_IAC,2018-11-16_2022-11-07,0.09456992
WBD_IAC,2018-12-03_2022-11-21,0.09986234
WBD_IAC,2018-12-18_2022-12-06,0.10427177
WBD_IAC,2019-01-03_2022-12-20,0.10835397
WBD_IAC,2019-01-17_2023-01-05,0.11305487
WBD_IAC,2019-02-01_2023-01-20,0.1166476
WBD_IAC,2019-02-15_2023-02-03,0.11987734
WBD_IAC,2019-03-04_2023-02-17,0.12321758
WBD_IAC,2019-03-18_2023-03-06,0.12644637
WBD_IAC,2019-04-01_2023-03-20,0.12955725
SJR_IPG,2016-04-07_2020-03-26,0.11445618
SJR_IPG,2016-04-21_2020-04-09,0.15805054
SJR_IPG,2016-05-05_2020-04-24,0.18876648
SJR_IPG,2016-05-19_2020-05-08,0.21003723
SJR_IPG,2016-06-03_2020-05-22,0.23446655
SJR_IPG,2016-06-17_2020-06-08,0.24227905
SJR_IPG,2016-07-01_2020-06-22,0.25011444
SJR_IPG,2016-07-18_2020-07-07,0.26426697
SJR_IPG,2016-08-01_2020-07-21,0.26836395
SJR_IPG,2016-08-15_2020-08-04,0.26652527
SJR_IPG,2016-08-29_2020-08-18,0.26302338
SJR_IPG,2016-09-13_2020-09-01,0.25593567
SJR_IPG,2016-09-27_2020-09-16,0.24865723
SJR_IPG,2016-10-11_2020-09-30,0.24255371
SJR_IPG,2016-10-25_2020-10-14,0.23963165
SJR_IPG,2016-11-08_2020-10-28,0.23873138
SJR_IPG,2016-11-22_2020-11-11,0.23902893
SJR_IPG,2016-12-07_2020-11-25,0.23616791
SJR_IPG,2016-12-21_2020-12-10,0.22568512
SJR_IPG,2017-01-06_2020-12-24,0.21182251
SJR_IPG,2017-01-23_2021-01-11,0.19680023
SJR_IPG,2017-02-06_2021-01-26,0.17861938
SJR_IPG,2017-02-21_2021-02-09,0.15861511
SJR_IPG,2017-03-07_2021-02-24,0.14426422
SJR_IPG,2017-03-21_2021-03-10,0.13146973
SJR_IPG,2017-04-04_2021-03-24,0.22634888
SJR_IPG,2017-04-19_2021-04-08,0.30749512
SJR_IPG,2017-05-03_2021-04-22,0.38403702
SJR_IPG,2017-05-17_2021-05-06,0.45855713
SJR_IPG,2017-06-01_2021-05-20,0.5233269
SJR_IPG,2017-06-15_2021-06-04,0.57045174
SJR_IPG,2017-06-29_2021-06-18,0.60378647
SJR_IPG,2017-07-14_2021-07-02,0.6272831
SJR_IPG,2017-07-28_2021-07-19,0.64720917
SJR_IPG,2017-08-11_2021-08-02,0.65717316
SJR_IPG,2017-08-25_2021-08-16,0.65813255
SJR_IPG,2017-09-11_2021-08-30,0.6614075
SJR_IPG,2017-09-25_2021-09-14,0.66331387
SJR_IPG,2017-10-09_2021-09-28,0.660656
SJR_IPG,2017-10-23_2021-10-12,0.6621437
SJR_IPG,2017-11-06_2021-10-26,0.6640234
SJR_IPG,2017-11-20_2021-11-09,0.67120457
SJR_IPG,2017-12-05_2021-11-23,0.68002415
SJR_IPG,2017-12-19_2021-12-08,0.6891928
SJR_IPG,2018-01-04_2021-12-22,0.69303036
SJR_IPG,2018-01-19_2022-01-06,0.6959057
SJR_IPG,2018-02-02_2022-01-21,0.69909763
SJR_IPG,2018-02-16_2022-02-04,0.70272064
SJR_IPG,2018-03-05_2022-02-18,0.7027693
SJR_IPG,2018-03-19_2022-03-07,0.70411396
SJR_IPG,2018-04-03_2022-03-21,0.70777225
SJR_IPG,2018-04-17_2022-04-04,0.7117491
SJR_IPG,2018-05-01_2022-04-19,0.7177658
SJR_IPG,2018-05-15_2022-05-03,0.7213688
SJR_IPG,2018-05-30_2022-05-17,0.72236156
SJR_IPG,2018-06-13_2022-06-01,0.7254486
SJR_IPG,2018-06-27_2022-06-15,0.7282772
SJR_IPG,2018-07-12_2022-06-30,0.7319813
SJR_IPG,2018-07-26_2022-07-15,0.7351999
SJR_IPG,2018-08-09_2022-07-29,0.7378197
SJR_IPG,2018-08-23_2022-08-12,0.7403374
SJR_IPG,2018-09-07_2022-08-26,0.7420778
SJR_IPG,2018-09-21_2022-09-12,0.74282646
SJR_IPG,2018-10-05_2022-09-26,0.7429962
SJR_IPG,2018-10-19_2022-10-10,0.7428007
SJR_IPG,2018-11-02_2022-10-24,0.7415056
SJR_IPG,2018-11-16_2022-11-07,0.74042606
SJR_IPG,2018-12-03_2022-11-21,0.73877907
SJR_IPG,2018-12-18_2022-12-06,0.73489666
SJR_IPG,2019-01-03_2022-12-20,0.7326412
SJR_IPG,2019-01-17_2023-01-05,0.7304678
SJR_IPG,2019-02-01_2023-01-20,0.728117
SJR_IPG,2019-02-15_2023-02-03,0.7263336
SJR_IPG,2019-03-04_2023-02-17,0.7220831
SJR_IPG,2019-03-18_2023-03-06,0.72061443
SJR_IPG,2019-04-01_2023-03-20,0.7217655
LBRDK_LBRDA,2016-04-07_2020-03-26,1.0081902
LBRDK_LBRDA,2016-04-21_2020-04-09,1.0096493
LBRDK_LBRDA,2016-05-05_2020-04-24,1.011116
LBRDK_LBRDA,2016-05-19_2020-05-08,1.0123043
LBRDK_LBRDA,2016-06-03_2020-05-22,1.0129013
LBRDK_LBRDA,2016-06-17_2020-06-08,1.0137882
LBRDK_LBRDA,2016-07-01_2020-06-22,1.0138073
LBRDK_LBRDA,2016-07-18_2020-07-07,1.0143261
LBRDK_LBRDA,2016-08-01_2020-07-21,1.0153065
LBRDK_LBRDA,2016-08-15_2020-08-04,1.0165253
LBRDK_LBRDA,2016-08-29_2020-08-18,1.0167313
LBRDK_LBRDA,2016-09-13_2020-09-01,1.0180321
LBRDK_LBRDA,2016-09-27_2020-09-16,1.0183716
LBRDK_LBRDA,2016-10-11_2020-09-30,1.0179005
LBRDK_LBRDA,2016-10-25_2020-10-14,1.0173779
LBRDK_LBRDA,2016-11-08_2020-10-28,1.0182514
LBRDK_LBRDA,2016-11-22_2020-11-11,1.0180912
LBRDK_LBRDA,2016-12-07_2020-11-25,1.0173416
LBRDK_LBRDA,2016-12-21_2020-12-10,1.0179176
LBRDK_LBRDA,2017-01-06_2020-12-24,1.0189953
LBRDK_LBRDA,2017-01-23_2021-01-11,1.0186539
LBRDK_LBRDA,2017-02-06_2021-01-26,1.0181961
LBRDK_LBRDA,2017-02-21_2021-02-09,1.0182667
LBRDK_LBRDA,2017-03-07_2021-02-24,1.019577
LBRDK_LBRDA,2017-03-21_2021-03-10,1.0215054
LBRDK_LBRDA,2017-04-04_2021-03-24,1.023798
LBRDK_LBRDA,2017-04-19_2021-04-08,1.0262222
LBRDK_LBRDA,2017-05-03_2021-04-22,1.0279236
LBRDK_LBRDA,2017-05-17_2021-05-06,1.0301228
LBRDK_LBRDA,2017-06-01_2021-05-20,1.031744
LBRDK_LBRDA,2017-06-15_2021-06-04,1.0328007
LBRDK_LBRDA,2017-06-29_2021-06-18,1.0334816
LBRDK_LBRDA,2017-07-14_2021-07-02,1.0353565
LBRDK_LBRDA,2017-07-28_2021-07-19,1.0370941
LBRDK_LBRDA,2017-08-11_2021-08-02,1.0387049
LBRDK_LBRDA,2017-08-25_2021-08-16,1.0406523
LBRDK_LBRDA,2017-09-11_2021-08-30,1.0413113
LBRDK_LBRDA,2017-09-25_2021-09-14,1.0418482
LBRDK_LBRDA,2017-10-09_2021-09-28,1.0427847
LBRDK_LBRDA,2017-10-23_2021-10-12,1.0424156
LBRDK_LBRDA,2017-11-06_2021-10-26,1.0419321
LBRDK_LBRDA,2017-11-20_2021-11-09,1.0413685
LBRDK_LBRDA,2017-12-05_2021-11-23,1.0410967
LBRDK_LBRDA,2017-12-19_2021-12-08,1.0414381
LBRDK_LBRDA,2018-01-04_2021-12-22,1.0410862
LBRDK_LBRDA,2018-01-19_2022-01-06,1.0401964
LBRDK_LBRDA,2018-02-02_2022-01-21,1.0403299
LBRDK_LBRDA,2018-02-16_2022-02-04,1.040268
LBRDK_LBRDA,2018-03-05_2022-02-18,1.0403051
LBRDK_LBRDA,2018-03-19_2022-03-07,1.0404243
LBRDK_LBRDA,2018-04-03_2022-03-21,1.0407696
LBRDK_LBRDA,2018-04-17_2022-04-04,1.0410442
LBRDK_LBRDA,2018-05-01_2022-04-19,1.041502
LBRDK_LBRDA,2018-05-15_2022-05-03,1.0418825
LBRDK_LBRDA,2018-05-30_2022-05-17,1.0417671
LBRDK_LBRDA,2018-06-13_2022-06-01,1.0419407
LBRDK_LBRDA,2018-06-27_2022-06-15,1.0417557
LBRDK_LBRDA,2018-07-12_2022-06-30,1.0415707
LBRDK_LBRDA,2018-07-26_2022-07-15,1.0416851
LBRDK_LBRDA,2018-08-09_2022-07-29,1.041832
LBRDK_LBRDA,2018-08-23_2022-08-12,1.0419922
LBRDK_LBRDA,2018-09-07_2022-08-26,1.042242
LBRDK_LBRDA,2018-09-21_2022-09-12,1.0420456
LBRDK_LBRDA,2018-10-05_2022-09-26,1.0422993
LBRDK_LBRDA,2018-10-19_2022-10-10,1.0427341
LBRDK_LBRDA,2018-11-02_2022-10-24,1.0430927
LBRDK_LBRDA,2018-11-16_2022-11-07,1.043438
LBRDK_LBRDA,2018-12-03_2022-11-21,1.0432892
LBRDK_LBRDA,2018-12-18_2022-12-06,1.0429764
LBRDK_LBRDA,2019-01-03_2022-12-20,1.0427341
LBRDK_LBRDA,2019-01-17_2023-01-05,1.0426102
LBRDK_LBRDA,2019-02-01_2023-01-20,1.0427685
LBRDK_LBRDA,2019-02-15_2023-02-03,1.0429096
LBRDK_LBRDA,2019-03-04_2023-02-17,1.0430622
LBRDK_LBRDA,2019-03-18_2023-03-06,1.0430698
LBRDK_LBRDA,2019-04-01_2023-03-20,1.042696
MTCH_LBRDA,2016-04-07_2020-03-26,0.9839258
MTCH_LBRDA,2016-04-21_2020-04-09,0.98805714
MTCH_LBRDA,2016-05-05_2020-04-24,0.9948654
MTCH_LBRDA,2016-05-19_2020-05-08,1.0013962
MTCH_LBRDA,2016-06-03_2020-05-22,1.0102234
MTCH_LBRDA,2016-06-17_2020-06-08,1.0188723
MTCH_LBRDA,2016-07-01_2020-06-22,1.0341339
MTCH_LBRDA,2016-07-18_2020-07-07,1.0587616
MTCH_LBRDA,2016-08-01_2020-07-21,1.0745106
MTCH_LBRDA,2016-08-15_2020-08-04,1.0878
MTCH_LBRDA,2016-08-29_2020-08-18,1.1106806
MTCH_LBRDA,2016-09-13_2020-09-01,1.1265097
MTCH_LBRDA,2016-09-27_2020-09-16,1.1353617
MTCH_LBRDA,2016-10-11_2020-09-30,1.1397438
MTCH_LBRDA,2016-10-25_2020-10-14,1.1470804
MTCH_LBRDA,2016-11-08_2020-10-28,1.1648464
MTCH_LBRDA,2016-11-22_2020-11-11,1.1874266
MTCH_LBRDA,2016-12-07_2020-11-25,1.2023687
MTCH_LBRDA,2016-12-21_2020-12-10,1.2198381
MTCH_LBRDA,2017-01-06_2020-12-24,1.2460136
MTCH_LBRDA,2017-01-23_2021-01-11,1.2698116
MTCH_LBRDA,2017-02-06_2021-01-26,1.2861633
MTCH_LBRDA,2017-02-21_2021-02-09,1.3035316
MTCH_LBRDA,2017-03-07_2021-02-24,1.3314066
MTCH_LBRDA,2017-03-21_2021-03-10,1.3460236
MTCH_LBRDA,2017-04-04_2021-03-24,1.3579435
MTCH_LBRDA,2017-04-19_2021-04-08,1.3626614
MTCH_LBRDA,2017-05-03_2021-04-22,1.3675957
MTCH_LBRDA,2017-05-17_2021-05-06,1.3716097
MTCH_LBRDA,2017-06-01_2021-05-20,1.3651791
MTCH_LBRDA,2017-06-15_2021-06-04,1.3576736
MTCH_LBRDA,2017-06-29_2021-06-18,1.3544054
MTCH_LBRDA,2017-07-14_2021-07-02,1.3550568
MTCH_LBRDA,2017-07-28_2021-07-19,1.3520994
MTCH_LBRDA,2017-08-11_2021-08-02,1.3494291
MTCH_LBRDA,2017-08-25_2021-08-16,1.3271847
MTCH_LBRDA,2017-09-11_2021-08-30,1.2945261
MTCH_LBRDA,2017-09-25_2021-09-14,1.2756586
MTCH_LBRDA,2017-10-09_2021-09-28,1.2710495
MTCH_LBRDA,2017-10-23_2021-10-12,1.2663345
MTCH_LBRDA,2017-11-06_2021-10-26,1.265707
MTCH_LBRDA,2017-11-20_2021-11-09,1.2629528
MTCH_LBRDA,2017-12-05_2021-11-23,1.256567
MTCH_LBRDA,2017-12-19_2021-12-08,1.2498226
MTCH_LBRDA,2018-01-04_2021-12-22,1.2440338
MTCH_LBRDA,2018-01-19_2022-01-06,1.2350645
MTCH_LBRDA,2018-02-02_2022-01-21,1.2284307
MTCH_LBRDA,2018-02-16_2022-02-04,1.2209959
MTCH_LBRDA,2018-03-05_2022-02-18,1.2131739
MTCH_LBRDA,2018-03-19_2022-03-07,1.2085781
MTCH_LBRDA,2018-04-03_2022-03-21,1.2044802
MTCH_LBRDA,2018-04-17_2022-04-04,1.202672
MTCH_LBRDA,2018-05-01_2022-04-19,1.2026739
MTCH_LBRDA,2018-05-15_2022-05-03,1.203845
MTCH_LBRDA,2018-05-30_2022-05-17,1.208395
MTCH_LBRDA,2018-06-13_2022-06-01,1.2143278
MTCH_LBRDA,2018-06-27_2022-06-15,1.2168283
MTCH_LBRDA,2018-07-12_2022-06-30,1.2169676
MTCH_LBRDA,2018-07-26_2022-07-15,1.217823
MTCH_LBRDA,2018-08-09_2022-07-29,1.2176962
MTCH_LBRDA,2018-08-23_2022-08-12,1.2229662
MTCH_LBRDA,2018-09-07_2022-08-26,1.2304907
MTCH_LBRDA,2018-09-21_2022-09-12,1.2386284
MTCH_LBRDA,2018-10-05_2022-09-26,1.242526
MTCH_LBRDA,2018-10-19_2022-10-10,1.2412434
MTCH_LBRDA,2018-11-02_2022-10-24,1.2398424
MTCH_LBRDA,2018-11-16_2022-11-07,1.2385292
MTCH_LBRDA,2018-12-03_2022-11-21,1.2358656
MTCH_LBRDA,2018-12-18_2022-12-06,1.237627
MTCH_LBRDA,2019-01-03_2022-12-20,1.2419415
MTCH_LBRDA,2019-01-17_2023-01-05,1.2444687
MTCH_LBRDA,2019-02-01_2023-01-20,1.2564869
MTCH_LBRDA,2019-02-15_2023-02-03,1.2616386
MTCH_LBRDA,2019-03-04_2023-02-17,1.2687397
MTCH_LBRDA,2019-03-18_2023-03-06,1.2735462
MTCH_LBRDA,2019-04-01_2023-03-20,1.2747974
MTCH_LBRDK,2016-04-07_2020-03-26,0.96266365
MTCH_LBRDK,2016-04-21_2020-04-09,0.9654913
MTCH_LBRDK,2016-05-05_2020-04-24,0.9711065
MTCH_LBRDK,2016-05-19_2020-05-08,0.97671795
MTCH_LBRDK,2016-06-03_2020-05-22,0.98509884
MTCH_LBRDK,2016-06-17_2020-06-08,0.99319553
MTCH_LBRDK,2016-07-01_2020-06-22,1.0083389
MTCH_LBRDK,2016-07-18_2020-07-07,1.0323915
MTCH_LBRDK,2016-08-01_2020-07-21,1.04743
MTCH_LBRDK,2016-08-15_2020-08-04,1.0597372
MTCH_LBRDK,2016-08-29_2020-08-18,1.082427
MTCH_LBRDK,2016-09-13_2020-09-01,1.0973234
MTCH_LBRDK,2016-09-27_2020-09-16,1.1060295
MTCH_LBRDK,2016-10-11_2020-09-30,1.1111202
MTCH_LBRDK,2016-10-25_2020-10-14,1.1190643
MTCH_LBRDK,2016-11-08_2020-10-28,1.1356077
MTCH_LBRDK,2016-11-22_2020-11-11,1.1578255
MTCH_LBRDK,2016-12-07_2020-11-25,1.1734924
MTCH_LBRDK,2016-12-21_2020-12-10,1.1905947
MTCH_LBRDK,2017-01-06_2020-12-24,1.2156982
MTCH_LBRDK,2017-01-23_2021-01-11,1.2394972
MTCH_LBRDK,2017-02-06_2021-01-26,1.2563353
MTCH_LBRDK,2017-02-21_2021-02-09,1.2737226
MTCH_LBRDK,2017-03-07_2021-02-24,1.3008776
MTCH_LBRDK,2017-03-21_2021-03-10,1.3141136
MTCH_LBRDK,2017-04-04_2021-03-24,1.3240633
MTCH_LBRDK,2017-04-19_2021-04-08,1.3265572
MTCH_LBRDK,2017-05-03_2021-04-22,1.3299074
MTCH_LBRDK,2017-05-17_2021-05-06,1.3316393
MTCH_LBRDK,2017-06-01_2021-05-20,1.3235149
MTCH_LBRDK,2017-06-15_2021-06-04,1.3149672
MTCH_LBRDK,2017-06-29_2021-06-18,1.3111305
MTCH_LBRDK,2017-07-14_2021-07-02,1.3098354
MTCH_LBRDK,2017-07-28_2021-07-19,1.3049908
MTCH_LBRDK,2017-08-11_2021-08-02,1.3002634
MTCH_LBRDK,2017-08-25_2021-08-16,1.2754211
MTCH_LBRDK,2017-09-11_2021-08-30,1.2426853
MTCH_LBRDK,2017-09-25_2021-09-14,1.2241039
MTCH_LBRDK,2017-10-09_2021-09-28,1.2187176
MTCH_LBRDK,2017-10-23_2021-10-12,1.2147408
MTCH_LBRDK,2017-11-06_2021-10-26,1.2147303
MTCH_LBRDK,2017-11-20_2021-11-09,1.2127247
MTCH_LBRDK,2017-12-05_2021-11-23,1.2070894
MTCH_LBRDK,2017-12-19_2021-12-08,1.2002735
MTCH_LBRDK,2018-01-04_2021-12-22,1.1951084
MTCH_LBRDK,2018-01-19_2022-01-06,1.1875534
MTCH_LBRDK,2018-02-02_2022-01-21,1.1810198
MTCH_LBRDK,2018-02-16_2022-02-04,1.1739264
MTCH_LBRDK,2018-03-05_2022-02-18,1.1663122
MTCH_LBRDK,2018-03-19_2022-03-07,1.1617537
MTCH_LBRDK,2018-04-03_2022-03-21,1.1572456
MTCH_LBRDK,2018-04-17_2022-04-04,1.1551561
MTCH_LBRDK,2018-05-01_2022-04-19,1.1543436
MTCH_LBRDK,2018-05-15_2022-05-03,1.154706
MTCH_LBRDK,2018-05-30_2022-05-17,1.1588583
MTCH_LBRDK,2018-06-13_2022-06-01,1.1638851
MTCH_LBRDK,2018-06-27_2022-06-15,1.1661568
MTCH_LBRDK,2018-07-12_2022-06-30,1.1663895
MTCH_LBRDK,2018-07-26_2022-07-15,1.1670275
MTCH_LBRDK,2018-08-09_2022-07-29,1.1668148
MTCH_LBRDK,2018-08-23_2022-08-12,1.1718426
MTCH_LBRDK,2018-09-07_2022-08-26,1.1789818
MTCH_LBRDK,2018-09-21_2022-09-12,1.1870222
MTCH_LBRDK,2018-10-05_2022-09-26,1.1904459
MTCH_LBRDK,2018-10-19_2022-10-10,1.1886196
MTCH_LBRDK,2018-11-02_2022-10-24,1.1868048
MTCH_LBRDK,2018-11-16_2022-11-07,1.1851425
MTCH_LBRDK,2018-12-03_2022-11-21,1.1827316
MTCH_LBRDK,2018-12-18_2022-12-06,1.1847477
MTCH_LBRDK,2019-01-03_2022-12-20,1.1891613
MTCH_LBRDK,2019-01-17_2023-01-05,1.1917248
MTCH_LBRDK,2019-02-01_2023-01-20,1.2029619
MTCH_LBRDK,2019-02-15_2023-02-03,1.207778
MTCH_LBRDK,2019-03-04_2023-02-17,1.214488
MTCH_LBRDK,2019-03-18_2023-03-06,1.2191381
MTCH_LBRDK,2019-04-01_2023-03-20,1.2208261
NXST_LYV,2016-04-07_2020-03-26,1.2544804
NXST_LYV,2016-04-21_2020-04-09,1.2563887
NXST_LYV,2016-05-05_2020-04-24,1.2623138
NXST_LYV,2016-05-19_2020-05-08,1.2651796
NXST_LYV,2016-06-03_2020-05-22,1.2666044
NXST_LYV,2016-06-17_2020-06-08,1.2712526
NXST_LYV,2016-07-01_2020-06-22,1.2715607
NXST_LYV,2016-07-18_2020-07-07,1.2719536
NXST_LYV,2016-08-01_2020-07-21,1.2735252
NXST_LYV,2016-08-15_2020-08-04,1.2718067
NXST_LYV,2016-08-29_2020-08-18,1.2733364
NXST_LYV,2016-09-13_2020-09-01,1.2763443
NXST_LYV,2016-09-27_2020-09-16,1.28051
NXST_LYV,2016-10-11_2020-09-30,1.2861309
NXST_LYV,2016-10-25_2020-10-14,1.2869415
NXST_LYV,2016-11-08_2020-10-28,1.2814846
NXST_LYV,2016-11-22_2020-11-11,1.2822819
NXST_LYV,2016-12-07_2020-11-25,1.2918644
NXST_LYV,2016-12-21_2020-12-10,1.3094158
NXST_LYV,2017-01-06_2020-12-24,1.3164864
NXST_LYV,2017-01-23_2021-01-11,1.3306599
NXST_LYV,2017-02-06_2021-01-26,1.3469276
NXST_LYV,2017-02-21_2021-02-09,1.3786983
NXST_LYV,2017-03-07_2021-02-24,1.4034843
NXST_LYV,2017-03-21_2021-03-10,1.4494724
NXST_LYV,2017-04-04_2021-03-24,1.5127773
NXST_LYV,2017-04-19_2021-04-08,1.5490437
NXST_LYV,2017-05-03_2021-04-22,1.6014423
NXST_LYV,2017-05-17_2021-05-06,1.6393147
NXST_LYV,2017-06-01_2021-05-20,1.6649303
NXST_LYV,2017-06-15_2021-06-04,1.6792297
NXST_LYV,2017-06-29_2021-06-18,1.6922474
NXST_LYV,2017-07-14_2021-07-02,1.7041397
NXST_LYV,2017-07-28_2021-07-19,1.7262707
NXST_LYV,2017-08-11_2021-08-02,1.7482338
NXST_LYV,2017-08-25_2021-08-16,1.7648087
NXST_LYV,2017-09-11_2021-08-30,1.7738113
NXST_LYV,2017-09-25_2021-09-14,1.7723274
NXST_LYV,2017-10-09_2021-09-28,1.774929
NXST_LYV,2017-10-23_2021-10-12,1.7557068
NXST_LYV,2017-11-06_2021-10-26,1.7270298
NXST_LYV,2017-11-20_2021-11-09,1.6877289
NXST_LYV,2017-12-05_2021-11-23,1.6515923
NXST_LYV,2017-12-19_2021-12-08,1.6270313
NXST_LYV,2018-01-04_2021-12-22,1.5946941
NXST_LYV,2018-01-19_2022-01-06,1.5381775
NXST_LYV,2018-02-02_2022-01-21,1.5185432
NXST_LYV,2018-02-16_2022-02-04,1.51618
NXST_LYV,2018-03-05_2022-02-18,1.5113087
NXST_LYV,2018-03-19_2022-03-07,1.5073528
NXST_LYV,2018-04-03_2022-03-21,1.5171795
NXST_LYV,2018-04-17_2022-04-04,1.52421
NXST_LYV,2018-05-01_2022-04-19,1.52528
NXST_LYV,2018-05-15_2022-05-03,1.519825
NXST_LYV,2018-05-30_2022-05-17,1.5261497
NXST_LYV,2018-06-13_2022-06-01,1.5352001
NXST_LYV,2018-06-27_2022-06-15,1.5445099
NXST_LYV,2018-07-12_2022-06-30,1.5488911
NXST_LYV,2018-07-26_2022-07-15,1.5535297
NXST_LYV,2018-08-09_2022-07-29,1.5645409
NXST_LYV,2018-08-23_2022-08-12,1.583662
NXST_LYV,2018-09-07_2022-08-26,1.6034317
NXST_LYV,2018-09-21_2022-09-12,1.6166973
NXST_LYV,2018-10-05_2022-09-26,1.6229076
NXST_LYV,2018-10-19_2022-10-10,1.6206722
NXST_LYV,2018-11-02_2022-10-24,1.6177921
NXST_LYV,2018-11-16_2022-11-07,1.613512
NXST_LYV,2018-12-03_2022-11-21,1.6014824
NXST_LYV,2018-12-18_2022-12-06,1.5894718
NXST_LYV,2019-01-03_2022-12-20,1.5762234
NXST_LYV,2019-01-17_2023-01-05,1.5611362
NXST_LYV,2019-02-01_2023-01-20,1.5495586
NXST_LYV,2019-02-15_2023-02-03,1.546915
NXST_LYV,2019-03-04_2023-02-17,1.544878
NXST_LYV,2019-03-18_2023-03-06,1.5351887
NXST_LYV,2019-04-01_2023-03-20,1.521389
SJR_LYV,2016-04-07_2020-03-26,0.03731489
SJR_LYV,2016-04-21_2020-04-09,0.036239386
SJR_LYV,2016-05-05_2020-04-24,0.03515339
SJR_LYV,2016-05-19_2020-05-08,0.03386116
SJR_LYV,2016-06-03_2020-05-22,0.032747984
SJR_LYV,2016-06-17_2020-06-08,0.031051636
SJR_LYV,2016-07-01_2020-06-22,0.02949953
SJR_LYV,2016-07-18_2020-07-07,0.028180838
SJR_LYV,2016-08-01_2020-07-21,0.027270555
SJR_LYV,2016-08-15_2020-08-04,0.026565075
SJR_LYV,2016-08-29_2020-08-18,0.026089191
SJR_LYV,2016-09-13_2020-09-01,0.0254426
SJR_LYV,2016-09-27_2020-09-16,0.024406433
SJR_LYV,2016-10-11_2020-09-30,0.023648739
SJR_LYV,2016-10-25_2020-10-14,0.022547722
SJR_LYV,2016-11-08_2020-10-28,0.021029472
SJR_LYV,2016-11-22_2020-11-11,0.019138813
SJR_LYV,2016-12-07_2020-11-25,0.0166049
SJR_LYV,2016-12-21_2020-12-10,0.015071392
SJR_LYV,2017-01-06_2020-12-24,0.013023853
SJR_LYV,2017-01-23_2021-01-11,0.011937141
SJR_LYV,2017-02-06_2021-01-26,0.011378765
SJR_LYV,2017-02-21_2021-02-09,0.010838032
SJR_LYV,2017-03-07_2021-02-24,0.009467125
SJR_LYV,2017-03-21_2021-03-10,0.008440495
SJR_LYV,2017-04-04_2021-03-24,0.020093918
SJR_LYV,2017-04-19_2021-04-08,0.032524586
SJR_LYV,2017-05-03_2021-04-22,0.044528484
SJR_LYV,2017-05-17_2021-05-06,0.057183266
SJR_LYV,2017-06-01_2021-05-20,0.07149887
SJR_LYV,2017-06-15_2021-06-04,0.087246895
SJR_LYV,2017-06-29_2021-06-18,0.1018939
SJR_LYV,2017-07-14_2021-07-02,0.114130974
SJR_LYV,2017-07-28_2021-07-19,0.12447262
SJR_LYV,2017-08-11_2021-08-02,0.13401318
SJR_LYV,2017-08-25_2021-08-16,0.14356232
SJR_LYV,2017-09-11_2021-08-30,0.1531477
SJR_LYV,2017-09-25_2021-09-14,0.1623931
SJR_LYV,2017-10-09_2021-09-28,0.17071772
SJR_LYV,2017-10-23_2021-10-12,0.17834616
SJR_LYV,2017-11-06_2021-10-26,0.18423986
SJR_LYV,2017-11-20_2021-11-09,0.18671513
SJR_LYV,2017-12-05_2021-11-23,0.18829346
SJR_LYV,2017-12-19_2021-12-08,0.19240212
SJR_LYV,2018-01-04_2021-12-22,0.19569302
SJR_LYV,2018-01-19_2022-01-06,0.1966412
SJR_LYV,2018-02-02_2022-01-21,0.19884229
SJR_LYV,2018-02-16_2022-02-04,0.20147586
SJR_LYV,2018-03-05_2022-02-18,0.20100379
SJR_LYV,2018-03-19_2022-03-07,0.20071554
SJR_LYV,2018-04-03_2022-03-21,0.20270777
SJR_LYV,2018-04-17_2022-04-04,0.2054267
SJR_LYV,2018-05-01_2022-04-19,0.20960283
SJR_LYV,2018-05-15_2022-05-03,0.21266198
SJR_LYV,2018-05-30_2022-05-17,0.21538615
SJR_LYV,2018-06-13_2022-06-01,0.2183268
SJR_LYV,2018-06-27_2022-06-15,0.22078848
SJR_LYV,2018-07-12_2022-06-30,0.22319889
SJR_LYV,2018-07-26_2022-07-15,0.22495222
SJR_LYV,2018-08-09_2022-07-29,0.22667861
SJR_LYV,2018-08-23_2022-08-12,0.228194
SJR_LYV,2018-09-07_2022-08-26,0.2296207
SJR_LYV,2018-09-21_2022-09-12,0.23022294
SJR_LYV,2018-10-05_2022-09-26,0.23063087
SJR_LYV,2018-10-19_2022-10-10,0.23110199
SJR_LYV,2018-11-02_2022-10-24,0.23159266
SJR_LYV,2018-11-16_2022-11-07,0.23143673
SJR_LYV,2018-12-03_2022-11-21,0.23093581
SJR_LYV,2018-12-18_2022-12-06,0.2299037
SJR_LYV,2019-01-03_2022-12-20,0.22934103
SJR_LYV,2019-01-17_2023-01-05,0.22872877
SJR_LYV,2019-02-01_2023-01-20,0.22869873
SJR_LYV,2019-02-15_2023-02-03,0.22973013
SJR_LYV,2019-03-04_2023-02-17,0.2302947
SJR_LYV,2019-03-18_2023-03-06,0.22917223
SJR_LYV,2019-04-01_2023-03-20,0.22684145
NYT_MTCH,2016-04-07_2020-03-26,0.30857885
NYT_MTCH,2016-04-21_2020-04-09,0.30805027
NYT_MTCH,2016-05-05_2020-04-24,0.30526268
NYT_MTCH,2016-05-19_2020-05-08,0.30317163
NYT_MTCH,2016-06-03_2020-05-22,0.30316424
NYT_MTCH,2016-06-17_2020-06-08,0.30340445
NYT_MTCH,2016-07-01_2020-06-22,0.3044001
NYT_MTCH,2016-07-18_2020-07-07,0.30389082
NYT_MTCH,2016-08-01_2020-07-21,0.30596113
NYT_MTCH,2016-08-15_2020-08-04,0.3082937
NYT_MTCH,2016-08-29_2020-08-18,0.30549192
NYT_MTCH,2016-09-13_2020-09-01,0.30286598
NYT_MTCH,2016-09-27_2020-09-16,0.3009267
NYT_MTCH,2016-10-11_2020-09-30,0.29824877
NYT_MTCH,2016-10-25_2020-10-14,0.2959212
NYT_MTCH,2016-11-08_2020-10-28,0.29105186
NYT_MTCH,2016-11-22_2020-11-11,0.28106534
NYT_MTCH,2016-12-07_2020-11-25,0.27147424
NYT_MTCH,2016-12-21_2020-12-10,0.26553
NYT_MTCH,2017-01-06_2020-12-24,0.26099777
NYT_MTCH,2017-01-23_2021-01-11,0.25699866
NYT_MTCH,2017-02-06_2021-01-26,0.25449753
NYT_MTCH,2017-02-21_2021-02-09,0.25318074
NYT_MTCH,2017-03-07_2021-02-24,0.24831629
NYT_MTCH,2017-03-21_2021-03-10,0.2474271
NYT_MTCH,2017-04-04_2021-03-24,0.24514735
NYT_MTCH,2017-04-19_2021-04-08,0.2443862
NYT_MTCH,2017-05-03_2021-04-22,0.24257088
NYT_MTCH,2017-05-17_2021-05-06,0.23911583
NYT_MTCH,2017-06-01_2021-05-20,0.2361412
NYT_MTCH,2017-06-15_2021-06-04,0.23308837
NYT_MTCH,2017-06-29_2021-06-18,0.2293489
NYT_MTCH,2017-07-14_2021-07-02,0.2243104
NYT_MTCH,2017-07-28_2021-07-19,0.21958303
NYT_MTCH,2017-08-11_2021-08-02,0.21550763
NYT_MTCH,2017-08-25_2021-08-16,0.21495402
NYT_MTCH,2017-09-11_2021-08-30,0.21582174
NYT_MTCH,2017-09-25_2021-09-14,0.21588147
NYT_MTCH,2017-10-09_2021-09-28,0.21542215
NYT_MTCH,2017-10-23_2021-10-12,0.21517456
NYT_MTCH,2017-11-06_2021-10-26,0.21559095
NYT_MTCH,2017-11-20_2021-11-09,0.21511483
NYT_MTCH,2017-12-05_2021-11-23,0.21386445
NYT_MTCH,2017-12-19_2021-12-08,0.2130388
NYT_MTCH,2018-01-04_2021-12-22,0.21198404
NYT_MTCH,2018-01-19_2022-01-06,0.21143425
NYT_MTCH,2018-02-02_2022-01-21,0.21109486
NYT_MTCH,2018-02-16_2022-02-04,0.2107544
NYT_MTCH,2018-03-05_2022-02-18,0.21072471
NYT_MTCH,2018-03-19_2022-03-07,0.21047461
NYT_MTCH,2018-04-03_2022-03-21,0.209625
NYT_MTCH,2018-04-17_2022-04-04,0.20921469
NYT_MTCH,2018-05-01_2022-04-19,0.20802665
NYT_MTCH,2018-05-15_2022-05-03,0.20662618
NYT_MTCH,2018-05-30_2022-05-17,0.20553708
NYT_MTCH,2018-06-13_2022-06-01,0.20437455
NYT_MTCH,2018-06-27_2022-06-15,0.20417118
NYT_MTCH,2018-07-12_2022-06-30,0.20483255
NYT_MTCH,2018-07-26_2022-07-15,0.2051878
NYT_MTCH,2018-08-09_2022-07-29,0.20485973
NYT_MTCH,2018-08-23_2022-08-12,0.2031815
NYT_MTCH,2018-09-07_2022-08-26,0.20108747
NYT_MTCH,2018-09-21_2022-09-12,0.19856334
NYT_MTCH,2018-10-05_2022-09-26,0.19629478
NYT_MTCH,2018-10-19_2022-10-10,0.19458771
NYT_MTCH,2018-11-02_2022-10-24,0.19274521
NYT_MTCH,2018-11-16_2022-11-07,0.19123268
NYT_MTCH,2018-12-03_2022-11-21,0.18827724
NYT_MTCH,2018-12-18_2022-12-06,0.18474197
NYT_MTCH,2019-01-03_2022-12-20,0.18007898
NYT_MTCH,2019-01-17_2023-01-05,0.17590141
NYT_MTCH,2019-02-01_2023-01-20,0.17238641
NYT_MTCH,2019-02-15_2023-02-03,0.17015457
NYT_MTCH,2019-03-04_2023-02-17,0.16661263
NYT_MTCH,2019-03-18_2023-03-06,0.16315246
NYT_MTCH,2019-04-01_2023-03-20,0.15970731
NWSA_NWS,2016-04-07_2020-03-26,0.9910126
NWSA_NWS,2016-04-21_2020-04-09,0.98618317
NWSA_NWS,2016-05-05_2020-04-24,0.9845276
NWSA_NWS,2016-05-19_2020-05-08,0.9835205
NWSA_NWS,2016-06-03_2020-05-22,0.9822998
NWSA_NWS,2016-06-17_2020-06-08,0.98119354
NWSA_NWS,2016-07-01_2020-06-22,0.97950745
NWSA_NWS,2016-07-18_2020-07-07,0.97727966
NWSA_NWS,2016-08-01_2020-07-21,0.9756775
NWSA_NWS,2016-08-15_2020-08-04,0.97483826
NWSA_NWS,2016-08-29_2020-08-18,0.9763336
NWSA_NWS,2016-09-13_2020-09-01,0.97869873
NWSA_NWS,2016-09-27_2020-09-16,0.9812393
NWSA_NWS,2016-10-11_2020-09-30,0.9833069
NWSA_NWS,2016-10-25_2020-10-14,0.9845505
NWSA_NWS,2016-11-08_2020-10-28,0.9847946
NWSA_NWS,2016-11-22_2020-11-11,0.985054
NWSA_NWS,2016-12-07_2020-11-25,0.98822784
NWSA_NWS,2016-12-21_2020-12-10,0.99227905
NWSA_NWS,2017-01-06_2020-12-24,0.9971237
NWSA_NWS,2017-01-23_2021-01-11,1.0039177
NWSA_NWS,2017-02-06_2021-01-26,1.011879
NWSA_NWS,2017-02-21_2021-02-09,1.0218849
NWSA_NWS,2017-03-07_2021-02-24,1.0273056
NWSA_NWS,2017-03-21_2021-03-10,1.0400848
NWSA_NWS,2017-04-04_2021-03-24,1.0626659
NWSA_NWS,2017-04-19_2021-04-08,1.0817146
NWSA_NWS,2017-05-03_2021-04-22,1.0958042
NWSA_NWS,2017-05-17_2021-05-06,1.1074123
NWSA_NWS,2017-06-01_2021-05-20,1.1148281
NWSA_NWS,2017-06-15_2021-06-04,1.1158962
NWSA_NWS,2017-06-29_2021-06-18,1.1172237
NWSA_NWS,2017-07-14_2021-07-02,1.1195345
NWSA_NWS,2017-07-28_2021-07-19,1.1213751
NWSA_NWS,2017-08-11_2021-08-02,1.1221485
NWSA_NWS,2017-08-25_2021-08-16,1.1212788
NWSA_NWS,2017-09-11_2021-08-30,1.120162
NWSA_NWS,2017-09-25_2021-09-14,1.1187096
NWSA_NWS,2017-10-09_2021-09-28,1.1162701
NWSA_NWS,2017-10-23_2021-10-12,1.112319
NWSA_NWS,2017-11-06_2021-10-26,1.10639
NWSA_NWS,2017-11-20_2021-11-09,1.1037788
NWSA_NWS,2017-12-05_2021-11-23,1.1002731
NWSA_NWS,2017-12-19_2021-12-08,1.0977888
NWSA_NWS,2018-01-04_2021-12-22,1.0956373
NWSA_NWS,2018-01-19_2022-01-06,1.0927591
NWSA_NWS,2018-02-02_2022-01-21,1.0901222
NWSA_NWS,2018-02-16_2022-02-04,1.088151
NWSA_NWS,2018-03-05_2022-02-18,1.0848074
NWSA_NWS,2018-03-19_2022-03-07,1.0831089
NWSA_NWS,2018-04-03_2022-03-21,1.0808611
NWSA_NWS,2018-04-17_2022-04-04,1.0782309
NWSA_NWS,2018-05-01_2022-04-19,1.0761385
NWSA_NWS,2018-05-15_2022-05-03,1.0749378
NWSA_NWS,2018-05-30_2022-05-17,1.0745287
NWSA_NWS,2018-06-13_2022-06-01,1.0741568
NWSA_NWS,2018-06-27_2022-06-15,1.0739565
NWSA_NWS,2018-07-12_2022-06-30,1.0739107
NWSA_NWS,2018-07-26_2022-07-15,1.0739012
NWSA_NWS,2018-08-09_2022-07-29,1.0737553
NWSA_NWS,2018-08-23_2022-08-12,1.0732088
NWSA_NWS,2018-09-07_2022-08-26,1.0724401
NWSA_NWS,2018-09-21_2022-09-12,1.0719376
NWSA_NWS,2018-10-05_2022-09-26,1.0716114
NWSA_NWS,2018-10-19_2022-10-10,1.071558
NWSA_NWS,2018-11-02_2022-10-24,1.0717039
NWSA_NWS,2018-11-16_2022-11-07,1.0716486
NWSA_NWS,2018-12-03_2022-11-21,1.0711927
NWSA_NWS,2018-12-18_2022-12-06,1.0707426
NWSA_NWS,2019-01-03_2022-12-20,1.0709133
NWSA_NWS,2019-01-17_2023-01-05,1.0709591
NWSA_NWS,2019-02-01_2023-01-20,1.0706768
NWSA_NWS,2019-02-15_2023-02-03,1.0700216
NWSA_NWS,2019-03-04_2023-02-17,1.0694761
NWSA_NWS,2019-03-18_2023-03-06,1.0695696
NWSA_NWS,2019-04-01_2023-03-20,1.0702648
PARA_NWS,2016-04-07_2020-03-26,0.3954773
PARA_NWS,2016-04-21_2020-04-09,1.0253601
PARA_NWS,2016-05-05_2020-04-24,1.5148468
PARA_NWS,2016-05-19_2020-05-08,1.8553467
PARA_NWS,2016-06-03_2020-05-22,2.0805511
PARA_NWS,2016-06-17_2020-06-08,2.1830292
PARA_NWS,2016-07-01_2020-06-22,2.3341522
PARA_NWS,2016-07-18_2020-07-07,2.5027313
PARA_NWS,2016-08-01_2020-07-21,2.5943909
PARA_NWS,2016-08-15_2020-08-04,2.6324768
PARA_NWS,2016-08-29_2020-08-18,2.4911041
PARA_NWS,2016-09-13_2020-09-01,2.3374176
PARA_NWS,2016-09-27_2020-09-16,2.198288
PARA_NWS,2016-10-11_2020-09-30,2.107605
PARA_NWS,2016-10-25_2020-10-14,2.0445404
PARA_NWS,2016-11-08_2020-10-28,2.0685577
PARA_NWS,2016-11-22_2020-11-11,2.0504608
PARA_NWS,2016-12-07_2020-11-25,1.8294525
PARA_NWS,2016-12-21_2020-12-10,1.6470947
PARA_NWS,2017-01-06_2020-12-24,1.5534515
PARA_NWS,2017-01-23_2021-01-11,1.4556122
PARA_NWS,2017-02-06_2021-01-26,1.4547119
PARA_NWS,2017-02-21_2021-02-09,1.4953461
PARA_NWS,2017-03-07_2021-02-24,1.5898056
PARA_NWS,2017-03-21_2021-03-10,1.8605804
PARA_NWS,2017-04-04_2021-03-24,2.3227234
PARA_NWS,2017-04-19_2021-04-08,2.0960922
PARA_NWS,2017-05-03_2021-04-22,1.8120193
PARA_NWS,2017-05-17_2021-05-06,1.6233559
PARA_NWS,2017-06-01_2021-05-20,1.4349213
PARA_NWS,2017-06-15_2021-06-04,1.2980347
PARA_NWS,2017-06-29_2021-06-18,1.196392
PARA_NWS,2017-07-14_2021-07-02,1.1401978
PARA_NWS,2017-07-28_2021-07-19,1.0892448
PARA_NWS,2017-08-11_2021-08-02,1.0426903
PARA_NWS,2017-08-25_2021-08-16,1.0105247
PARA_NWS,2017-09-11_2021-08-30,0.99760056
PARA_NWS,2017-09-25_2021-09-14,0.98662186
PARA_NWS,2017-10-09_2021-09-28,0.9650841
PARA_NWS,2017-10-23_2021-10-12,0.93364716
PARA_NWS,2017-11-06_2021-10-26,0.8955231
PARA_NWS,2017-11-20_2021-11-09,0.8549614
PARA_NWS,2017-12-05_2021-11-23,0.8068943
PARA_NWS,2017-12-19_2021-12-08,0.7627125
PARA_NWS,2018-01-04_2021-12-22,0.71993446
PARA_NWS,2018-01-19_2022-01-06,0.6715832
PARA_NWS,2018-02-02_2022-01-21,0.6385727
PARA_NWS,2018-02-16_2022-02-04,0.6101074
PARA_NWS,2018-03-05_2022-02-18,0.5783081
PARA_NWS,2018-03-19_2022-03-07,0.5511017
PARA_NWS,2018-04-03_2022-03-21,0.5358715
PARA_NWS,2018-04-17_2022-04-04,0.5261173
PARA_NWS,2018-05-01_2022-04-19,0.5148659
PARA_NWS,2018-05-15_2022-05-03,0.49794388
PARA_NWS,2018-05-30_2022-05-17,0.4938736
PARA_NWS,2018-06-13_2022-06-01,0.4950142
PARA_NWS,2018-06-27_2022-06-15,0.49956703
PARA_NWS,2018-07-12_2022-06-30,0.5122452
PARA_NWS,2018-07-26_2022-07-15,0.5256214
PARA_NWS,2018-08-09_2022-07-29,0.5327358
PARA_NWS,2018-08-23_2022-08-12,0.54060364
PARA_NWS,2018-09-07_2022-08-26,0.5525074
PARA_NWS,2018-09-21_2022-09-12,0.5776539
PARA_NWS,2018-10-05_2022-09-26,0.60528183
PARA_NWS,2018-10-19_2022-10-10,0.63778305
PARA_NWS,2018-11-02_2022-10-24,0.6703682
PARA_NWS,2018-11-16_2022-11-07,0.69664955
PARA_NWS,2018-12-03_2022-11-21,0.7177963
PARA_NWS,2018-12-18_2022-12-06,0.73005295
PARA_NWS,2019-01-03_2022-12-20,0.7452011
PARA_NWS,2019-01-17_2023-01-05,0.76350594
PARA_NWS,2019-02-01_2023-01-20,0.7785492
PARA_NWS,2019-02-15_2023-02-03,0.78987885
PARA_NWS,2019-03-04_2023-02-17,0.80872536
PARA_NWS,2019-03-18_2023-03-06,0.8405609
PARA_NWS,2019-04-01_2023-03-20,0.8800831
PARA_NWSA,2016-04-07_2020-03-26,0.26898193
PARA_NWSA,2016-04-21_2020-04-09,0.8870239
PARA_NWSA,2016-05-05_2020-04-24,1.3911438
PARA_NWSA,2016-05-19_2020-05-08,1.7428131
PARA_NWSA,2016-06-03_2020-05-22,1.9674988
PARA_NWSA,2016-06-17_2020-06-08,2.052948
PARA_NWSA,2016-07-01_2020-06-22,2.188919
PARA_NWSA,2016-07-18_2020-07-07,2.3501587
PARA_NWSA,2016-08-01_2020-07-21,2.4282684
PARA_NWSA,2016-08-15_2020-08-04,2.4468384
PARA_NWSA,2016-08-29_2020-08-18,2.2769775
PARA_NWSA,2016-09-13_2020-09-01,2.087265
PARA_NWSA,2016-09-27_2020-09-16,1.9150543
PARA_NWSA,2016-10-11_2020-09-30,1.7934723
PARA_NWSA,2016-10-25_2020-10-14,1.7031708
PARA_NWSA,2016-11-08_2020-10-28,1.7002563
PARA_NWSA,2016-11-22_2020-11-11,1.6656799
PARA_NWSA,2016-12-07_2020-11-25,1.4483185
PARA_NWSA,2016-12-21_2020-12-10,1.2782898
PARA_NWSA,2017-01-06_2020-12-24,1.1813965
PARA_NWSA,2017-01-23_2021-01-11,1.0862885
PARA_NWSA,2017-02-06_2021-01-26,1.0943298
PARA_NWSA,2017-02-21_2021-02-09,1.1587677
PARA_NWSA,2017-03-07_2021-02-24,1.3031998
PARA_NWSA,2017-03-21_2021-03-10,1.6001587
PARA_NWSA,2017-04-04_2021-03-24,2.0717087
PARA_NWSA,2017-04-19_2021-04-08,1.810936
PARA_NWSA,2017-05-03_2021-04-22,1.5207939
PARA_NWSA,2017-05-17_2021-05-06,1.3306656
PARA_NWSA,2017-06-01_2021-05-20,1.1576767
PARA_NWSA,2017-06-15_2021-06-04,1.0471306
PARA_NWSA,2017-06-29_2021-06-18,0.9650154
PARA_NWSA,2017-07-14_2021-07-02,0.91934586
PARA_NWSA,2017-07-28_2021-07-19,0.8782425
PARA_NWSA,2017-08-11_2021-08-02,0.8420315
PARA_NWSA,2017-08-25_2021-08-16,0.81952095
PARA_NWSA,2017-09-11_2021-08-30,0.8121624
PARA_NWSA,2017-09-25_2021-09-14,0.80672836
PARA_NWSA,2017-10-09_2021-09-28,0.7939434
PARA_NWSA,2017-10-23_2021-10-12,0.77495384
PARA_NWSA,2017-11-06_2021-10-26,0.752758
PARA_NWSA,2017-11-20_2021-11-09,0.72362137
PARA_NWSA,2017-12-05_2021-11-23,0.689209
PARA_NWSA,2017-12-19_2021-12-08,0.65732
PARA_NWSA,2018-01-04_2021-12-22,0.62693405
PARA_NWSA,2018-01-19_2022-01-06,0.5920906
PARA_NWSA,2018-02-02_2022-01-21,0.5689106
PARA_NWSA,2018-02-16_2022-02-04,0.5479584
PARA_NWSA,2018-03-05_2022-02-18,0.5254288
PARA_NWSA,2018-03-19_2022-03-07,0.50491905
PARA_NWSA,2018-04-03_2022-03-21,0.49516487
PARA_NWSA,2018-04-17_2022-04-04,0.48943138
PARA_NWSA,2018-05-01_2022-04-19,0.48213005
PARA_NWSA,2018-05-15_2022-05-03,0.46969414
PARA_NWSA,2018-05-30_2022-05-17,0.46839714
PARA_NWSA,2018-06-13_2022-06-01,0.47153854
PARA_NWSA,2018-06-27_2022-06-15,0.477808
PARA_NWSA,2018-07-12_2022-06-30,0.49183083
PARA_NWSA,2018-07-26_2022-07-15,0.50616837
PARA_NWSA,2018-08-09_2022-07-29,0.5146198
PARA_NWSA,2018-08-23_2022-08-12,0.52492714
PARA_NWSA,2018-09-07_2022-08-26,0.5398483
PARA_NWSA,2018-09-21_2022-09-12,0.5668278
PARA_NWSA,2018-10-05_2022-09-26,0.5959034
PARA_NWSA,2018-10-19_2022-10-10,0.628479
PARA_NWSA,2018-11-02_2022-10-24,0.6600456
PARA_NWSA,2018-11-16_2022-11-07,0.68655014
PARA_NWSA,2018-12-03_2022-11-21,0.7101402
PARA_NWSA,2018-12-18_2022-12-06,0.72504616
PARA_NWSA,2019-01-03_2022-12-20,0.74152946
PARA_NWSA,2019-01-17_2023-01-05,0.7609806
PARA_NWSA,2019-02-01_2023-01-20,0.77776337
PARA_NWSA,2019-02-15_2023-02-03,0.7909908
PARA_NWSA,2019-03-04_2023-02-17,0.8110695
PARA_NWSA,2019-03-18_2023-03-06,0.8416271
PARA_NWSA,2019-04-01_2023-03-20,0.87737656
TRIP_PSO,2016-04-07_2020-03-26,4.1444244
TRIP_PSO,2016-04-21_2020-04-09,4.284668
TRIP_PSO,2016-05-05_2020-04-24,4.390808
TRIP_PSO,2016-05-19_2020-05-08,4.468094
TRIP_PSO,2016-06-03_2020-05-22,4.520584
TRIP_PSO,2016-06-17_2020-06-08,4.522949
TRIP_PSO,2016-07-01_2020-06-22,4.5486298
TRIP_PSO,2016-07-18_2020-07-07,4.5545197
TRIP_PSO,2016-08-01_2020-07-21,4.532501
TRIP_PSO,2016-08-15_2020-08-04,4.5525208
TRIP_PSO,2016-08-29_2020-08-18,4.551117
TRIP_PSO,2016-09-13_2020-09-01,4.55867
TRIP_PSO,2016-09-27_2020-09-16,4.6194153
TRIP_PSO,2016-10-11_2020-09-30,4.701782
TRIP_PSO,2016-10-25_2020-10-14,4.80352
TRIP_PSO,2016-11-08_2020-10-28,4.9441605
TRIP_PSO,2016-11-22_2020-11-11,5.021698
TRIP_PSO,2016-12-07_2020-11-25,5.0455933
TRIP_PSO,2016-12-21_2020-12-10,5.0422363
TRIP_PSO,2017-01-06_2020-12-24,5.0352554
TRIP_PSO,2017-01-23_2021-01-11,5.092079
TRIP_PSO,2017-02-06_2021-01-26,5.240303
TRIP_PSO,2017-02-21_2021-02-09,5.2996674
TRIP_PSO,2017-03-07_2021-02-24,5.358734
TRIP_PSO,2017-03-21_2021-03-10,5.484894
TRIP_PSO,2017-04-04_2021-03-24,5.65744
TRIP_PSO,2017-04-19_2021-04-08,5.7920685
TRIP_PSO,2017-05-03_2021-04-22,5.891464
TRIP_PSO,2017-05-17_2021-05-06,5.8960495
TRIP_PSO,2017-06-01_2021-05-20,5.780876
TRIP_PSO,2017-06-15_2021-06-04,5.673073
TRIP_PSO,2017-06-29_2021-06-18,5.5509644
TRIP_PSO,2017-07-14_2021-07-02,5.47715
TRIP_PSO,2017-07-28_2021-07-19,5.418213
TRIP_PSO,2017-08-11_2021-08-02,5.3425903
TRIP_PSO,2017-08-25_2021-08-16,5.349655
TRIP_PSO,2017-09-11_2021-08-30,5.400818
TRIP_PSO,2017-09-25_2021-09-14,5.4768753
TRIP_PSO,2017-10-09_2021-09-28,5.5465164
TRIP_PSO,2017-10-23_2021-10-12,5.583931
TRIP_PSO,2017-11-06_2021-10-26,5.5880737
TRIP_PSO,2017-11-20_2021-11-09,5.5730743
TRIP_PSO,2017-12-05_2021-11-23,5.5749435
TRIP_PSO,2017-12-19_2021-12-08,5.5855255
TRIP_PSO,2018-01-04_2021-12-22,5.597534
TRIP_PSO,2018-01-19_2022-01-06,5.605461
TRIP_PSO,2018-02-02_2022-01-21,5.6095123
TRIP_PSO,2018-02-16_2022-02-04,5.633644
TRIP_PSO,2018-03-05_2022-02-18,5.6467056
TRIP_PSO,2018-03-19_2022-03-07,5.661949
TRIP_PSO,2018-04-03_2022-03-21,5.6020355
TRIP_PSO,2018-04-17_2022-04-04,5.541977
TRIP_PSO,2018-05-01_2022-04-19,5.4994736
TRIP_PSO,2018-05-15_2022-05-03,5.495964
TRIP_PSO,2018-05-30_2022-05-17,5.490074
TRIP_PSO,2018-06-13_2022-06-01,5.4313507
TRIP_PSO,2018-06-27_2022-06-15,5.373291
TRIP_PSO,2018-07-12_2022-06-30,5.299217
TRIP_PSO,2018-07-26_2022-07-15,5.227646
TRIP_PSO,2018-08-09_2022-07-29,5.1536026
TRIP_PSO,2018-08-23_2022-08-12,4.9933624
TRIP_PSO,2018-09-07_2022-08-26,4.877228
TRIP_PSO,2018-09-21_2022-09-12,4.7700577
TRIP_PSO,2018-10-05_2022-09-26,4.679985
TRIP_PSO,2018-10-19_2022-10-10,4.6176834
TRIP_PSO,2018-11-02_2022-10-24,4.526497
TRIP_PSO,2018-11-16_2022-11-07,4.3049927
TRIP_PSO,2018-12-03_2022-11-21,4.015785
TRIP_PSO,2018-12-18_2022-12-06,3.6898804
TRIP_PSO,2019-01-03_2022-12-20,3.4492493
TRIP_PSO,2019-01-17_2023-01-05,3.191391
TRIP_PSO,2019-02-01_2023-01-20,2.9665527
TRIP_PSO,2019-02-15_2023-02-03,2.7404633
TRIP_PSO,2019-03-04_2023-02-17,2.593399
TRIP_PSO,2019-03-18_2023-03-06,2.4692917
TRIP_PSO,2019-04-01_2023-03-20,2.3737335
WB_TV,2016-04-07_2020-03-26,0.36981392
WB_TV,2016-04-21_2020-04-09,0.5504856
WB_TV,2016-05-05_2020-04-24,0.7316685
WB_TV,2016-05-19_2020-05-08,0.9010372
WB_TV,2016-06-03_2020-05-22,1.0692425
WB_TV,2016-06-17_2020-06-08,1.2177124
WB_TV,2016-07-01_2020-06-22,1.361618
WB_TV,2016-07-18_2020-07-07,1.503933
WB_TV,2016-08-01_2020-07-21,1.6470509
WB_TV,2016-08-15_2020-08-04,1.7836685
WB_TV,2016-08-29_2020-08-18,1.9187832
WB_TV,2016-09-13_2020-09-01,2.038498
WB_TV,2016-09-27_2020-09-16,2.137476
WB_TV,2016-10-11_2020-09-30,2.2434464
WB_TV,2016-10-25_2020-10-14,2.3407326
WB_TV,2016-11-08_2020-10-28,2.4406796
WB_TV,2016-11-22_2020-11-11,2.5128193
WB_TV,2016-12-07_2020-11-25,2.5552177
WB_TV,2016-12-21_2020-12-10,2.6108608
WB_TV,2017-01-06_2020-12-24,2.6756172
WB_TV,2017-01-23_2021-01-11,2.732008
WB_TV,2017-02-06_2021-01-26,2.809887
WB_TV,2017-02-21_2021-02-09,2.876009
WB_TV,2017-03-07_2021-02-24,2.9809265
WB_TV,2017-03-21_2021-03-10,3.1119423
WB_TV,2017-04-04_2021-03-24,3.2655468
WB_TV,2017-04-19_2021-04-08,3.4381714
WB_TV,2017-05-03_2021-04-22,3.5932274
WB_TV,2017-05-17_2021-05-06,3.7262745
WB_TV,2017-06-01_2021-05-20,3.8192196
WB_TV,2017-06-15_2021-06-04,3.9235668
WB_TV,2017-06-29_2021-06-18,4.037447
WB_TV,2017-07-14_2021-07-02,4.1982365
WB_TV,2017-07-28_2021-07-19,4.4009705
WB_TV,2017-08-11_2021-08-02,4.6082478
WB_TV,2017-08-25_2021-08-16,4.7703896
WB_TV,2017-09-11_2021-08-30,4.8924675
WB_TV,2017-09-25_2021-09-14,4.994293
WB_TV,2017-10-09_2021-09-28,5.124172
WB_TV,2017-10-23_2021-10-12,5.2384377
WB_TV,2017-11-06_2021-10-26,5.3612328
WB_TV,2017-11-20_2021-11-09,5.339283
WB_TV,2017-12-05_2021-11-23,5.274563
WB_TV,2017-12-19_2021-12-08,5.260212
WB_TV,2018-01-04_2021-12-22,5.2320175
WB_TV,2018-01-19_2022-01-06,5.130539
WB_TV,2018-02-02_2022-01-21,4.972183
WB_TV,2018-02-16_2022-02-04,4.834511
WB_TV,2018-03-05_2022-02-18,4.6228065
WB_TV,2018-03-19_2022-03-07,4.420746
WB_TV,2018-04-03_2022-03-21,4.275318
WB_TV,2018-04-17_2022-04-04,4.0746193
WB_TV,2018-05-01_2022-04-19,3.875702
WB_TV,2018-05-15_2022-05-03,3.679741
WB_TV,2018-05-30_2022-05-17,3.554184
WB_TV,2018-06-13_2022-06-01,3.391819
WB_TV,2018-06-27_2022-06-15,3.2185059
WB_TV,2018-07-12_2022-06-30,3.1297607
WB_TV,2018-07-26_2022-07-15,3.0383873
WB_TV,2018-08-09_2022-07-29,2.9878654
WB_TV,2018-08-23_2022-08-12,2.9649963
WB_TV,2018-09-07_2022-08-26,2.9242554
WB_TV,2018-09-21_2022-09-12,2.9341698
WB_TV,2018-10-05_2022-09-26,2.93021
WB_TV,2018-10-19_2022-10-10,3.0399246
WB_TV,2018-11-02_2022-10-24,3.1437607
WB_TV,2018-11-16_2022-11-07,3.2394943
WB_TV,2018-12-03_2022-11-21,3.3112602
WB_TV,2018-12-18_2022-12-06,3.3325348
WB_TV,2019-01-03_2022-12-20,3.3560944
WB_TV,2019-01-17_2023-01-05,3.3617172
WB_TV,2019-02-01_2023-01-20,3.365696
WB_TV,2019-02-15_2023-02-03,3.328247
WB_TV,2019-03-04_2023-02-17,3.261837
WB_TV,2019-03-18_2023-03-06,3.2441673
WB_TV,2019-04-01_2023-03-20,3.2489014
