MT_AA,2016-04-07_2020-03-26,0.5436268
MT_AA,2016-04-21_2020-04-09,0.54063463
MT_AA,2016-05-05_2020-04-24,0.5384598
MT_AA,2016-05-19_2020-05-08,0.5340214
MT_AA,2016-06-03_2020-05-22,0.5325532
MT_AA,2016-06-17_2020-06-08,0.5318656
MT_AA,2016-07-01_2020-06-22,0.53112507
MT_AA,2016-07-18_2020-07-07,0.53065777
MT_AA,2016-08-01_2020-07-21,0.5305786
MT_AA,2016-08-15_2020-08-04,0.5318165
MT_AA,2016-08-29_2020-08-18,0.53308535
MT_AA,2016-09-13_2020-09-01,0.5342369
MT_AA,2016-09-27_2020-09-16,0.53404236
MT_AA,2016-10-11_2020-09-30,0.5329058
MT_AA,2016-10-25_2020-10-14,0.5318196
MT_AA,2016-11-08_2020-10-28,0.5307007
MT_AA,2016-11-22_2020-11-11,0.529428
MT_AA,2016-12-07_2020-11-25,0.5286436
MT_AA,2016-12-21_2020-12-10,0.5275545
MT_AA,2017-01-06_2020-12-24,0.525295
MT_AA,2017-01-23_2021-01-11,0.5234442
MT_AA,2017-02-06_2021-01-26,0.52168393
MT_AA,2017-02-21_2021-02-09,0.5188985
MT_AA,2017-03-07_2021-02-24,0.5165961
MT_AA,2017-03-21_2021-03-10,0.5159352
MT_AA,2017-04-04_2021-03-24,0.5159819
MT_AA,2017-04-19_2021-04-08,0.5168643
MT_AA,2017-05-03_2021-04-22,0.51831985
MT_AA,2017-05-17_2021-05-06,0.5203266
MT_AA,2017-06-01_2021-05-20,0.5233731
MT_AA,2017-06-15_2021-06-04,0.52650523
MT_AA,2017-06-29_2021-06-18,0.52886987
MT_AA,2017-07-14_2021-07-02,0.5310221
MT_AA,2017-07-28_2021-07-19,0.5329232
MT_AA,2017-08-11_2021-08-02,0.53628373
MT_AA,2017-08-25_2021-08-16,0.5414736
MT_AA,2017-09-11_2021-08-30,0.5475776
MT_AA,2017-09-25_2021-09-14,0.5528476
MT_AA,2017-10-09_2021-09-28,0.55638576
MT_AA,2017-10-23_2021-10-12,0.55749106
MT_AA,2017-11-06_2021-10-26,0.5583706
MT_AA,2017-11-20_2021-11-09,0.56129
MT_AA,2017-12-05_2021-11-23,0.55870867
MT_AA,2017-12-19_2021-12-08,0.5543606
MT_AA,2018-01-04_2021-12-22,0.5523453
MT_AA,2018-01-19_2022-01-06,0.5447211
MT_AA,2018-02-02_2022-01-21,0.53753066
MT_AA,2018-02-16_2022-02-04,0.5247295
MT_AA,2018-03-05_2022-02-18,0.49569368
MT_AA,2018-03-19_2022-03-07,0.46037054
MT_AA,2018-04-03_2022-03-21,0.43195868
MT_AA,2018-04-17_2022-04-04,0.40014935
MT_AA,2018-05-01_2022-04-19,0.37705398
MT_AA,2018-05-15_2022-05-03,0.36672568
MT_AA,2018-05-30_2022-05-17,0.36031199
MT_AA,2018-06-13_2022-06-01,0.3564496
MT_AA,2018-06-27_2022-06-15,0.3543074
MT_AA,2018-07-12_2022-06-30,0.35218287
MT_AA,2018-07-26_2022-07-15,0.35004044
MT_AA,2018-08-09_2022-07-29,0.3469777
MT_AA,2018-08-23_2022-08-12,0.34429598
MT_AA,2018-09-07_2022-08-26,0.34023273
MT_AA,2018-09-21_2022-09-12,0.33682048
MT_AA,2018-10-05_2022-09-26,0.33444393
MT_AA,2018-10-19_2022-10-10,0.33347023
MT_AA,2018-11-02_2022-10-24,0.3328675
MT_AA,2018-11-16_2022-11-07,0.33238256
MT_AA,2018-12-03_2022-11-21,0.33227754
MT_AA,2018-12-18_2022-12-06,0.33224404
MT_AA,2019-01-03_2022-12-20,0.33258164
MT_AA,2019-01-17_2023-01-05,0.3329972
MT_AA,2019-02-01_2023-01-20,0.3342744
MT_AA,2019-02-15_2023-02-03,0.33608794
MT_AA,2019-03-04_2023-02-17,0.3372544
MT_AA,2019-03-18_2023-03-06,0.3387413
MT_AA,2019-04-01_2023-03-20,0.3396659
NUE_AA,2016-04-07_2020-03-26,0.3810377
NUE_AA,2016-04-21_2020-04-09,0.3892889
NUE_AA,2016-05-05_2020-04-24,0.396904
NUE_AA,2016-05-19_2020-05-08,0.39581013
NUE_AA,2016-06-03_2020-05-22,0.39764023
NUE_AA,2016-06-17_2020-06-08,0.39624405
NUE_AA,2016-07-01_2020-06-22,0.39568424
NUE_AA,2016-07-18_2020-07-07,0.39869404
NUE_AA,2016-08-01_2020-07-21,0.40239525
NUE_AA,2016-08-15_2020-08-04,0.40359592
NUE_AA,2016-08-29_2020-08-18,0.40197372
NUE_AA,2016-09-13_2020-09-01,0.39966297
NUE_AA,2016-09-27_2020-09-16,0.39536095
NUE_AA,2016-10-11_2020-09-30,0.39191055
NUE_AA,2016-10-25_2020-10-14,0.38542843
NUE_AA,2016-11-08_2020-10-28,0.37944603
NUE_AA,2016-11-22_2020-11-11,0.37648773
NUE_AA,2016-12-07_2020-11-25,0.37297153
NUE_AA,2016-12-21_2020-12-10,0.37020397
NUE_AA,2017-01-06_2020-12-24,0.3678875
NUE_AA,2017-01-23_2021-01-11,0.36628437
NUE_AA,2017-02-06_2021-01-26,0.36430645
NUE_AA,2017-02-21_2021-02-09,0.36276722
NUE_AA,2017-03-07_2021-02-24,0.35948467
NUE_AA,2017-03-21_2021-03-10,0.35854244
NUE_AA,2017-04-04_2021-03-24,0.35960865
NUE_AA,2017-04-19_2021-04-08,0.3633957
NUE_AA,2017-05-03_2021-04-22,0.3688364
NUE_AA,2017-05-17_2021-05-06,0.38254833
NUE_AA,2017-06-01_2021-05-20,0.40723324
NUE_AA,2017-06-15_2021-06-04,0.42991638
NUE_AA,2017-06-29_2021-06-18,0.44766808
NUE_AA,2017-07-14_2021-07-02,0.46202087
NUE_AA,2017-07-28_2021-07-19,0.4753971
NUE_AA,2017-08-11_2021-08-02,0.49675274
NUE_AA,2017-08-25_2021-08-16,0.53860474
NUE_AA,2017-09-11_2021-08-30,0.58555984
NUE_AA,2017-09-25_2021-09-14,0.6431694
NUE_AA,2017-10-09_2021-09-28,0.6937771
NUE_AA,2017-10-23_2021-10-12,0.73902607
NUE_AA,2017-11-06_2021-10-26,0.7918091
NUE_AA,2017-11-20_2021-11-09,0.8420248
NUE_AA,2017-12-05_2021-11-23,0.89144516
NUE_AA,2017-12-19_2021-12-08,0.93371105
NUE_AA,2018-01-04_2021-12-22,0.9961214
NUE_AA,2018-01-19_2022-01-06,1.0666399
NUE_AA,2018-02-02_2022-01-21,1.1165333
NUE_AA,2018-02-16_2022-02-04,1.1479387
NUE_AA,2018-03-05_2022-02-18,1.1764193
NUE_AA,2018-03-19_2022-03-07,1.2075686
NUE_AA,2018-04-03_2022-03-21,1.2394118
NUE_AA,2018-04-17_2022-04-04,1.2818017
NUE_AA,2018-05-01_2022-04-19,1.3456516
NUE_AA,2018-05-15_2022-05-03,1.4180317
NUE_AA,2018-05-30_2022-05-17,1.4556546
NUE_AA,2018-06-13_2022-06-01,1.4851642
NUE_AA,2018-06-27_2022-06-15,1.5087504
NUE_AA,2018-07-12_2022-06-30,1.5302606
NUE_AA,2018-07-26_2022-07-15,1.5481353
NUE_AA,2018-08-09_2022-07-29,1.5693521
NUE_AA,2018-08-23_2022-08-12,1.5980492
NUE_AA,2018-09-07_2022-08-26,1.628705
NUE_AA,2018-09-21_2022-09-12,1.6544676
NUE_AA,2018-10-05_2022-09-26,1.6693058
NUE_AA,2018-10-19_2022-10-10,1.6774611
NUE_AA,2018-11-02_2022-10-24,1.6876769
NUE_AA,2018-11-16_2022-11-07,1.6998959
NUE_AA,2018-12-03_2022-11-21,1.715806
NUE_AA,2018-12-18_2022-12-06,1.7342944
NUE_AA,2019-01-03_2022-12-20,1.7458777
NUE_AA,2019-01-17_2023-01-05,1.7550821
NUE_AA,2019-02-01_2023-01-20,1.7731376
NUE_AA,2019-02-15_2023-02-03,1.798121
NUE_AA,2019-03-04_2023-02-17,1.8206897
NUE_AA,2019-03-18_2023-03-06,1.8425937
NUE_AA,2019-04-01_2023-03-20,1.8545604
RGLD_AU,2016-04-07_2020-03-26,2.4933243
RGLD_AU,2016-04-21_2020-04-09,2.512436
RGLD_AU,2016-05-05_2020-04-24,2.548481
RGLD_AU,2016-05-19_2020-05-08,2.642414
RGLD_AU,2016-06-03_2020-05-22,2.7259712
RGLD_AU,2016-06-17_2020-06-08,2.8188744
RGLD_AU,2016-07-01_2020-06-22,2.8494148
RGLD_AU,2016-07-18_2020-07-07,2.8587608
RGLD_AU,2016-08-01_2020-07-21,2.864624
RGLD_AU,2016-08-15_2020-08-04,2.888504
RGLD_AU,2016-08-29_2020-08-18,2.9339027
RGLD_AU,2016-09-13_2020-09-01,2.9644775
RGLD_AU,2016-09-27_2020-09-16,2.960411
RGLD_AU,2016-10-11_2020-09-30,2.9471474
RGLD_AU,2016-10-25_2020-10-14,2.9229088
RGLD_AU,2016-11-08_2020-10-28,2.9105225
RGLD_AU,2016-11-22_2020-11-11,2.8962746
RGLD_AU,2016-12-07_2020-11-25,2.8791294
RGLD_AU,2016-12-21_2020-12-10,2.85532
RGLD_AU,2017-01-06_2020-12-24,2.8257713
RGLD_AU,2017-01-23_2021-01-11,2.7908936
RGLD_AU,2017-02-06_2021-01-26,2.7596283
RGLD_AU,2017-02-21_2021-02-09,2.7308617
RGLD_AU,2017-03-07_2021-02-24,2.7044487
RGLD_AU,2017-03-21_2021-03-10,2.6725044
RGLD_AU,2017-04-04_2021-03-24,2.6430626
RGLD_AU,2017-04-19_2021-04-08,2.6223297
RGLD_AU,2017-05-03_2021-04-22,2.6081963
RGLD_AU,2017-05-17_2021-05-06,2.5961838
RGLD_AU,2017-06-01_2021-05-20,2.5937004
RGLD_AU,2017-06-15_2021-06-04,2.5905037
RGLD_AU,2017-06-29_2021-06-18,2.586502
RGLD_AU,2017-07-14_2021-07-02,2.5794907
RGLD_AU,2017-07-28_2021-07-19,2.5829926
RGLD_AU,2017-08-11_2021-08-02,2.5918732
RGLD_AU,2017-08-25_2021-08-16,2.5952835
RGLD_AU,2017-09-11_2021-08-30,2.6030693
RGLD_AU,2017-09-25_2021-09-14,2.6105995
RGLD_AU,2017-10-09_2021-09-28,2.6121826
RGLD_AU,2017-10-23_2021-10-12,2.6171646
RGLD_AU,2017-11-06_2021-10-26,2.6146317
RGLD_AU,2017-11-20_2021-11-09,2.6161537
RGLD_AU,2017-12-05_2021-11-23,2.6091766
RGLD_AU,2017-12-19_2021-12-08,2.5997276
RGLD_AU,2018-01-04_2021-12-22,2.5931206
RGLD_AU,2018-01-19_2022-01-06,2.5845451
RGLD_AU,2018-02-02_2022-01-21,2.579052
RGLD_AU,2018-02-16_2022-02-04,2.5717354
RGLD_AU,2018-03-05_2022-02-18,2.566166
RGLD_AU,2018-03-19_2022-03-07,2.5729942
RGLD_AU,2018-04-03_2022-03-21,2.6007118
RGLD_AU,2018-04-17_2022-04-04,2.6458778
RGLD_AU,2018-05-01_2022-04-19,2.7000046
RGLD_AU,2018-05-15_2022-05-03,2.7353096
RGLD_AU,2018-05-30_2022-05-17,2.7577095
RGLD_AU,2018-06-13_2022-06-01,2.7835007
RGLD_AU,2018-06-27_2022-06-15,2.818039
RGLD_AU,2018-07-12_2022-06-30,2.8501663
RGLD_AU,2018-07-26_2022-07-15,2.8750992
RGLD_AU,2018-08-09_2022-07-29,2.8768463
RGLD_AU,2018-08-23_2022-08-12,2.873314
RGLD_AU,2018-09-07_2022-08-26,2.8636856
RGLD_AU,2018-09-21_2022-09-12,2.848236
RGLD_AU,2018-10-05_2022-09-26,2.8315277
RGLD_AU,2018-10-19_2022-10-10,2.810913
RGLD_AU,2018-11-02_2022-10-24,2.7779846
RGLD_AU,2018-11-16_2022-11-07,2.7271957
RGLD_AU,2018-12-03_2022-11-21,2.6777878
RGLD_AU,2018-12-18_2022-12-06,2.629692
RGLD_AU,2019-01-03_2022-12-20,2.5928345
RGLD_AU,2019-01-17_2023-01-05,2.559578
RGLD_AU,2019-02-01_2023-01-20,2.5326996
RGLD_AU,2019-02-15_2023-02-03,2.515236
RGLD_AU,2019-03-04_2023-02-17,2.4844055
RGLD_AU,2019-03-18_2023-03-06,2.4366608
RGLD_AU,2019-04-01_2023-03-20,2.4099426
SSRM_AU,2016-04-07_2020-03-26,0.5673313
SSRM_AU,2016-04-21_2020-04-09,0.5671091
SSRM_AU,2016-05-05_2020-04-24,0.56262875
SSRM_AU,2016-05-19_2020-05-08,0.5617471
SSRM_AU,2016-06-03_2020-05-22,0.5705924
SSRM_AU,2016-06-17_2020-06-08,0.5778346
SSRM_AU,2016-07-01_2020-06-22,0.5819068
SSRM_AU,2016-07-18_2020-07-07,0.58432055
SSRM_AU,2016-08-01_2020-07-21,0.59104395
SSRM_AU,2016-08-15_2020-08-04,0.5981331
SSRM_AU,2016-08-29_2020-08-18,0.59832096
SSRM_AU,2016-09-13_2020-09-01,0.59657
SSRM_AU,2016-09-27_2020-09-16,0.5978079
SSRM_AU,2016-10-11_2020-09-30,0.5991316
SSRM_AU,2016-10-25_2020-10-14,0.5965624
SSRM_AU,2016-11-08_2020-10-28,0.5969696
SSRM_AU,2016-11-22_2020-11-11,0.5979762
SSRM_AU,2016-12-07_2020-11-25,0.59995174
SSRM_AU,2016-12-21_2020-12-10,0.602283
SSRM_AU,2017-01-06_2020-12-24,0.60405207
SSRM_AU,2017-01-23_2021-01-11,0.60727406
SSRM_AU,2017-02-06_2021-01-26,0.60630035
SSRM_AU,2017-02-21_2021-02-09,0.6052699
SSRM_AU,2017-03-07_2021-02-24,0.60360336
SSRM_AU,2017-03-21_2021-03-10,0.601429
SSRM_AU,2017-04-04_2021-03-24,0.5984931
SSRM_AU,2017-04-19_2021-04-08,0.5949769
SSRM_AU,2017-05-03_2021-04-22,0.59295607
SSRM_AU,2017-05-17_2021-05-06,0.59132814
SSRM_AU,2017-06-01_2021-05-20,0.5892358
SSRM_AU,2017-06-15_2021-06-04,0.5880327
SSRM_AU,2017-06-29_2021-06-18,0.58800125
SSRM_AU,2017-07-14_2021-07-02,0.5872674
SSRM_AU,2017-07-28_2021-07-19,0.58718014
SSRM_AU,2017-08-11_2021-08-02,0.58656263
SSRM_AU,2017-08-25_2021-08-16,0.5865941
SSRM_AU,2017-09-11_2021-08-30,0.58690596
SSRM_AU,2017-09-25_2021-09-14,0.5872927
SSRM_AU,2017-10-09_2021-09-28,0.5883322
SSRM_AU,2017-10-23_2021-10-12,0.58941317
SSRM_AU,2017-11-06_2021-10-26,0.5893731
SSRM_AU,2017-11-20_2021-11-09,0.5877447
SSRM_AU,2017-12-05_2021-11-23,0.5869651
SSRM_AU,2017-12-19_2021-12-08,0.5843358
SSRM_AU,2018-01-04_2021-12-22,0.5816922
SSRM_AU,2018-01-19_2022-01-06,0.5782447
SSRM_AU,2018-02-02_2022-01-21,0.5747957
SSRM_AU,2018-02-16_2022-02-04,0.57037735
SSRM_AU,2018-03-05_2022-02-18,0.56680346
SSRM_AU,2018-03-19_2022-03-07,0.5660267
SSRM_AU,2018-04-03_2022-03-21,0.568511
SSRM_AU,2018-04-17_2022-04-04,0.57249737
SSRM_AU,2018-05-01_2022-04-19,0.5794697
SSRM_AU,2018-05-15_2022-05-03,0.5841093
SSRM_AU,2018-05-30_2022-05-17,0.585557
SSRM_AU,2018-06-13_2022-06-01,0.5852108
SSRM_AU,2018-06-27_2022-06-15,0.58367825
SSRM_AU,2018-07-12_2022-06-30,0.5798521
SSRM_AU,2018-07-26_2022-07-15,0.5765505
SSRM_AU,2018-08-09_2022-07-29,0.5724945
SSRM_AU,2018-08-23_2022-08-12,0.567008
SSRM_AU,2018-09-07_2022-08-26,0.56065655
SSRM_AU,2018-09-21_2022-09-12,0.553175
SSRM_AU,2018-10-05_2022-09-26,0.5436287
SSRM_AU,2018-10-19_2022-10-10,0.53714085
SSRM_AU,2018-11-02_2022-10-24,0.53173065
SSRM_AU,2018-11-16_2022-11-07,0.5264559
SSRM_AU,2018-12-03_2022-11-21,0.5241308
SSRM_AU,2018-12-18_2022-12-06,0.51988506
SSRM_AU,2019-01-03_2022-12-20,0.5164223
SSRM_AU,2019-01-17_2023-01-05,0.5135746
SSRM_AU,2019-02-01_2023-01-20,0.50930786
SSRM_AU,2019-02-15_2023-02-03,0.5096588
SSRM_AU,2019-03-04_2023-02-17,0.51019096
SSRM_AU,2019-03-18_2023-03-06,0.5145912
SSRM_AU,2019-04-01_2023-03-20,0.5136032
VALE_CLF,2016-04-07_2020-03-26,0.8719425
VALE_CLF,2016-04-21_2020-04-09,0.8454666
VALE_CLF,2016-05-05_2020-04-24,0.8157482
VALE_CLF,2016-05-19_2020-05-08,0.7918072
VALE_CLF,2016-06-03_2020-05-22,0.7581043
VALE_CLF,2016-06-17_2020-06-08,0.7271309
VALE_CLF,2016-07-01_2020-06-22,0.69713974
VALE_CLF,2016-07-18_2020-07-07,0.67169
VALE_CLF,2016-08-01_2020-07-21,0.654335
VALE_CLF,2016-08-15_2020-08-04,0.63772774
VALE_CLF,2016-08-29_2020-08-18,0.6130066
VALE_CLF,2016-09-13_2020-09-01,0.5881748
VALE_CLF,2016-09-27_2020-09-16,0.5603771
VALE_CLF,2016-10-11_2020-09-30,0.5338402
VALE_CLF,2016-10-25_2020-10-14,0.5110893
VALE_CLF,2016-11-08_2020-10-28,0.49219513
VALE_CLF,2016-11-22_2020-11-11,0.48566246
VALE_CLF,2016-12-07_2020-11-25,0.50457954
VALE_CLF,2016-12-21_2020-12-10,0.54232025
VALE_CLF,2017-01-06_2020-12-24,0.57320976
VALE_CLF,2017-01-23_2021-01-11,0.59105873
VALE_CLF,2017-02-06_2021-01-26,0.58985996
VALE_CLF,2017-02-21_2021-02-09,0.60046005
VALE_CLF,2017-03-07_2021-02-24,0.60815907
VALE_CLF,2017-03-21_2021-03-10,0.62128735
VALE_CLF,2017-04-04_2021-03-24,0.6219759
VALE_CLF,2017-04-19_2021-04-08,0.61192226
VALE_CLF,2017-05-03_2021-04-22,0.6163616
VALE_CLF,2017-05-17_2021-05-06,0.6239629
VALE_CLF,2017-06-01_2021-05-20,0.63263893
VALE_CLF,2017-06-15_2021-06-04,0.6400814
VALE_CLF,2017-06-29_2021-06-18,0.63629866
VALE_CLF,2017-07-14_2021-07-02,0.64306164
VALE_CLF,2017-07-28_2021-07-19,0.64647484
VALE_CLF,2017-08-11_2021-08-02,0.64370394
VALE_CLF,2017-08-25_2021-08-16,0.6249013
VALE_CLF,2017-09-11_2021-08-30,0.6035414
VALE_CLF,2017-09-25_2021-09-14,0.5866494
VALE_CLF,2017-10-09_2021-09-28,0.5713608
VALE_CLF,2017-10-23_2021-10-12,0.55784774
VALE_CLF,2017-11-06_2021-10-26,0.5377481
VALE_CLF,2017-11-20_2021-11-09,0.511214
VALE_CLF,2017-12-05_2021-11-23,0.491364
VALE_CLF,2017-12-19_2021-12-08,0.47895813
VALE_CLF,2018-01-04_2021-12-22,0.47227144
VALE_CLF,2018-01-19_2022-01-06,0.463176
VALE_CLF,2018-02-02_2022-01-21,0.45999622
VALE_CLF,2018-02-16_2022-02-04,0.46278596
VALE_CLF,2018-03-05_2022-02-18,0.46738648
VALE_CLF,2018-03-19_2022-03-07,0.47188306
VALE_CLF,2018-04-03_2022-03-21,0.47111583
VALE_CLF,2018-04-17_2022-04-04,0.46385336
VALE_CLF,2018-05-01_2022-04-19,0.45887065
VALE_CLF,2018-05-15_2022-05-03,0.4516809
VALE_CLF,2018-05-30_2022-05-17,0.4494393
VALE_CLF,2018-06-13_2022-06-01,0.45068932
VALE_CLF,2018-06-27_2022-06-15,0.45262027
VALE_CLF,2018-07-12_2022-06-30,0.4531119
VALE_CLF,2018-07-26_2022-07-15,0.45321035
VALE_CLF,2018-08-09_2022-07-29,0.45261264
VALE_CLF,2018-08-23_2022-08-12,0.45100164
VALE_CLF,2018-09-07_2022-08-26,0.4498732
VALE_CLF,2018-09-21_2022-09-12,0.44863224
VALE_CLF,2018-10-05_2022-09-26,0.44878268
VALE_CLF,2018-10-19_2022-10-10,0.44941783
VALE_CLF,2018-11-02_2022-10-24,0.45040846
VALE_CLF,2018-11-16_2022-11-07,0.45111203
VALE_CLF,2018-12-03_2022-11-21,0.45220447
VALE_CLF,2018-12-18_2022-12-06,0.45392132
VALE_CLF,2019-01-03_2022-12-20,0.45586228
VALE_CLF,2019-01-17_2023-01-05,0.45896196
VALE_CLF,2019-02-01_2023-01-20,0.462929
VALE_CLF,2019-02-15_2023-02-03,0.46564412
VALE_CLF,2019-03-04_2023-02-17,0.46661854
VALE_CLF,2019-03-18_2023-03-06,0.4675541
VALE_CLF,2019-04-01_2023-03-20,0.46855378
NUE_GGB,2016-04-07_2020-03-26,6.58313
NUE_GGB,2016-04-21_2020-04-09,6.7979736
NUE_GGB,2016-05-05_2020-04-24,7.0075073
NUE_GGB,2016-05-19_2020-05-08,7.0875244
NUE_GGB,2016-06-03_2020-05-22,7.298126
NUE_GGB,2016-06-17_2020-06-08,7.502014
NUE_GGB,2016-07-01_2020-06-22,7.6994934
NUE_GGB,2016-07-18_2020-07-07,8.058228
NUE_GGB,2016-08-01_2020-07-21,8.357849
NUE_GGB,2016-08-15_2020-08-04,8.472595
NUE_GGB,2016-08-29_2020-08-18,8.4470215
NUE_GGB,2016-09-13_2020-09-01,8.371704
NUE_GGB,2016-09-27_2020-09-16,8.215759
NUE_GGB,2016-10-11_2020-09-30,8.108398
NUE_GGB,2016-10-25_2020-10-14,7.958435
NUE_GGB,2016-11-08_2020-10-28,7.7907715
NUE_GGB,2016-11-22_2020-11-11,7.736023
NUE_GGB,2016-12-07_2020-11-25,7.7164307
NUE_GGB,2016-12-21_2020-12-10,7.7263184
NUE_GGB,2017-01-06_2020-12-24,7.6829834
NUE_GGB,2017-01-23_2021-01-11,7.456238
NUE_GGB,2017-02-06_2021-01-26,7.350647
NUE_GGB,2017-02-21_2021-02-09,7.2522583
NUE_GGB,2017-03-07_2021-02-24,7.2581787
NUE_GGB,2017-03-21_2021-03-10,7.3880615
NUE_GGB,2017-04-04_2021-03-24,7.734558
NUE_GGB,2017-04-19_2021-04-08,8.454224
NUE_GGB,2017-05-03_2021-04-22,9.187592
NUE_GGB,2017-05-17_2021-05-06,10.0191345
NUE_GGB,2017-06-01_2021-05-20,11.443665
NUE_GGB,2017-06-15_2021-06-04,12.785004
NUE_GGB,2017-06-29_2021-06-18,13.878418
NUE_GGB,2017-07-14_2021-07-02,14.547943
NUE_GGB,2017-07-28_2021-07-19,15.111847
NUE_GGB,2017-08-11_2021-08-02,15.666199
NUE_GGB,2017-08-25_2021-08-16,16.578125
NUE_GGB,2017-09-11_2021-08-30,17.426758
NUE_GGB,2017-09-25_2021-09-14,18.069214
NUE_GGB,2017-10-09_2021-09-28,18.475586
NUE_GGB,2017-10-23_2021-10-12,18.849182
NUE_GGB,2017-11-06_2021-10-26,19.327698
NUE_GGB,2017-11-20_2021-11-09,19.836212
NUE_GGB,2017-12-05_2021-11-23,20.381805
NUE_GGB,2017-12-19_2021-12-08,20.918488
NUE_GGB,2018-01-04_2021-12-22,21.486694
NUE_GGB,2018-01-19_2022-01-06,21.998016
NUE_GGB,2018-02-02_2022-01-21,22.35733
NUE_GGB,2018-02-16_2022-02-04,22.56903
NUE_GGB,2018-03-05_2022-02-18,23.140259
NUE_GGB,2018-03-19_2022-03-07,23.843048
NUE_GGB,2018-04-03_2022-03-21,24.511902
NUE_GGB,2018-04-17_2022-04-04,25.382446
NUE_GGB,2018-05-01_2022-04-19,26.372772
NUE_GGB,2018-05-15_2022-05-03,27.334808
NUE_GGB,2018-05-30_2022-05-17,27.73706
NUE_GGB,2018-06-13_2022-06-01,27.873901
NUE_GGB,2018-06-27_2022-06-15,28.019943
NUE_GGB,2018-07-12_2022-06-30,28.21753
NUE_GGB,2018-07-26_2022-07-15,28.327087
NUE_GGB,2018-08-09_2022-07-29,28.55043
NUE_GGB,2018-08-23_2022-08-12,28.923218
NUE_GGB,2018-09-07_2022-08-26,29.34317
NUE_GGB,2018-09-21_2022-09-12,29.705658
NUE_GGB,2018-10-05_2022-09-26,29.837006
NUE_GGB,2018-10-19_2022-10-10,29.931244
NUE_GGB,2018-11-02_2022-10-24,30.101318
NUE_GGB,2018-11-16_2022-11-07,30.361267
NUE_GGB,2018-12-03_2022-11-21,30.569092
NUE_GGB,2018-12-18_2022-12-06,30.67337
NUE_GGB,2019-01-03_2022-12-20,30.578796
NUE_GGB,2019-01-17_2023-01-05,30.470474
NUE_GGB,2019-02-01_2023-01-20,30.311432
NUE_GGB,2019-02-15_2023-02-03,30.425323
NUE_GGB,2019-03-04_2023-02-17,30.804077
NUE_GGB,2019-03-18_2023-03-06,31.208511
NUE_GGB,2019-04-01_2023-03-20,31.49356
PAAS_KGC,2016-04-07_2020-03-26,1.9470978
PAAS_KGC,2016-04-21_2020-04-09,1.9391327
PAAS_KGC,2016-05-05_2020-04-24,1.9897766
PAAS_KGC,2016-05-19_2020-05-08,2.0766373
PAAS_KGC,2016-06-03_2020-05-22,2.1841202
PAAS_KGC,2016-06-17_2020-06-08,2.4324493
PAAS_KGC,2016-07-01_2020-06-22,2.6180573
PAAS_KGC,2016-07-18_2020-07-07,2.821663
PAAS_KGC,2016-08-01_2020-07-21,3.0763779
PAAS_KGC,2016-08-15_2020-08-04,3.3265457
PAAS_KGC,2016-08-29_2020-08-18,3.391842
PAAS_KGC,2016-09-13_2020-09-01,3.449356
PAAS_KGC,2016-09-27_2020-09-16,3.4967003
PAAS_KGC,2016-10-11_2020-09-30,3.4664383
PAAS_KGC,2016-10-25_2020-10-14,3.4626312
PAAS_KGC,2016-11-08_2020-10-28,3.4593048
PAAS_KGC,2016-11-22_2020-11-11,3.4975033
PAAS_KGC,2016-12-07_2020-11-25,3.5318604
PAAS_KGC,2016-12-21_2020-12-10,3.5628357
PAAS_KGC,2017-01-06_2020-12-24,3.606842
PAAS_KGC,2017-01-23_2021-01-11,3.6843967
PAAS_KGC,2017-02-06_2021-01-26,3.718401
PAAS_KGC,2017-02-21_2021-02-09,3.7600956
PAAS_KGC,2017-03-07_2021-02-24,3.8128662
PAAS_KGC,2017-03-21_2021-03-10,3.857359
PAAS_KGC,2017-04-04_2021-03-24,3.9051476
PAAS_KGC,2017-04-19_2021-04-08,3.9371128
PAAS_KGC,2017-05-03_2021-04-22,3.9740448
PAAS_KGC,2017-05-17_2021-05-06,4.0024796
PAAS_KGC,2017-06-01_2021-05-20,4.0141068
PAAS_KGC,2017-06-15_2021-06-04,4.018875
PAAS_KGC,2017-06-29_2021-06-18,4.0171394
PAAS_KGC,2017-07-14_2021-07-02,4.02503
PAAS_KGC,2017-07-28_2021-07-19,4.030697
PAAS_KGC,2017-08-11_2021-08-02,4.0329056
PAAS_KGC,2017-08-25_2021-08-16,4.0359097
PAAS_KGC,2017-09-11_2021-08-30,4.0369587
PAAS_KGC,2017-09-25_2021-09-14,4.038006
PAAS_KGC,2017-10-09_2021-09-28,4.0374317
PAAS_KGC,2017-10-23_2021-10-12,4.035225
PAAS_KGC,2017-11-06_2021-10-26,4.032898
PAAS_KGC,2017-11-20_2021-11-09,4.02676
PAAS_KGC,2017-12-05_2021-11-23,4.0149956
PAAS_KGC,2017-12-19_2021-12-08,4.0069084
PAAS_KGC,2018-01-04_2021-12-22,4.0000076
PAAS_KGC,2018-01-19_2022-01-06,3.9951363
PAAS_KGC,2018-02-02_2022-01-21,3.989212
PAAS_KGC,2018-02-16_2022-02-04,3.982956
PAAS_KGC,2018-03-05_2022-02-18,3.9797935
PAAS_KGC,2018-03-19_2022-03-07,3.9790154
PAAS_KGC,2018-04-03_2022-03-21,3.979679
PAAS_KGC,2018-04-17_2022-04-04,3.9830475
PAAS_KGC,2018-05-01_2022-04-19,3.9909554
PAAS_KGC,2018-05-15_2022-05-03,3.9909592
PAAS_KGC,2018-05-30_2022-05-17,3.994072
PAAS_KGC,2018-06-13_2022-06-01,3.997219
PAAS_KGC,2018-06-27_2022-06-15,3.9939613
PAAS_KGC,2018-07-12_2022-06-30,3.9837341
PAAS_KGC,2018-07-26_2022-07-15,3.9583054
PAAS_KGC,2018-08-09_2022-07-29,3.9325905
PAAS_KGC,2018-08-23_2022-08-12,3.9240417
PAAS_KGC,2018-09-07_2022-08-26,3.9338303
PAAS_KGC,2018-09-21_2022-09-12,3.9442635
PAAS_KGC,2018-10-05_2022-09-26,3.9561958
PAAS_KGC,2018-10-19_2022-10-10,3.9749298
PAAS_KGC,2018-11-02_2022-10-24,3.9959297
PAAS_KGC,2018-11-16_2022-11-07,4.0200005
PAAS_KGC,2018-12-03_2022-11-21,4.043907
PAAS_KGC,2018-12-18_2022-12-06,4.060856
PAAS_KGC,2019-01-03_2022-12-20,4.072563
PAAS_KGC,2019-01-17_2023-01-05,4.086426
PAAS_KGC,2019-02-01_2023-01-20,4.090996
PAAS_KGC,2019-02-15_2023-02-03,4.0962715
PAAS_KGC,2019-03-04_2023-02-17,4.0929985
PAAS_KGC,2019-03-18_2023-03-06,4.08395
PAAS_KGC,2019-04-01_2023-03-20,4.0689545
PKX_MT,2016-04-07_2020-03-26,1.9478035
PKX_MT,2016-04-21_2020-04-09,1.963501
PKX_MT,2016-05-05_2020-04-24,1.9659805
PKX_MT,2016-05-19_2020-05-08,1.9686356
PKX_MT,2016-06-03_2020-05-22,1.965311
PKX_MT,2016-06-17_2020-06-08,1.9577827
PKX_MT,2016-07-01_2020-06-22,1.9527721
PKX_MT,2016-07-18_2020-07-07,1.9511414
PKX_MT,2016-08-01_2020-07-21,1.9500122
PKX_MT,2016-08-15_2020-08-04,1.9421921
PKX_MT,2016-08-29_2020-08-18,1.9343033
PKX_MT,2016-09-13_2020-09-01,1.9333363
PKX_MT,2016-09-27_2020-09-16,1.9374485
PKX_MT,2016-10-11_2020-09-30,1.9378471
PKX_MT,2016-10-25_2020-10-14,1.9372692
PKX_MT,2016-11-08_2020-10-28,1.9333286
PKX_MT,2016-11-22_2020-11-11,1.9260807
PKX_MT,2016-12-07_2020-11-25,1.92243
PKX_MT,2016-12-21_2020-12-10,1.9236794
PKX_MT,2017-01-06_2020-12-24,1.9240379
PKX_MT,2017-01-23_2021-01-11,1.9268932
PKX_MT,2017-02-06_2021-01-26,1.9287643
PKX_MT,2017-02-21_2021-02-09,1.9335365
PKX_MT,2017-03-07_2021-02-24,1.9378014
PKX_MT,2017-03-21_2021-03-10,1.9423199
PKX_MT,2017-04-04_2021-03-24,1.9417667
PKX_MT,2017-04-19_2021-04-08,1.9425087
PKX_MT,2017-05-03_2021-04-22,1.9469986
PKX_MT,2017-05-17_2021-05-06,1.9595108
PKX_MT,2017-06-01_2021-05-20,1.9717312
PKX_MT,2017-06-15_2021-06-04,1.9728107
PKX_MT,2017-06-29_2021-06-18,1.9690952
PKX_MT,2017-07-14_2021-07-02,1.9684753
PKX_MT,2017-07-28_2021-07-19,1.9628162
PKX_MT,2017-08-11_2021-08-02,1.9498692
PKX_MT,2017-08-25_2021-08-16,1.9229374
PKX_MT,2017-09-11_2021-08-30,1.8928776
PKX_MT,2017-09-25_2021-09-14,1.8818607
PKX_MT,2017-10-09_2021-09-28,1.8773899
PKX_MT,2017-10-23_2021-10-12,1.8701973
PKX_MT,2017-11-06_2021-10-26,1.8518238
PKX_MT,2017-11-20_2021-11-09,1.8231621
PKX_MT,2017-12-05_2021-11-23,1.801384
PKX_MT,2017-12-19_2021-12-08,1.7889805
PKX_MT,2018-01-04_2021-12-22,1.76548
PKX_MT,2018-01-19_2022-01-06,1.7269306
PKX_MT,2018-02-02_2022-01-21,1.6721516
PKX_MT,2018-02-16_2022-02-04,1.6387043
PKX_MT,2018-03-05_2022-02-18,1.604784
PKX_MT,2018-03-19_2022-03-07,1.5768318
PKX_MT,2018-04-03_2022-03-21,1.5507736
PKX_MT,2018-04-17_2022-04-04,1.5212612
PKX_MT,2018-05-01_2022-04-19,1.4887657
PKX_MT,2018-05-15_2022-05-03,1.4555798
PKX_MT,2018-05-30_2022-05-17,1.4295349
PKX_MT,2018-06-13_2022-06-01,1.3933277
PKX_MT,2018-06-27_2022-06-15,1.3593616
PKX_MT,2018-07-12_2022-06-30,1.3483086
PKX_MT,2018-07-26_2022-07-15,1.3431606
PKX_MT,2018-08-09_2022-07-29,1.3323994
PKX_MT,2018-08-23_2022-08-12,1.3191528
PKX_MT,2018-09-07_2022-08-26,1.3068523
PKX_MT,2018-09-21_2022-09-12,1.3018837
PKX_MT,2018-10-05_2022-09-26,1.3017807
PKX_MT,2018-10-19_2022-10-10,1.3078289
PKX_MT,2018-11-02_2022-10-24,1.3077984
PKX_MT,2018-11-16_2022-11-07,1.3050823
PKX_MT,2018-12-03_2022-11-21,1.3001442
PKX_MT,2018-12-18_2022-12-06,1.2958775
PKX_MT,2019-01-03_2022-12-20,1.2914085
PKX_MT,2019-01-17_2023-01-05,1.2872314
PKX_MT,2019-02-01_2023-01-20,1.2806473
PKX_MT,2019-02-15_2023-02-03,1.2747402
PKX_MT,2019-03-04_2023-02-17,1.2706146
PKX_MT,2019-03-18_2023-03-06,1.2681828
PKX_MT,2019-04-01_2023-03-20,1.2674179
STLD_MT,2016-04-07_2020-03-26,0.92311287
STLD_MT,2016-04-21_2020-04-09,0.9098568
STLD_MT,2016-05-05_2020-04-24,0.8972359
STLD_MT,2016-05-19_2020-05-08,0.88481903
STLD_MT,2016-06-03_2020-05-22,0.87063885
STLD_MT,2016-06-17_2020-06-08,0.85310936
STLD_MT,2016-07-01_2020-06-22,0.836689
STLD_MT,2016-07-18_2020-07-07,0.8256359
STLD_MT,2016-08-01_2020-07-21,0.81622314
STLD_MT,2016-08-15_2020-08-04,0.80329514
STLD_MT,2016-08-29_2020-08-18,0.7882652
STLD_MT,2016-09-13_2020-09-01,0.77290535
STLD_MT,2016-09-27_2020-09-16,0.75868416
STLD_MT,2016-10-11_2020-09-30,0.7472868
STLD_MT,2016-10-25_2020-10-14,0.7357435
STLD_MT,2016-11-08_2020-10-28,0.72635937
STLD_MT,2016-11-22_2020-11-11,0.71978474
STLD_MT,2016-12-07_2020-11-25,0.7140808
STLD_MT,2016-12-21_2020-12-10,0.7126827
STLD_MT,2017-01-06_2020-12-24,0.7131281
STLD_MT,2017-01-23_2021-01-11,0.7152748
STLD_MT,2017-02-06_2021-01-26,0.7180338
STLD_MT,2017-02-21_2021-02-09,0.720541
STLD_MT,2017-03-07_2021-02-24,0.72581387
STLD_MT,2017-03-21_2021-03-10,0.73458385
STLD_MT,2017-04-04_2021-03-24,0.74683666
STLD_MT,2017-04-19_2021-04-08,0.76300144
STLD_MT,2017-05-03_2021-04-22,0.7789297
STLD_MT,2017-05-17_2021-05-06,0.80378246
STLD_MT,2017-06-01_2021-05-20,0.84084606
STLD_MT,2017-06-15_2021-06-04,0.87428474
STLD_MT,2017-06-29_2021-06-18,0.9052725
STLD_MT,2017-07-14_2021-07-02,0.9300356
STLD_MT,2017-07-28_2021-07-19,0.9562912
STLD_MT,2017-08-11_2021-08-02,0.9873686
STLD_MT,2017-08-25_2021-08-16,1.0299368
STLD_MT,2017-09-11_2021-08-30,1.073266
STLD_MT,2017-09-25_2021-09-14,1.1084423
STLD_MT,2017-10-09_2021-09-28,1.1306009
STLD_MT,2017-10-23_2021-10-12,1.1530256
STLD_MT,2017-11-06_2021-10-26,1.1846943
STLD_MT,2017-11-20_2021-11-09,1.2159109
STLD_MT,2017-12-05_2021-11-23,1.2478542
STLD_MT,2017-12-19_2021-12-08,1.2747402
STLD_MT,2018-01-04_2021-12-22,1.3051472
STLD_MT,2018-01-19_2022-01-06,1.347146
STLD_MT,2018-02-02_2022-01-21,1.3843813
STLD_MT,2018-02-16_2022-02-04,1.4132853
STLD_MT,2018-03-05_2022-02-18,1.4474936
STLD_MT,2018-03-19_2022-03-07,1.4866962
STLD_MT,2018-04-03_2022-03-21,1.5330677
STLD_MT,2018-04-17_2022-04-04,1.5981321
STLD_MT,2018-05-01_2022-04-19,1.6689138
STLD_MT,2018-05-15_2022-05-03,1.7422495
STLD_MT,2018-05-30_2022-05-17,1.7948208
STLD_MT,2018-06-13_2022-06-01,1.8511047
STLD_MT,2018-06-27_2022-06-15,1.9018726
STLD_MT,2018-07-12_2022-06-30,1.9224606
STLD_MT,2018-07-26_2022-07-15,1.937417
STLD_MT,2018-08-09_2022-07-29,1.9702663
STLD_MT,2018-08-23_2022-08-12,2.0038118
STLD_MT,2018-09-07_2022-08-26,2.036663
STLD_MT,2018-09-21_2022-09-12,2.0636158
STLD_MT,2018-10-05_2022-09-26,2.0930233
STLD_MT,2018-10-19_2022-10-10,2.107603
STLD_MT,2018-11-02_2022-10-24,2.117159
STLD_MT,2018-11-16_2022-11-07,2.1335983
STLD_MT,2018-12-03_2022-11-21,2.1690521
STLD_MT,2018-12-18_2022-12-06,2.2098713
STLD_MT,2019-01-03_2022-12-20,2.2456818
STLD_MT,2019-01-17_2023-01-05,2.2784786
STLD_MT,2019-02-01_2023-01-20,2.3357048
STLD_MT,2019-02-15_2023-02-03,2.4108772
STLD_MT,2019-03-04_2023-02-17,2.482956
STLD_MT,2019-03-18_2023-03-06,2.5561752
STLD_MT,2019-04-01_2023-03-20,2.6051044
TX_MT,2016-04-07_2020-03-26,0.6705122
TX_MT,2016-04-21_2020-04-09,0.67303085
TX_MT,2016-05-05_2020-04-24,0.6733103
TX_MT,2016-05-19_2020-05-08,0.673893
TX_MT,2016-06-03_2020-05-22,0.67282104
TX_MT,2016-06-17_2020-06-08,0.66811943
TX_MT,2016-07-01_2020-06-22,0.6645832
TX_MT,2016-07-18_2020-07-07,0.6642809
TX_MT,2016-08-01_2020-07-21,0.66622066
TX_MT,2016-08-15_2020-08-04,0.668169
TX_MT,2016-08-29_2020-08-18,0.666502
TX_MT,2016-09-13_2020-09-01,0.6628256
TX_MT,2016-09-27_2020-09-16,0.6581888
TX_MT,2016-10-11_2020-09-30,0.653285
TX_MT,2016-10-25_2020-10-14,0.6499958
TX_MT,2016-11-08_2020-10-28,0.64743423
TX_MT,2016-11-22_2020-11-11,0.64478683
TX_MT,2016-12-07_2020-11-25,0.6418209
TX_MT,2016-12-21_2020-12-10,0.6414356
TX_MT,2017-01-06_2020-12-24,0.64240265
TX_MT,2017-01-23_2021-01-11,0.64573956
TX_MT,2017-02-06_2021-01-26,0.64886
TX_MT,2017-02-21_2021-02-09,0.65349674
TX_MT,2017-03-07_2021-02-24,0.65853786
TX_MT,2017-03-21_2021-03-10,0.66504765
TX_MT,2017-04-04_2021-03-24,0.6735525
TX_MT,2017-04-19_2021-04-08,0.68379784
TX_MT,2017-05-03_2021-04-22,0.6937113
TX_MT,2017-05-17_2021-05-06,0.70502853
TX_MT,2017-06-01_2021-05-20,0.71781063
TX_MT,2017-06-15_2021-06-04,0.7258911
TX_MT,2017-06-29_2021-06-18,0.73161983
TX_MT,2017-07-14_2021-07-02,0.7387743
TX_MT,2017-07-28_2021-07-19,0.75300694
TX_MT,2017-08-11_2021-08-02,0.7758188
TX_MT,2017-08-25_2021-08-16,0.81044865
TX_MT,2017-09-11_2021-08-30,0.8426161
TX_MT,2017-09-25_2021-09-14,0.870841
TX_MT,2017-10-09_2021-09-28,0.88627815
TX_MT,2017-10-23_2021-10-12,0.8981886
TX_MT,2017-11-06_2021-10-26,0.914443
TX_MT,2017-11-20_2021-11-09,0.9282112
TX_MT,2017-12-05_2021-11-23,0.9420719
TX_MT,2017-12-19_2021-12-08,0.9580202
TX_MT,2018-01-04_2021-12-22,0.9787111
TX_MT,2018-01-19_2022-01-06,1.0085506
TX_MT,2018-02-02_2022-01-21,1.0413685
TX_MT,2018-02-16_2022-02-04,1.0614653
TX_MT,2018-03-05_2022-02-18,1.0814981
TX_MT,2018-03-19_2022-03-07,1.0968714
TX_MT,2018-04-03_2022-03-21,1.1125298
TX_MT,2018-04-17_2022-04-04,1.1307755
TX_MT,2018-05-01_2022-04-19,1.1555834
TX_MT,2018-05-15_2022-05-03,1.1745367
TX_MT,2018-05-30_2022-05-17,1.1924248
TX_MT,2018-06-13_2022-06-01,1.2113962
TX_MT,2018-06-27_2022-06-15,1.2270832
TX_MT,2018-07-12_2022-06-30,1.234602
TX_MT,2018-07-26_2022-07-15,1.241065
TX_MT,2018-08-09_2022-07-29,1.2540846
TX_MT,2018-08-23_2022-08-12,1.2674694
TX_MT,2018-09-07_2022-08-26,1.2830791
TX_MT,2018-09-21_2022-09-12,1.2982712
TX_MT,2018-10-05_2022-09-26,1.3171921
TX_MT,2018-10-19_2022-10-10,1.3267517
TX_MT,2018-11-02_2022-10-24,1.3296938
TX_MT,2018-11-16_2022-11-07,1.3316917
TX_MT,2018-12-03_2022-11-21,1.3310709
TX_MT,2018-12-18_2022-12-06,1.3287468
TX_MT,2019-01-03_2022-12-20,1.3255987
TX_MT,2019-01-17_2023-01-05,1.3229656
TX_MT,2019-02-01_2023-01-20,1.318388
TX_MT,2019-02-15_2023-02-03,1.3191519
TX_MT,2019-03-04_2023-02-17,1.3216496
TX_MT,2019-03-18_2023-03-06,1.3266125
TX_MT,2019-04-01_2023-03-20,1.331439
TX_STLD,2016-04-07_2020-03-26,0.65326405
TX_STLD,2016-04-21_2020-04-09,0.6627693
TX_STLD,2016-05-05_2020-04-24,0.6700239
TX_STLD,2016-05-19_2020-05-08,0.6763334
TX_STLD,2016-06-03_2020-05-22,0.68334484
TX_STLD,2016-06-17_2020-06-08,0.68787766
TX_STLD,2016-07-01_2020-06-22,0.69295883
TX_STLD,2016-07-18_2020-07-07,0.6987057
TX_STLD,2016-08-01_2020-07-21,0.7072239
TX_STLD,2016-08-15_2020-08-04,0.71844864
TX_STLD,2016-08-29_2020-08-18,0.7275009
TX_STLD,2016-09-13_2020-09-01,0.7352619
TX_STLD,2016-09-27_2020-09-16,0.74196434
TX_STLD,2016-10-11_2020-09-30,0.74764824
TX_STLD,2016-10-25_2020-10-14,0.7560692
TX_STLD,2016-11-08_2020-10-28,0.76560783
TX_STLD,2016-11-22_2020-11-11,0.76641846
TX_STLD,2016-12-07_2020-11-25,0.7650833
TX_STLD,2016-12-21_2020-12-10,0.7663288
TX_STLD,2017-01-06_2020-12-24,0.76844406
TX_STLD,2017-01-23_2021-01-11,0.77080727
TX_STLD,2017-02-06_2021-01-26,0.7701664
TX_STLD,2017-02-21_2021-02-09,0.76989937
TX_STLD,2017-03-07_2021-02-24,0.7674389
TX_STLD,2017-03-21_2021-03-10,0.76446533
TX_STLD,2017-04-04_2021-03-24,0.76283646
TX_STLD,2017-04-19_2021-04-08,0.75930405
TX_STLD,2017-05-03_2021-04-22,0.7546482
TX_STLD,2017-05-17_2021-05-06,0.73638153
TX_STLD,2017-06-01_2021-05-20,0.7037287
TX_STLD,2017-06-15_2021-06-04,0.6724539
TX_STLD,2017-06-29_2021-06-18,0.64210796
TX_STLD,2017-07-14_2021-07-02,0.62782574
TX_STLD,2017-07-28_2021-07-19,0.62955856
TX_STLD,2017-08-11_2021-08-02,0.6430912
TX_STLD,2017-08-25_2021-08-16,0.66299343
TX_STLD,2017-09-11_2021-08-30,0.6791296
TX_STLD,2017-09-25_2021-09-14,0.6963992
TX_STLD,2017-10-09_2021-09-28,0.70224
TX_STLD,2017-10-23_2021-10-12,0.70236254
TX_STLD,2017-11-06_2021-10-26,0.69981384
TX_STLD,2017-11-20_2021-11-09,0.6924987
TX_STLD,2017-12-05_2021-11-23,0.6817641
TX_STLD,2017-12-19_2021-12-08,0.67721033
TX_STLD,2018-01-04_2021-12-22,0.6773977
TX_STLD,2018-01-19_2022-01-06,0.6779609
TX_STLD,2018-02-02_2022-01-21,0.6826205
TX_STLD,2018-02-16_2022-02-04,0.68392944
TX_STLD,2018-03-05_2022-02-18,0.6806774
TX_STLD,2018-03-19_2022-03-07,0.66433764
TX_STLD,2018-04-03_2022-03-21,0.6440606
TX_STLD,2018-04-17_2022-04-04,0.61975574
TX_STLD,2018-05-01_2022-04-19,0.6034045
TX_STLD,2018-05-15_2022-05-03,0.57906294
TX_STLD,2018-05-30_2022-05-17,0.5673125
TX_STLD,2018-06-13_2022-06-01,0.5579512
TX_STLD,2018-06-27_2022-06-15,0.5504999
TX_STLD,2018-07-12_2022-06-30,0.54675984
TX_STLD,2018-07-26_2022-07-15,0.54193354
TX_STLD,2018-08-09_2022-07-29,0.5344031
TX_STLD,2018-08-23_2022-08-12,0.52059674
TX_STLD,2018-09-07_2022-08-26,0.5034027
TX_STLD,2018-09-21_2022-09-12,0.48699975
TX_STLD,2018-10-05_2022-09-26,0.4758358
TX_STLD,2018-10-19_2022-10-10,0.46516895
TX_STLD,2018-11-02_2022-10-24,0.44830585
TX_STLD,2018-11-16_2022-11-07,0.42402816
TX_STLD,2018-12-03_2022-11-21,0.40325046
TX_STLD,2018-12-18_2022-12-06,0.38062406
TX_STLD,2019-01-03_2022-12-20,0.3598156
TX_STLD,2019-01-17_2023-01-05,0.34619355
TX_STLD,2019-02-01_2023-01-20,0.33386874
TX_STLD,2019-02-15_2023-02-03,0.3229587
TX_STLD,2019-03-04_2023-02-17,0.31035995
TX_STLD,2019-03-18_2023-03-06,0.30241108
TX_STLD,2019-04-01_2023-03-20,0.29779947
