POST_AGRO,2017-07-19_2020-07-10,-1.4845428
POST_AGRO,2017-08-02_2020-07-24,-1.3511658
POST_AGRO,2017-08-16_2020-08-07,-1.2502136
POST_AGRO,2017-08-30_2020-08-21,-1.151825
POST_AGRO,2017-09-14_2020-09-04,-1.0672302
POST_AGRO,2017-09-28_2020-09-21,-0.97384644
POST_AGRO,2017-10-12_2020-10-05,-0.8837738
POST_AGRO,2017-10-26_2020-10-19,-0.81781006
POST_AGRO,2017-11-09_2020-11-02,-0.69000244
POST_AGRO,2017-11-24_2020-11-16,-0.61657715
POST_AGRO,2017-12-08_2020-12-01,-0.50006104
POST_AGRO,2017-12-22_2020-12-15,-0.33868408
POST_AGRO,2018-01-09_2020-12-30,-0.16036987
POST_AGRO,2018-01-24_2021-01-14,0.042633057
POST_AGRO,2018-02-07_2021-01-29,0.311203
POST_AGRO,2018-02-22_2021-02-12,0.58638
POST_AGRO,2018-03-08_2021-03-01,0.7999878
POST_AGRO,2018-03-22_2021-03-15,0.9778137
POST_AGRO,2018-04-06_2021-03-29,1.1328735
POST_AGRO,2018-04-20_2021-04-13,1.3099518
POST_AGRO,2018-05-04_2021-04-27,1.5135651
POST_AGRO,2018-05-18_2021-05-11,1.7489929
POST_AGRO,2018-06-04_2021-05-25,2.0149841
POST_AGRO,2018-06-18_2021-06-09,2.1998901
POST_AGRO,2018-07-02_2021-06-23,2.2677002
POST_AGRO,2018-07-17_2021-07-08,2.3397827
POST_AGRO,2018-07-31_2021-07-22,2.4169617
POST_AGRO,2018-08-14_2021-08-05,2.425644
POST_AGRO,2018-08-28_2021-08-19,2.4818726
POST_AGRO,2018-09-12_2021-09-02,2.5218506
POST_AGRO,2018-09-26_2021-09-17,2.5085754
POST_AGRO,2018-10-10_2021-10-01,2.51857
POST_AGRO,2018-10-24_2021-10-15,2.5441437
POST_AGRO,2018-11-07_2021-10-29,2.5521088
POST_AGRO,2018-11-21_2021-11-12,2.531479
POST_AGRO,2018-12-07_2021-11-29,2.5143585
POST_AGRO,2018-12-21_2021-12-13,2.5026703
POST_AGRO,2019-01-08_2021-12-28,2.5012054
POST_AGRO,2019-01-23_2022-01-11,2.5174103
POST_AGRO,2019-02-06_2022-01-26,2.5367126
POST_AGRO,2019-02-21_2022-02-09,2.5386658
POST_AGRO,2019-03-07_2022-02-24,2.5406342
POST_AGRO,2019-03-21_2022-03-10,2.4384766
POST_AGRO,2019-04-04_2022-03-24,2.2773666
POST_AGRO,2019-04-18_2022-04-07,2.1640472
POST_AGRO,2019-05-03_2022-04-22,2.1298065
POST_AGRO,2019-05-17_2022-05-06,2.1373672
POST_AGRO,2019-06-03_2022-05-20,2.2029953
POST_AGRO,2019-06-17_2022-06-06,2.270668
POST_AGRO,2019-07-01_2022-06-21,2.3103561
POST_AGRO,2019-07-16_2022-07-06,2.3485641
UVV_AGRO,2017-07-19_2020-07-10,0.4272232
UVV_AGRO,2017-08-02_2020-07-24,0.4885559
UVV_AGRO,2017-08-16_2020-08-07,0.57858276
UVV_AGRO,2017-08-30_2020-08-21,0.6481018
UVV_AGRO,2017-09-14_2020-09-04,0.72624207
UVV_AGRO,2017-09-28_2020-09-21,0.81411743
UVV_AGRO,2017-10-12_2020-10-05,0.9443207
UVV_AGRO,2017-10-26_2020-10-19,1.032135
UVV_AGRO,2017-11-09_2020-11-02,1.1325912
UVV_AGRO,2017-11-24_2020-11-16,1.2138672
UVV_AGRO,2017-12-08_2020-12-01,1.3131561
UVV_AGRO,2017-12-22_2020-12-15,1.4487
UVV_AGRO,2018-01-09_2020-12-30,1.646759
UVV_AGRO,2018-01-24_2021-01-14,1.8807526
UVV_AGRO,2018-02-07_2021-01-29,2.1560974
UVV_AGRO,2018-02-22_2021-02-12,2.369629
UVV_AGRO,2018-03-08_2021-03-01,2.5532227
UVV_AGRO,2018-03-22_2021-03-15,2.7012482
UVV_AGRO,2018-04-06_2021-03-29,2.8283386
UVV_AGRO,2018-04-20_2021-04-13,2.98378
UVV_AGRO,2018-05-04_2021-04-27,3.1081238
UVV_AGRO,2018-05-18_2021-05-11,3.1971283
UVV_AGRO,2018-06-04_2021-05-25,3.2227173
UVV_AGRO,2018-06-18_2021-06-09,3.106491
UVV_AGRO,2018-07-02_2021-06-23,2.958107
UVV_AGRO,2018-07-17_2021-07-08,2.900261
UVV_AGRO,2018-07-31_2021-07-22,2.8671265
UVV_AGRO,2018-08-14_2021-08-05,2.820778
UVV_AGRO,2018-08-28_2021-08-19,2.7771606
UVV_AGRO,2018-09-12_2021-09-02,2.7354813
UVV_AGRO,2018-09-26_2021-09-17,2.6531372
UVV_AGRO,2018-10-10_2021-10-01,2.5935898
UVV_AGRO,2018-10-24_2021-10-15,2.5524368
UVV_AGRO,2018-11-07_2021-10-29,2.4845505
UVV_AGRO,2018-11-21_2021-11-12,2.4437943
UVV_AGRO,2018-12-07_2021-11-29,2.4230347
UVV_AGRO,2018-12-21_2021-12-13,2.423584
UVV_AGRO,2019-01-08_2021-12-28,2.4290085
UVV_AGRO,2019-01-23_2022-01-11,2.4468231
UVV_AGRO,2019-02-06_2022-01-26,2.463623
UVV_AGRO,2019-02-21_2022-02-09,2.4790192
UVV_AGRO,2019-03-07_2022-02-24,2.4968414
UVV_AGRO,2019-03-21_2022-03-10,2.5121002
UVV_AGRO,2019-04-04_2022-03-24,2.4755783
UVV_AGRO,2019-04-18_2022-04-07,2.4757385
UVV_AGRO,2019-05-03_2022-04-22,2.460228
UVV_AGRO,2019-05-17_2022-05-06,2.4647675
UVV_AGRO,2019-06-03_2022-05-20,2.5120544
UVV_AGRO,2019-06-17_2022-06-06,2.5780182
UVV_AGRO,2019-07-01_2022-06-21,2.6143875
UVV_AGRO,2019-07-16_2022-07-06,2.6468582
MGPI_ANDE,2017-07-19_2020-07-10,2.3492699
MGPI_ANDE,2017-08-02_2020-07-24,2.343605
MGPI_ANDE,2017-08-16_2020-08-07,2.3514252
MGPI_ANDE,2017-08-30_2020-08-21,2.3685646
MGPI_ANDE,2017-09-14_2020-09-04,2.384266
MGPI_ANDE,2017-09-28_2020-09-21,2.406662
MGPI_ANDE,2017-10-12_2020-10-05,2.437191
MGPI_ANDE,2017-10-26_2020-10-19,2.479084
MGPI_ANDE,2017-11-09_2020-11-02,2.5131378
MGPI_ANDE,2017-11-24_2020-11-16,2.5174103
MGPI_ANDE,2017-12-08_2020-12-01,2.5197525
MGPI_ANDE,2017-12-22_2020-12-15,2.5198212
MGPI_ANDE,2018-01-09_2020-12-30,2.5161781
MGPI_ANDE,2018-01-24_2021-01-14,2.5108757
MGPI_ANDE,2018-02-07_2021-01-29,2.4977531
MGPI_ANDE,2018-02-22_2021-02-12,2.4822617
MGPI_ANDE,2018-03-08_2021-03-01,2.474865
MGPI_ANDE,2018-03-22_2021-03-15,2.4694252
MGPI_ANDE,2018-04-06_2021-03-29,2.4436226
MGPI_ANDE,2018-04-20_2021-04-13,2.4162407
MGPI_ANDE,2018-05-04_2021-04-27,2.3815842
MGPI_ANDE,2018-05-18_2021-05-11,2.3445282
MGPI_ANDE,2018-06-04_2021-05-25,2.310257
MGPI_ANDE,2018-06-18_2021-06-09,2.2719536
MGPI_ANDE,2018-07-02_2021-06-23,2.2214775
MGPI_ANDE,2018-07-17_2021-07-08,2.176506
MGPI_ANDE,2018-07-31_2021-07-22,2.1387691
MGPI_ANDE,2018-08-14_2021-08-05,2.1422348
MGPI_ANDE,2018-08-28_2021-08-19,2.176979
MGPI_ANDE,2018-09-12_2021-09-02,2.1979713
MGPI_ANDE,2018-09-26_2021-09-17,2.2038841
MGPI_ANDE,2018-10-10_2021-10-01,2.2033043
MGPI_ANDE,2018-10-24_2021-10-15,2.1920815
MGPI_ANDE,2018-11-07_2021-10-29,2.1846237
MGPI_ANDE,2018-11-21_2021-11-12,2.1380386
MGPI_ANDE,2018-12-07_2021-11-29,2.120224
MGPI_ANDE,2018-12-21_2021-12-13,2.1588287
MGPI_ANDE,2019-01-08_2021-12-28,2.180626
MGPI_ANDE,2019-01-23_2022-01-11,2.186308
MGPI_ANDE,2019-02-06_2022-01-26,2.174408
MGPI_ANDE,2019-02-21_2022-02-09,2.151762
MGPI_ANDE,2019-03-07_2022-02-24,2.1067028
MGPI_ANDE,2019-03-21_2022-03-10,1.9957237
MGPI_ANDE,2019-04-04_2022-03-24,1.9138451
MGPI_ANDE,2019-04-18_2022-04-07,1.8183498
MGPI_ANDE,2019-05-03_2022-04-22,1.7166576
MGPI_ANDE,2019-05-17_2022-05-06,1.7046757
MGPI_ANDE,2019-06-03_2022-05-20,1.7405891
MGPI_ANDE,2019-06-17_2022-06-06,1.7749825
MGPI_ANDE,2019-07-01_2022-06-21,1.8034515
MGPI_ANDE,2019-07-16_2022-07-06,1.8315086
GIS_BF-B,2017-07-19_2020-07-10,0.41514206
GIS_BF-B,2017-08-02_2020-07-24,0.4677925
GIS_BF-B,2017-08-16_2020-08-07,0.52799606
GIS_BF-B,2017-08-30_2020-08-21,0.5813179
GIS_BF-B,2017-09-14_2020-09-04,0.6138115
GIS_BF-B,2017-09-28_2020-09-21,0.6129074
GIS_BF-B,2017-10-12_2020-10-05,0.624321
GIS_BF-B,2017-10-26_2020-10-19,0.637661
GIS_BF-B,2017-11-09_2020-11-02,0.6548271
GIS_BF-B,2017-11-24_2020-11-16,0.6613388
GIS_BF-B,2017-12-08_2020-12-01,0.6607666
GIS_BF-B,2017-12-22_2020-12-15,0.6575756
GIS_BF-B,2018-01-09_2020-12-30,0.652977
GIS_BF-B,2018-01-24_2021-01-14,0.64946556
GIS_BF-B,2018-02-07_2021-01-29,0.65335083
GIS_BF-B,2018-02-22_2021-02-12,0.6539345
GIS_BF-B,2018-03-08_2021-03-01,0.6483402
GIS_BF-B,2018-03-22_2021-03-15,0.64873886
GIS_BF-B,2018-04-06_2021-03-29,0.6485119
GIS_BF-B,2018-04-20_2021-04-13,0.6493645
GIS_BF-B,2018-05-04_2021-04-27,0.6463375
GIS_BF-B,2018-05-18_2021-05-11,0.6431351
GIS_BF-B,2018-06-04_2021-05-25,0.63964653
GIS_BF-B,2018-06-18_2021-06-09,0.63380814
GIS_BF-B,2018-07-02_2021-06-23,0.63220596
GIS_BF-B,2018-07-17_2021-07-08,0.6277504
GIS_BF-B,2018-07-31_2021-07-22,0.62312126
GIS_BF-B,2018-08-14_2021-08-05,0.6199703
GIS_BF-B,2018-08-28_2021-08-19,0.61774826
GIS_BF-B,2018-09-12_2021-09-02,0.6144924
GIS_BF-B,2018-09-26_2021-09-17,0.61128044
GIS_BF-B,2018-10-10_2021-10-01,0.60503006
GIS_BF-B,2018-10-24_2021-10-15,0.60307693
GIS_BF-B,2018-11-07_2021-10-29,0.60157394
GIS_BF-B,2018-11-21_2021-11-12,0.6011772
GIS_BF-B,2018-12-07_2021-11-29,0.59426117
GIS_BF-B,2018-12-21_2021-12-13,0.5776825
GIS_BF-B,2019-01-08_2021-12-28,0.56354904
GIS_BF-B,2019-01-23_2022-01-11,0.5559807
GIS_BF-B,2019-02-06_2022-01-26,0.5465927
GIS_BF-B,2019-02-21_2022-02-09,0.53637314
GIS_BF-B,2019-03-07_2022-02-24,0.52573013
GIS_BF-B,2019-03-21_2022-03-10,0.51172256
GIS_BF-B,2019-04-04_2022-03-24,0.5024948
GIS_BF-B,2019-04-18_2022-04-07,0.49948883
GIS_BF-B,2019-05-03_2022-04-22,0.4982834
GIS_BF-B,2019-05-17_2022-05-06,0.4914627
GIS_BF-B,2019-06-03_2022-05-20,0.47477722
GIS_BF-B,2019-06-17_2022-06-06,0.4538803
GIS_BF-B,2019-07-01_2022-06-21,0.44039154
GIS_BF-B,2019-07-16_2022-07-06,0.44281006
POST_CCEP,2017-07-19_2020-07-10,0.9850998
POST_CCEP,2017-08-02_2020-07-24,0.9797058
POST_CCEP,2017-08-16_2020-08-07,0.976635
POST_CCEP,2017-08-30_2020-08-21,0.9747009
POST_CCEP,2017-09-14_2020-09-04,0.9736328
POST_CCEP,2017-09-28_2020-09-21,0.9759674
POST_CCEP,2017-10-12_2020-10-05,0.9785805
POST_CCEP,2017-10-26_2020-10-19,0.9721031
POST_CCEP,2017-11-09_2020-11-02,0.9598274
POST_CCEP,2017-11-24_2020-11-16,0.94177246
POST_CCEP,2017-12-08_2020-12-01,0.93509674
POST_CCEP,2017-12-22_2020-12-15,0.9238548
POST_CCEP,2018-01-09_2020-12-30,0.91682434
POST_CCEP,2018-01-24_2021-01-14,0.9081726
POST_CCEP,2018-02-07_2021-01-29,0.8944855
POST_CCEP,2018-02-22_2021-02-12,0.8713455
POST_CCEP,2018-03-08_2021-03-01,0.8470459
POST_CCEP,2018-03-22_2021-03-15,0.82657623
POST_CCEP,2018-04-06_2021-03-29,0.8094864
POST_CCEP,2018-04-20_2021-04-13,0.80002594
POST_CCEP,2018-05-04_2021-04-27,0.7920456
POST_CCEP,2018-05-18_2021-05-11,0.78578186
POST_CCEP,2018-06-04_2021-05-25,0.77301025
POST_CCEP,2018-06-18_2021-06-09,0.7653351
POST_CCEP,2018-07-02_2021-06-23,0.74850464
POST_CCEP,2018-07-17_2021-07-08,0.73296356
POST_CCEP,2018-07-31_2021-07-22,0.71188736
POST_CCEP,2018-08-14_2021-08-05,0.68659973
POST_CCEP,2018-08-28_2021-08-19,0.6946373
POST_CCEP,2018-09-12_2021-09-02,0.70653534
POST_CCEP,2018-09-26_2021-09-17,0.7063408
POST_CCEP,2018-10-10_2021-10-01,0.7098236
POST_CCEP,2018-10-24_2021-10-15,0.7119446
POST_CCEP,2018-11-07_2021-10-29,0.7069702
POST_CCEP,2018-11-21_2021-11-12,0.702034
POST_CCEP,2018-12-07_2021-11-29,0.69864273
POST_CCEP,2018-12-21_2021-12-13,0.68989944
POST_CCEP,2019-01-08_2021-12-28,0.6831322
POST_CCEP,2019-01-23_2022-01-11,0.69115067
POST_CCEP,2019-02-06_2022-01-26,0.6933212
POST_CCEP,2019-02-21_2022-02-09,0.6891403
POST_CCEP,2019-03-07_2022-02-24,0.69112015
POST_CCEP,2019-03-21_2022-03-10,0.6930618
POST_CCEP,2019-04-04_2022-03-24,0.6960373
POST_CCEP,2019-04-18_2022-04-07,0.6980591
POST_CCEP,2019-05-03_2022-04-22,0.69957733
POST_CCEP,2019-05-17_2022-05-06,0.70163345
POST_CCEP,2019-06-03_2022-05-20,0.70745087
POST_CCEP,2019-06-17_2022-06-06,0.7227135
POST_CCEP,2019-07-01_2022-06-21,0.7327423
POST_CCEP,2019-07-16_2022-07-06,0.74414825
NOMD_CELH,2017-07-19_2020-07-10,0.07854462
NOMD_CELH,2017-08-02_2020-07-24,0.12973785
NOMD_CELH,2017-08-16_2020-08-07,0.20279312
NOMD_CELH,2017-08-30_2020-08-21,0.25188446
NOMD_CELH,2017-09-14_2020-09-04,0.28472042
NOMD_CELH,2017-09-28_2020-09-21,0.30976486
NOMD_CELH,2017-10-12_2020-10-05,0.3211522
NOMD_CELH,2017-10-26_2020-10-19,0.33011436
NOMD_CELH,2017-11-09_2020-11-02,0.32837915
NOMD_CELH,2017-11-24_2020-11-16,0.29987764
NOMD_CELH,2017-12-08_2020-12-01,0.25975275
NOMD_CELH,2017-12-22_2020-12-15,0.23485708
NOMD_CELH,2018-01-09_2020-12-30,0.2118628
NOMD_CELH,2018-01-24_2021-01-14,0.17571509
NOMD_CELH,2018-02-07_2021-01-29,0.15267015
NOMD_CELH,2018-02-22_2021-02-12,0.14166677
NOMD_CELH,2018-03-08_2021-03-01,0.13249338
NOMD_CELH,2018-03-22_2021-03-15,0.12726629
NOMD_CELH,2018-04-06_2021-03-29,0.12887013
NOMD_CELH,2018-04-20_2021-04-13,0.13122618
NOMD_CELH,2018-05-04_2021-04-27,0.13362563
NOMD_CELH,2018-05-18_2021-05-11,0.13621801
NOMD_CELH,2018-06-04_2021-05-25,0.13882023
NOMD_CELH,2018-06-18_2021-06-09,0.14069581
NOMD_CELH,2018-07-02_2021-06-23,0.1417808
NOMD_CELH,2018-07-17_2021-07-08,0.13832748
NOMD_CELH,2018-07-31_2021-07-22,0.13576066
NOMD_CELH,2018-08-14_2021-08-05,0.13161564
NOMD_CELH,2018-08-28_2021-08-19,0.12859577
NOMD_CELH,2018-09-12_2021-09-02,0.124672234
NOMD_CELH,2018-09-26_2021-09-17,0.11855602
NOMD_CELH,2018-10-10_2021-10-01,0.114028454
NOMD_CELH,2018-10-24_2021-10-15,0.11038184
NOMD_CELH,2018-11-07_2021-10-29,0.10585815
NOMD_CELH,2018-11-21_2021-11-12,0.1004799
NOMD_CELH,2018-12-07_2021-11-29,0.0977816
NOMD_CELH,2018-12-21_2021-12-13,0.09530026
NOMD_CELH,2019-01-08_2021-12-28,0.09250885
NOMD_CELH,2019-01-23_2022-01-11,0.090948045
NOMD_CELH,2019-02-06_2022-01-26,0.09005153
NOMD_CELH,2019-02-21_2022-02-09,0.08941281
NOMD_CELH,2019-03-07_2022-02-24,0.08874977
NOMD_CELH,2019-03-21_2022-03-10,0.08802676
NOMD_CELH,2019-04-04_2022-03-24,0.0863533
NOMD_CELH,2019-04-18_2022-04-07,0.08506614
NOMD_CELH,2019-05-03_2022-04-22,0.083801925
NOMD_CELH,2019-05-17_2022-05-06,0.082096994
NOMD_CELH,2019-06-03_2022-05-20,0.081103146
NOMD_CELH,2019-06-17_2022-06-06,0.07878971
NOMD_CELH,2019-07-01_2022-06-21,0.07659578
NOMD_CELH,2019-07-16_2022-07-06,0.074540734
MNST_CENT,2017-07-19_2020-07-10,-0.06699371
MNST_CENT,2017-08-02_2020-07-24,-0.05253601
MNST_CENT,2017-08-16_2020-08-07,-8.392334e-05
MNST_CENT,2017-08-30_2020-08-21,0.08097839
MNST_CENT,2017-09-14_2020-09-04,0.15351868
MNST_CENT,2017-09-28_2020-09-21,0.20224762
MNST_CENT,2017-10-12_2020-10-05,0.24871063
MNST_CENT,2017-10-26_2020-10-19,0.31826782
MNST_CENT,2017-11-09_2020-11-02,0.36445618
MNST_CENT,2017-11-24_2020-11-16,0.41336823
MNST_CENT,2017-12-08_2020-12-01,0.46956635
MNST_CENT,2017-12-22_2020-12-15,0.50779724
MNST_CENT,2018-01-09_2020-12-30,0.54254913
MNST_CENT,2018-01-24_2021-01-14,0.60580444
MNST_CENT,2018-02-07_2021-01-29,0.6687317
MNST_CENT,2018-02-22_2021-02-12,0.7568054
MNST_CENT,2018-03-08_2021-03-01,0.8426361
MNST_CENT,2018-03-22_2021-03-15,0.92196274
MNST_CENT,2018-04-06_2021-03-29,0.99668884
MNST_CENT,2018-04-20_2021-04-13,1.0577621
MNST_CENT,2018-05-04_2021-04-27,1.1106644
MNST_CENT,2018-05-18_2021-05-11,1.1424332
MNST_CENT,2018-06-04_2021-05-25,1.1706772
MNST_CENT,2018-06-18_2021-06-09,1.2111473
MNST_CENT,2018-07-02_2021-06-23,1.2385483
MNST_CENT,2018-07-17_2021-07-08,1.2675018
MNST_CENT,2018-07-31_2021-07-22,1.297966
MNST_CENT,2018-08-14_2021-08-05,1.3320084
MNST_CENT,2018-08-28_2021-08-19,1.3598995
MNST_CENT,2018-09-12_2021-09-02,1.3875141
MNST_CENT,2018-09-26_2021-09-17,1.4097862
MNST_CENT,2018-10-10_2021-10-01,1.414526
MNST_CENT,2018-10-24_2021-10-15,1.4047127
MNST_CENT,2018-11-07_2021-10-29,1.3844528
MNST_CENT,2018-11-21_2021-11-12,1.3566666
MNST_CENT,2018-12-07_2021-11-29,1.3401127
MNST_CENT,2018-12-21_2021-12-13,1.3250809
MNST_CENT,2019-01-08_2021-12-28,1.3181248
MNST_CENT,2019-01-23_2022-01-11,1.3236599
MNST_CENT,2019-02-06_2022-01-26,1.3277607
MNST_CENT,2019-02-21_2022-02-09,1.3220291
MNST_CENT,2019-03-07_2022-02-24,1.3145523
MNST_CENT,2019-03-21_2022-03-10,1.3043747
MNST_CENT,2019-04-04_2022-03-24,1.2896347
MNST_CENT,2019-04-18_2022-04-07,1.2776356
MNST_CENT,2019-05-03_2022-04-22,1.2725449
MNST_CENT,2019-05-17_2022-05-06,1.2737465
MNST_CENT,2019-06-03_2022-05-20,1.2738724
MNST_CENT,2019-06-17_2022-06-06,1.2790108
MNST_CENT,2019-07-01_2022-06-21,1.2835655
MNST_CENT,2019-07-16_2022-07-06,1.2918549
MKC_CHD,2017-07-19_2020-07-10,1.149086
MKC_CHD,2017-08-02_2020-07-24,1.1452751
MKC_CHD,2017-08-16_2020-08-07,1.1265163
MKC_CHD,2017-08-30_2020-08-21,1.1090965
MKC_CHD,2017-09-14_2020-09-04,1.0970345
MKC_CHD,2017-09-28_2020-09-21,1.0871983
MKC_CHD,2017-10-12_2020-10-05,1.0749493
MKC_CHD,2017-10-26_2020-10-19,1.069273
MKC_CHD,2017-11-09_2020-11-02,1.0652142
MKC_CHD,2017-11-24_2020-11-16,1.0615902
MKC_CHD,2017-12-08_2020-12-01,1.0598106
MKC_CHD,2017-12-22_2020-12-15,1.0551319
MKC_CHD,2018-01-09_2020-12-30,1.0497093
MKC_CHD,2018-01-24_2021-01-14,1.046421
MKC_CHD,2018-02-07_2021-01-29,1.0455074
MKC_CHD,2018-02-22_2021-02-12,1.0428734
MKC_CHD,2018-03-08_2021-03-01,1.0388451
MKC_CHD,2018-03-22_2021-03-15,1.035492
MKC_CHD,2018-04-06_2021-03-29,1.0284424
MKC_CHD,2018-04-20_2021-04-13,1.0185814
MKC_CHD,2018-05-04_2021-04-27,1.0143585
MKC_CHD,2018-05-18_2021-05-11,1.0095329
MKC_CHD,2018-06-04_2021-05-25,0.999897
MKC_CHD,2018-06-18_2021-06-09,0.989563
MKC_CHD,2018-07-02_2021-06-23,0.9766464
MKC_CHD,2018-07-17_2021-07-08,0.96839905
MKC_CHD,2018-07-31_2021-07-22,0.9556503
MKC_CHD,2018-08-14_2021-08-05,0.9403267
MKC_CHD,2018-08-28_2021-08-19,0.93123245
MKC_CHD,2018-09-12_2021-09-02,0.925148
MKC_CHD,2018-09-26_2021-09-17,0.91900253
MKC_CHD,2018-10-10_2021-10-01,0.9144592
MKC_CHD,2018-10-24_2021-10-15,0.9161606
MKC_CHD,2018-11-07_2021-10-29,0.91423035
MKC_CHD,2018-11-21_2021-11-12,0.8977814
MKC_CHD,2018-12-07_2021-11-29,0.87387085
MKC_CHD,2018-12-21_2021-12-13,0.8575287
MKC_CHD,2019-01-08_2021-12-28,0.8275223
MKC_CHD,2019-01-23_2022-01-11,0.7995682
MKC_CHD,2019-02-06_2022-01-26,0.75616455
MKC_CHD,2019-02-21_2022-02-09,0.7377701
MKC_CHD,2019-03-07_2022-02-24,0.7265854
MKC_CHD,2019-03-21_2022-03-10,0.7171173
MKC_CHD,2019-04-04_2022-03-24,0.710022
MKC_CHD,2019-04-18_2022-04-07,0.70845795
MKC_CHD,2019-05-03_2022-04-22,0.7078705
MKC_CHD,2019-05-17_2022-05-06,0.7077637
MKC_CHD,2019-06-03_2022-05-20,0.7054672
MKC_CHD,2019-06-17_2022-06-06,0.7009125
MKC_CHD,2019-07-01_2022-06-21,0.694191
MKC_CHD,2019-07-16_2022-07-06,0.6810684
MKC-V_CHD,2017-07-19_2020-07-10,1.1462383
MKC-V_CHD,2017-08-02_2020-07-24,1.1425533
MKC-V_CHD,2017-08-16_2020-08-07,1.1236076
MKC-V_CHD,2017-08-30_2020-08-21,1.1070194
MKC-V_CHD,2017-09-14_2020-09-04,1.0942917
MKC-V_CHD,2017-09-28_2020-09-21,1.086029
MKC-V_CHD,2017-10-12_2020-10-05,1.0739174
MKC-V_CHD,2017-10-26_2020-10-19,1.0677147
MKC-V_CHD,2017-11-09_2020-11-02,1.0641098
MKC-V_CHD,2017-11-24_2020-11-16,1.0611763
MKC-V_CHD,2017-12-08_2020-12-01,1.0592594
MKC-V_CHD,2017-12-22_2020-12-15,1.0549946
MKC-V_CHD,2018-01-09_2020-12-30,1.0498314
MKC-V_CHD,2018-01-24_2021-01-14,1.0473061
MKC-V_CHD,2018-02-07_2021-01-29,1.0469437
MKC-V_CHD,2018-02-22_2021-02-12,1.0445023
MKC-V_CHD,2018-03-08_2021-03-01,1.040823
MKC-V_CHD,2018-03-22_2021-03-15,1.0377426
MKC-V_CHD,2018-04-06_2021-03-29,1.0307274
MKC-V_CHD,2018-04-20_2021-04-13,1.0206757
MKC-V_CHD,2018-05-04_2021-04-27,1.0171204
MKC-V_CHD,2018-05-18_2021-05-11,1.0126686
MKC-V_CHD,2018-06-04_2021-05-25,1.0027084
MKC-V_CHD,2018-06-18_2021-06-09,0.9920578
MKC-V_CHD,2018-07-02_2021-06-23,0.9793091
MKC-V_CHD,2018-07-17_2021-07-08,0.97109604
MKC-V_CHD,2018-07-31_2021-07-22,0.95848465
MKC-V_CHD,2018-08-14_2021-08-05,0.94345856
MKC-V_CHD,2018-08-28_2021-08-19,0.9341469
MKC-V_CHD,2018-09-12_2021-09-02,0.92822266
MKC-V_CHD,2018-09-26_2021-09-17,0.92177963
MKC-V_CHD,2018-10-10_2021-10-01,0.9175339
MKC-V_CHD,2018-10-24_2021-10-15,0.9198303
MKC-V_CHD,2018-11-07_2021-10-29,0.9177704
MKC-V_CHD,2018-11-21_2021-11-12,0.901268
MKC-V_CHD,2018-12-07_2021-11-29,0.8770828
MKC-V_CHD,2018-12-21_2021-12-13,0.8619995
MKC-V_CHD,2019-01-08_2021-12-28,0.8319092
MKC-V_CHD,2019-01-23_2022-01-11,0.8021393
MKC-V_CHD,2019-02-06_2022-01-26,0.75969696
MKC-V_CHD,2019-02-21_2022-02-09,0.7408676
MKC-V_CHD,2019-03-07_2022-02-24,0.7288513
MKC-V_CHD,2019-03-21_2022-03-10,0.7185364
MKC-V_CHD,2019-04-04_2022-03-24,0.71128845
MKC-V_CHD,2019-04-18_2022-04-07,0.7091751
MKC-V_CHD,2019-05-03_2022-04-22,0.7088394
MKC-V_CHD,2019-05-17_2022-05-06,0.7079239
MKC-V_CHD,2019-06-03_2022-05-20,0.7057266
MKC-V_CHD,2019-06-17_2022-06-06,0.7008972
MKC-V_CHD,2019-07-01_2022-06-21,0.6940918
MKC-V_CHD,2019-07-16_2022-07-06,0.6809387
FMX_CHEF,2017-07-19_2020-07-10,0.61834145
FMX_CHEF,2017-08-02_2020-07-24,0.7102833
FMX_CHEF,2017-08-16_2020-08-07,0.78567886
FMX_CHEF,2017-08-30_2020-08-21,0.8527107
FMX_CHEF,2017-09-14_2020-09-04,0.917984
FMX_CHEF,2017-09-28_2020-09-21,0.97685623
FMX_CHEF,2017-10-12_2020-10-05,1.0282154
FMX_CHEF,2017-10-26_2020-10-19,1.0648937
FMX_CHEF,2017-11-09_2020-11-02,1.1009598
FMX_CHEF,2017-11-24_2020-11-16,1.1299953
FMX_CHEF,2017-12-08_2020-12-01,1.1449356
FMX_CHEF,2017-12-22_2020-12-15,1.1632729
FMX_CHEF,2018-01-09_2020-12-30,1.1816559
FMX_CHEF,2018-01-24_2021-01-14,1.2041054
FMX_CHEF,2018-02-07_2021-01-29,1.2276688
FMX_CHEF,2018-02-22_2021-02-12,1.2434788
FMX_CHEF,2018-03-08_2021-03-01,1.2474537
FMX_CHEF,2018-03-22_2021-03-15,1.2463627
FMX_CHEF,2018-04-06_2021-03-29,1.2520218
FMX_CHEF,2018-04-20_2021-04-13,1.2611637
FMX_CHEF,2018-05-04_2021-04-27,1.2649021
FMX_CHEF,2018-05-18_2021-05-11,1.2645283
FMX_CHEF,2018-06-04_2021-05-25,1.2649059
FMX_CHEF,2018-06-18_2021-06-09,1.2653198
FMX_CHEF,2018-07-02_2021-06-23,1.2659645
FMX_CHEF,2018-07-17_2021-07-08,1.2644253
FMX_CHEF,2018-07-31_2021-07-22,1.2622585
FMX_CHEF,2018-08-14_2021-08-05,1.2621326
FMX_CHEF,2018-08-28_2021-08-19,1.2622585
FMX_CHEF,2018-09-12_2021-09-02,1.2616425
FMX_CHEF,2018-09-26_2021-09-17,1.2579975
FMX_CHEF,2018-10-10_2021-10-01,1.2561913
FMX_CHEF,2018-10-24_2021-10-15,1.2508888
FMX_CHEF,2018-11-07_2021-10-29,1.2511635
FMX_CHEF,2018-11-21_2021-11-12,1.249691
FMX_CHEF,2018-12-07_2021-11-29,1.2568207
FMX_CHEF,2018-12-21_2021-12-13,1.2624683
FMX_CHEF,2019-01-08_2021-12-28,1.2584515
FMX_CHEF,2019-01-23_2022-01-11,1.2511826
FMX_CHEF,2019-02-06_2022-01-26,1.2492733
FMX_CHEF,2019-02-21_2022-02-09,1.2451363
FMX_CHEF,2019-03-07_2022-02-24,1.2376099
FMX_CHEF,2019-03-21_2022-03-10,1.234314
FMX_CHEF,2019-04-04_2022-03-24,1.2312355
FMX_CHEF,2019-04-18_2022-04-07,1.2247562
FMX_CHEF,2019-05-03_2022-04-22,1.2126884
FMX_CHEF,2019-05-17_2022-05-06,1.1819267
FMX_CHEF,2019-06-03_2022-05-20,1.1592045
FMX_CHEF,2019-06-17_2022-06-06,1.1414948
FMX_CHEF,2019-07-01_2022-06-21,1.1222401
FMX_CHEF,2019-07-16_2022-07-06,1.0768127
LANC_CL,2017-07-19_2020-07-10,-0.5307617
LANC_CL,2017-08-02_2020-07-24,-0.40429688
LANC_CL,2017-08-16_2020-08-07,-0.2583313
LANC_CL,2017-08-30_2020-08-21,-0.0715332
LANC_CL,2017-09-14_2020-09-04,0.14556885
LANC_CL,2017-09-28_2020-09-21,0.31967163
LANC_CL,2017-10-12_2020-10-05,0.48776245
LANC_CL,2017-10-26_2020-10-19,0.6647644
LANC_CL,2017-11-09_2020-11-02,0.76589966
LANC_CL,2017-11-24_2020-11-16,0.86120605
LANC_CL,2017-12-08_2020-12-01,0.93655396
LANC_CL,2017-12-22_2020-12-15,0.99372864
LANC_CL,2018-01-09_2020-12-30,1.0581818
LANC_CL,2018-01-24_2021-01-14,1.13768
LANC_CL,2018-02-07_2021-01-29,1.1851807
LANC_CL,2018-02-22_2021-02-12,1.2149353
LANC_CL,2018-03-08_2021-03-01,1.2243347
LANC_CL,2018-03-22_2021-03-15,1.2366638
LANC_CL,2018-04-06_2021-03-29,1.2523041
LANC_CL,2018-04-20_2021-04-13,1.2681732
LANC_CL,2018-05-04_2021-04-27,1.2633514
LANC_CL,2018-05-18_2021-05-11,1.2626648
LANC_CL,2018-06-04_2021-05-25,1.2544708
LANC_CL,2018-06-18_2021-06-09,1.264679
LANC_CL,2018-07-02_2021-06-23,1.2987366
LANC_CL,2018-07-17_2021-07-08,1.3343506
LANC_CL,2018-07-31_2021-07-22,1.376831
LANC_CL,2018-08-14_2021-08-05,1.4131927
LANC_CL,2018-08-28_2021-08-19,1.4369507
LANC_CL,2018-09-12_2021-09-02,1.4552155
LANC_CL,2018-09-26_2021-09-17,1.4573822
LANC_CL,2018-10-10_2021-10-01,1.4463959
LANC_CL,2018-10-24_2021-10-15,1.4528503
LANC_CL,2018-11-07_2021-10-29,1.53479
LANC_CL,2018-11-21_2021-11-12,1.6291046
LANC_CL,2018-12-07_2021-11-29,1.7281494
LANC_CL,2018-12-21_2021-12-13,1.8247528
LANC_CL,2019-01-08_2021-12-28,1.9441528
LANC_CL,2019-01-23_2022-01-11,2.042328
LANC_CL,2019-02-06_2022-01-26,2.0646667
LANC_CL,2019-02-21_2022-02-09,2.0555725
LANC_CL,2019-03-07_2022-02-24,2.0759277
LANC_CL,2019-03-21_2022-03-10,2.1099548
LANC_CL,2019-04-04_2022-03-24,2.1472168
LANC_CL,2019-04-18_2022-04-07,2.1633606
LANC_CL,2019-05-03_2022-04-22,2.1143188
LANC_CL,2019-05-17_2022-05-06,2.0730896
LANC_CL,2019-06-03_2022-05-20,2.014557
LANC_CL,2019-06-17_2022-06-06,1.923645
LANC_CL,2019-07-01_2022-06-21,1.8753052
LANC_CL,2019-07-16_2022-07-06,1.7736816
DEO_COKE,2017-07-19_2020-07-10,0.19205761
DEO_COKE,2017-08-02_2020-07-24,0.19327736
DEO_COKE,2017-08-16_2020-08-07,0.19236279
DEO_COKE,2017-08-30_2020-08-21,0.1883583
DEO_COKE,2017-09-14_2020-09-04,0.18412018
DEO_COKE,2017-09-28_2020-09-21,0.1810894
DEO_COKE,2017-10-12_2020-10-05,0.17984295
DEO_COKE,2017-10-26_2020-10-19,0.17885685
DEO_COKE,2017-11-09_2020-11-02,0.17784977
DEO_COKE,2017-11-24_2020-11-16,0.17692661
DEO_COKE,2017-12-08_2020-12-01,0.17714977
DEO_COKE,2017-12-22_2020-12-15,0.17777348
DEO_COKE,2018-01-09_2020-12-30,0.17861748
DEO_COKE,2018-01-24_2021-01-14,0.17944431
DEO_COKE,2018-02-07_2021-01-29,0.17953682
DEO_COKE,2018-02-22_2021-02-12,0.17982388
DEO_COKE,2018-03-08_2021-03-01,0.17970848
DEO_COKE,2018-03-22_2021-03-15,0.17970943
DEO_COKE,2018-04-06_2021-03-29,0.18022537
DEO_COKE,2018-04-20_2021-04-13,0.18297958
DEO_COKE,2018-05-04_2021-04-27,0.18801785
DEO_COKE,2018-05-18_2021-05-11,0.19700241
DEO_COKE,2018-06-04_2021-05-25,0.21322632
DEO_COKE,2018-06-18_2021-06-09,0.22553921
DEO_COKE,2018-07-02_2021-06-23,0.2371664
DEO_COKE,2018-07-17_2021-07-08,0.24955654
DEO_COKE,2018-07-31_2021-07-22,0.26053905
DEO_COKE,2018-08-14_2021-08-05,0.2711649
DEO_COKE,2018-08-28_2021-08-19,0.27907276
DEO_COKE,2018-09-12_2021-09-02,0.28370667
DEO_COKE,2018-09-26_2021-09-17,0.28822994
DEO_COKE,2018-10-10_2021-10-01,0.29392052
DEO_COKE,2018-10-24_2021-10-15,0.2993641
DEO_COKE,2018-11-07_2021-10-29,0.3069296
DEO_COKE,2018-11-21_2021-11-12,0.30790806
DEO_COKE,2018-12-07_2021-11-29,0.28298855
DEO_COKE,2018-12-21_2021-12-13,0.26697254
DEO_COKE,2019-01-08_2021-12-28,0.25694275
DEO_COKE,2019-01-23_2022-01-11,0.24527359
DEO_COKE,2019-02-06_2022-01-26,0.23333454
DEO_COKE,2019-02-21_2022-02-09,0.22805214
DEO_COKE,2019-03-07_2022-02-24,0.22308779
DEO_COKE,2019-03-21_2022-03-10,0.22233057
DEO_COKE,2019-04-04_2022-03-24,0.22133064
DEO_COKE,2019-04-18_2022-04-07,0.22244787
DEO_COKE,2019-05-03_2022-04-22,0.22381783
DEO_COKE,2019-05-17_2022-05-06,0.22480059
DEO_COKE,2019-06-03_2022-05-20,0.2211585
DEO_COKE,2019-06-17_2022-06-06,0.21261549
DEO_COKE,2019-07-01_2022-06-21,0.20405579
DEO_COKE,2019-07-16_2022-07-06,0.1975398
POST_COTY,2017-07-19_2020-07-10,-0.71336746
POST_COTY,2017-08-02_2020-07-24,-0.6466675
POST_COTY,2017-08-16_2020-08-07,-0.59461594
POST_COTY,2017-08-30_2020-08-21,-0.535923
POST_COTY,2017-09-14_2020-09-04,-0.47929382
POST_COTY,2017-09-28_2020-09-21,-0.416687
POST_COTY,2017-10-12_2020-10-05,-0.3578415
POST_COTY,2017-10-26_2020-10-19,-0.32712555
POST_COTY,2017-11-09_2020-11-02,-0.28635406
POST_COTY,2017-11-24_2020-11-16,-0.26083374
POST_COTY,2017-12-08_2020-12-01,-0.22741318
POST_COTY,2017-12-22_2020-12-15,-0.17769623
POST_COTY,2018-01-09_2020-12-30,-0.12812424
POST_COTY,2018-01-24_2021-01-14,-0.07098007
POST_COTY,2018-02-07_2021-01-29,0.004085541
POST_COTY,2018-02-22_2021-02-12,0.11853027
POST_COTY,2018-03-08_2021-03-01,0.229599
POST_COTY,2018-03-22_2021-03-15,0.35141373
POST_COTY,2018-04-06_2021-03-29,0.5021248
POST_COTY,2018-04-20_2021-04-13,0.6490326
POST_COTY,2018-05-04_2021-04-27,0.80249786
POST_COTY,2018-05-18_2021-05-11,0.94179153
POST_COTY,2018-06-04_2021-05-25,1.039177
POST_COTY,2018-06-18_2021-06-09,1.1349449
POST_COTY,2018-07-02_2021-06-23,1.236351
POST_COTY,2018-07-17_2021-07-08,1.3402557
POST_COTY,2018-07-31_2021-07-22,1.4320984
POST_COTY,2018-08-14_2021-08-05,1.4972534
POST_COTY,2018-08-28_2021-08-19,1.5178528
POST_COTY,2018-09-12_2021-09-02,1.5590286
POST_COTY,2018-09-26_2021-09-17,1.5947189
POST_COTY,2018-10-10_2021-10-01,1.6338654
POST_COTY,2018-10-24_2021-10-15,1.6586914
POST_COTY,2018-11-07_2021-10-29,1.6875076
POST_COTY,2018-11-21_2021-11-12,1.6854935
POST_COTY,2018-12-07_2021-11-29,1.6781464
POST_COTY,2018-12-21_2021-12-13,1.6593018
POST_COTY,2019-01-08_2021-12-28,1.6440048
POST_COTY,2019-01-23_2022-01-11,1.6631927
POST_COTY,2019-02-06_2022-01-26,1.6625366
POST_COTY,2019-02-21_2022-02-09,1.6691589
POST_COTY,2019-03-07_2022-02-24,1.6896362
POST_COTY,2019-03-21_2022-03-10,1.7050629
POST_COTY,2019-04-04_2022-03-24,1.702446
POST_COTY,2019-04-18_2022-04-07,1.6998215
POST_COTY,2019-05-03_2022-04-22,1.6918564
POST_COTY,2019-05-17_2022-05-06,1.7006607
POST_COTY,2019-06-03_2022-05-20,1.6787796
POST_COTY,2019-06-17_2022-06-06,1.6932526
POST_COTY,2019-07-01_2022-06-21,1.7444305
POST_COTY,2019-07-16_2022-07-06,1.7574081
VERU_DAR,2017-07-19_2020-07-10,0.18336773
VERU_DAR,2017-08-02_2020-07-24,0.18013525
VERU_DAR,2017-08-16_2020-08-07,0.17347479
VERU_DAR,2017-08-30_2020-08-21,0.1542983
VERU_DAR,2017-09-14_2020-09-04,0.138762
VERU_DAR,2017-09-28_2020-09-21,0.12558436
VERU_DAR,2017-10-12_2020-10-05,0.113912106
VERU_DAR,2017-10-26_2020-10-19,0.09169507
VERU_DAR,2017-11-09_2020-11-02,0.07334983
VERU_DAR,2017-11-24_2020-11-16,0.06018758
VERU_DAR,2017-12-08_2020-12-01,0.053509712
VERU_DAR,2017-12-22_2020-12-15,0.06307572
VERU_DAR,2018-01-09_2020-12-30,0.09129512
VERU_DAR,2018-01-24_2021-01-14,0.109834015
VERU_DAR,2018-02-07_2021-01-29,0.11883503
VERU_DAR,2018-02-22_2021-02-12,0.14772612
VERU_DAR,2018-03-08_2021-03-01,0.17215854
VERU_DAR,2018-03-22_2021-03-15,0.18080696
VERU_DAR,2018-04-06_2021-03-29,0.18617621
VERU_DAR,2018-04-20_2021-04-13,0.1841014
VERU_DAR,2018-05-04_2021-04-27,0.17978638
VERU_DAR,2018-05-18_2021-05-11,0.17481911
VERU_DAR,2018-06-04_2021-05-25,0.16978249
VERU_DAR,2018-06-18_2021-06-09,0.16719836
VERU_DAR,2018-07-02_2021-06-23,0.16565412
VERU_DAR,2018-07-17_2021-07-08,0.16394094
VERU_DAR,2018-07-31_2021-07-22,0.16124195
VERU_DAR,2018-08-14_2021-08-05,0.15798134
VERU_DAR,2018-08-28_2021-08-19,0.15333521
VERU_DAR,2018-09-12_2021-09-02,0.15128836
VERU_DAR,2018-09-26_2021-09-17,0.1503261
VERU_DAR,2018-10-10_2021-10-01,0.14903364
VERU_DAR,2018-10-24_2021-10-15,0.14756736
VERU_DAR,2018-11-07_2021-10-29,0.14449057
VERU_DAR,2018-11-21_2021-11-12,0.14155611
VERU_DAR,2018-12-07_2021-11-29,0.14000863
VERU_DAR,2018-12-21_2021-12-13,0.13846475
VERU_DAR,2019-01-08_2021-12-28,0.13701785
VERU_DAR,2019-01-23_2022-01-11,0.13482216
VERU_DAR,2019-02-06_2022-01-26,0.13285139
VERU_DAR,2019-02-21_2022-02-09,0.13110015
VERU_DAR,2019-03-07_2022-02-24,0.12931108
VERU_DAR,2019-03-21_2022-03-10,0.1259146
VERU_DAR,2019-04-04_2022-03-24,0.12227401
VERU_DAR,2019-04-18_2022-04-07,0.117851585
VERU_DAR,2019-05-03_2022-04-22,0.11914769
VERU_DAR,2019-05-17_2022-05-06,0.12014961
VERU_DAR,2019-06-03_2022-05-20,0.12193498
VERU_DAR,2019-06-17_2022-06-06,0.12442291
VERU_DAR,2019-07-01_2022-06-21,0.1270647
VERU_DAR,2019-07-16_2022-07-06,0.1285156
POST_DEO,2017-07-19_2020-07-10,0.42757797
POST_DEO,2017-08-02_2020-07-24,0.43775558
POST_DEO,2017-08-16_2020-08-07,0.4424019
POST_DEO,2017-08-30_2020-08-21,0.44587326
POST_DEO,2017-09-14_2020-09-04,0.44810104
POST_DEO,2017-09-28_2020-09-21,0.45404816
POST_DEO,2017-10-12_2020-10-05,0.46109772
POST_DEO,2017-10-26_2020-10-19,0.46391678
POST_DEO,2017-11-09_2020-11-02,0.46219254
POST_DEO,2017-11-24_2020-11-16,0.4599228
POST_DEO,2017-12-08_2020-12-01,0.45100403
POST_DEO,2017-12-22_2020-12-15,0.43966293
POST_DEO,2018-01-09_2020-12-30,0.43184662
POST_DEO,2018-01-24_2021-01-14,0.42393112
POST_DEO,2018-02-07_2021-01-29,0.41347122
POST_DEO,2018-02-22_2021-02-12,0.3963585
POST_DEO,2018-03-08_2021-03-01,0.3818817
POST_DEO,2018-03-22_2021-03-15,0.37078857
POST_DEO,2018-04-06_2021-03-29,0.35871124
POST_DEO,2018-04-20_2021-04-13,0.34989166
POST_DEO,2018-05-04_2021-04-27,0.33974838
POST_DEO,2018-05-18_2021-05-11,0.3332634
POST_DEO,2018-06-04_2021-05-25,0.3227272
POST_DEO,2018-06-18_2021-06-09,0.31176758
POST_DEO,2018-07-02_2021-06-23,0.297657
POST_DEO,2018-07-17_2021-07-08,0.2844391
POST_DEO,2018-07-31_2021-07-22,0.27145767
POST_DEO,2018-08-14_2021-08-05,0.2527237
POST_DEO,2018-08-28_2021-08-19,0.24969482
POST_DEO,2018-09-12_2021-09-02,0.2498684
POST_DEO,2018-09-26_2021-09-17,0.24760437
POST_DEO,2018-10-10_2021-10-01,0.24544334
POST_DEO,2018-10-24_2021-10-15,0.24046898
POST_DEO,2018-11-07_2021-10-29,0.22842789
POST_DEO,2018-11-21_2021-11-12,0.21703339
POST_DEO,2018-12-07_2021-11-29,0.20531273
POST_DEO,2018-12-21_2021-12-13,0.19045258
POST_DEO,2019-01-08_2021-12-28,0.17904472
POST_DEO,2019-01-23_2022-01-11,0.17876625
POST_DEO,2019-02-06_2022-01-26,0.17895508
POST_DEO,2019-02-21_2022-02-09,0.17515945
POST_DEO,2019-03-07_2022-02-24,0.17399406
POST_DEO,2019-03-21_2022-03-10,0.17209435
POST_DEO,2019-04-04_2022-03-24,0.17038155
POST_DEO,2019-04-18_2022-04-07,0.16816902
POST_DEO,2019-05-03_2022-04-22,0.1707344
POST_DEO,2019-05-17_2022-05-06,0.17319298
POST_DEO,2019-06-03_2022-05-20,0.17742252
POST_DEO,2019-06-17_2022-06-06,0.18185425
POST_DEO,2019-07-01_2022-06-21,0.18386364
POST_DEO,2019-07-16_2022-07-06,0.18660164
SAFM_DEO,2017-07-19_2020-07-10,0.594223
SAFM_DEO,2017-08-02_2020-07-24,0.60957336
SAFM_DEO,2017-08-16_2020-08-07,0.6338501
SAFM_DEO,2017-08-30_2020-08-21,0.6627121
SAFM_DEO,2017-09-14_2020-09-04,0.69742584
SAFM_DEO,2017-09-28_2020-09-21,0.7524643
SAFM_DEO,2017-10-12_2020-10-05,0.8100128
SAFM_DEO,2017-10-26_2020-10-19,0.8470001
SAFM_DEO,2017-11-09_2020-11-02,0.8813019
SAFM_DEO,2017-11-24_2020-11-16,0.934639
SAFM_DEO,2017-12-08_2020-12-01,0.98506165
SAFM_DEO,2017-12-22_2020-12-15,1.0231628
SAFM_DEO,2018-01-09_2020-12-30,1.027565
SAFM_DEO,2018-01-24_2021-01-14,1.0244598
SAFM_DEO,2018-02-07_2021-01-29,1.0359497
SAFM_DEO,2018-02-22_2021-02-12,1.058754
SAFM_DEO,2018-03-08_2021-03-01,1.0839844
SAFM_DEO,2018-03-22_2021-03-15,1.1260605
SAFM_DEO,2018-04-06_2021-03-29,1.1566238
SAFM_DEO,2018-04-20_2021-04-13,1.1679001
SAFM_DEO,2018-05-04_2021-04-27,1.166626
SAFM_DEO,2018-05-18_2021-05-11,1.167099
SAFM_DEO,2018-06-04_2021-05-25,1.1428909
SAFM_DEO,2018-06-18_2021-06-09,1.0933304
SAFM_DEO,2018-07-02_2021-06-23,1.0592651
SAFM_DEO,2018-07-17_2021-07-08,1.0741806
SAFM_DEO,2018-07-31_2021-07-22,1.0742264
SAFM_DEO,2018-08-14_2021-08-05,1.0663338
SAFM_DEO,2018-08-28_2021-08-19,1.0754051
SAFM_DEO,2018-09-12_2021-09-02,1.0881081
SAFM_DEO,2018-09-26_2021-09-17,1.0891914
SAFM_DEO,2018-10-10_2021-10-01,1.0881424
SAFM_DEO,2018-10-24_2021-10-15,1.0804443
SAFM_DEO,2018-11-07_2021-10-29,1.0668526
SAFM_DEO,2018-11-21_2021-11-12,1.0498962
SAFM_DEO,2018-12-07_2021-11-29,1.0297089
SAFM_DEO,2018-12-21_2021-12-13,1.0061646
SAFM_DEO,2019-01-08_2021-12-28,0.9756355
SAFM_DEO,2019-01-23_2022-01-11,0.95248413
SAFM_DEO,2019-02-06_2022-01-26,0.9478226
SAFM_DEO,2019-02-21_2022-02-09,0.93590164
SAFM_DEO,2019-03-07_2022-02-24,0.92679214
SAFM_DEO,2019-03-21_2022-03-10,0.9232292
SAFM_DEO,2019-04-04_2022-03-24,0.9192467
SAFM_DEO,2019-04-18_2022-04-07,0.91168594
SAFM_DEO,2019-05-03_2022-04-22,0.9095993
SAFM_DEO,2019-05-17_2022-05-06,0.91301346
SAFM_DEO,2019-06-03_2022-05-20,0.91776276
SAFM_DEO,2019-06-17_2022-06-06,0.92596436
SAFM_DEO,2019-07-01_2022-06-21,0.9310303
SAFM_DEO,2019-07-16_2022-07-06,0.93925476
TWNK_DEO,2017-07-19_2020-07-10,0.022766113
TWNK_DEO,2017-08-02_2020-07-24,0.029665947
TWNK_DEO,2017-08-16_2020-08-07,0.032387733
TWNK_DEO,2017-08-30_2020-08-21,0.03373909
TWNK_DEO,2017-09-14_2020-09-04,0.034776688
TWNK_DEO,2017-09-28_2020-09-21,0.036808968
TWNK_DEO,2017-10-12_2020-10-05,0.039136887
TWNK_DEO,2017-10-26_2020-10-19,0.03856182
TWNK_DEO,2017-11-09_2020-11-02,0.037363052
TWNK_DEO,2017-11-24_2020-11-16,0.037826538
TWNK_DEO,2017-12-08_2020-12-01,0.039471626
TWNK_DEO,2017-12-22_2020-12-15,0.04191494
TWNK_DEO,2018-01-09_2020-12-30,0.044405937
TWNK_DEO,2018-01-24_2021-01-14,0.047192574
TWNK_DEO,2018-02-07_2021-01-29,0.04920578
TWNK_DEO,2018-02-22_2021-02-12,0.051664352
TWNK_DEO,2018-03-08_2021-03-01,0.055459976
TWNK_DEO,2018-03-22_2021-03-15,0.06035614
TWNK_DEO,2018-04-06_2021-03-29,0.06511593
TWNK_DEO,2018-04-20_2021-04-13,0.06803703
TWNK_DEO,2018-05-04_2021-04-27,0.07033634
TWNK_DEO,2018-05-18_2021-05-11,0.071614265
TWNK_DEO,2018-06-04_2021-05-25,0.07159233
TWNK_DEO,2018-06-18_2021-06-09,0.07179642
TWNK_DEO,2018-07-02_2021-06-23,0.07324743
TWNK_DEO,2018-07-17_2021-07-08,0.07475376
TWNK_DEO,2018-07-31_2021-07-22,0.07589769
TWNK_DEO,2018-08-14_2021-08-05,0.07551575
TWNK_DEO,2018-08-28_2021-08-19,0.074472904
TWNK_DEO,2018-09-12_2021-09-02,0.07385683
TWNK_DEO,2018-09-26_2021-09-17,0.07372475
TWNK_DEO,2018-10-10_2021-10-01,0.07439089
TWNK_DEO,2018-10-24_2021-10-15,0.07602453
TWNK_DEO,2018-11-07_2021-10-29,0.07734585
TWNK_DEO,2018-11-21_2021-11-12,0.0787034
TWNK_DEO,2018-12-07_2021-11-29,0.07890177
TWNK_DEO,2018-12-21_2021-12-13,0.07862902
TWNK_DEO,2019-01-08_2021-12-28,0.07975721
TWNK_DEO,2019-01-23_2022-01-11,0.08182073
TWNK_DEO,2019-02-06_2022-01-26,0.083254576
TWNK_DEO,2019-02-21_2022-02-09,0.08538389
TWNK_DEO,2019-03-07_2022-02-24,0.08762169
TWNK_DEO,2019-03-21_2022-03-10,0.089835644
TWNK_DEO,2019-04-04_2022-03-24,0.09147358
TWNK_DEO,2019-04-18_2022-04-07,0.094243765
TWNK_DEO,2019-05-03_2022-04-22,0.09751773
TWNK_DEO,2019-05-17_2022-05-06,0.100008965
TWNK_DEO,2019-06-03_2022-05-20,0.10171127
TWNK_DEO,2019-06-17_2022-06-06,0.10296607
TWNK_DEO,2019-07-01_2022-06-21,0.10352588
TWNK_DEO,2019-07-16_2022-07-06,0.10430741
HLF_EPC,2017-07-19_2020-07-10,-0.04483986
HLF_EPC,2017-08-02_2020-07-24,-0.029398918
HLF_EPC,2017-08-16_2020-08-07,-0.006808281
HLF_EPC,2017-08-30_2020-08-21,0.023322105
HLF_EPC,2017-09-14_2020-09-04,0.055048943
HLF_EPC,2017-09-28_2020-09-21,0.095685005
HLF_EPC,2017-10-12_2020-10-05,0.13803482
HLF_EPC,2017-10-26_2020-10-19,0.17444801
HLF_EPC,2017-11-09_2020-11-02,0.21640587
HLF_EPC,2017-11-24_2020-11-16,0.25941467
HLF_EPC,2017-12-08_2020-12-01,0.30470848
HLF_EPC,2017-12-22_2020-12-15,0.3643589
HLF_EPC,2018-01-09_2020-12-30,0.4357319
HLF_EPC,2018-01-24_2021-01-14,0.51192856
HLF_EPC,2018-02-07_2021-01-29,0.565712
HLF_EPC,2018-02-22_2021-02-12,0.601532
HLF_EPC,2018-03-08_2021-03-01,0.63121414
HLF_EPC,2018-03-22_2021-03-15,0.65040016
HLF_EPC,2018-04-06_2021-03-29,0.6625118
HLF_EPC,2018-04-20_2021-04-13,0.6693077
HLF_EPC,2018-05-04_2021-04-27,0.66739655
HLF_EPC,2018-05-18_2021-05-11,0.6596031
HLF_EPC,2018-06-04_2021-05-25,0.65701675
HLF_EPC,2018-06-18_2021-06-09,0.6617794
HLF_EPC,2018-07-02_2021-06-23,0.6649456
HLF_EPC,2018-07-17_2021-07-08,0.67707825
HLF_EPC,2018-07-31_2021-07-22,0.7011452
HLF_EPC,2018-08-14_2021-08-05,0.7185745
HLF_EPC,2018-08-28_2021-08-19,0.73745346
HLF_EPC,2018-09-12_2021-09-02,0.76192856
HLF_EPC,2018-09-26_2021-09-17,0.7695198
HLF_EPC,2018-10-10_2021-10-01,0.7711792
HLF_EPC,2018-10-24_2021-10-15,0.77389145
HLF_EPC,2018-11-07_2021-10-29,0.78274536
HLF_EPC,2018-11-21_2021-11-12,0.765995
HLF_EPC,2018-12-07_2021-11-29,0.7063141
HLF_EPC,2018-12-21_2021-12-13,0.63996124
HLF_EPC,2019-01-08_2021-12-28,0.5799751
HLF_EPC,2019-01-23_2022-01-11,0.51968765
HLF_EPC,2019-02-06_2022-01-26,0.46380234
HLF_EPC,2019-02-21_2022-02-09,0.4184723
HLF_EPC,2019-03-07_2022-02-24,0.3938446
HLF_EPC,2019-03-21_2022-03-10,0.363842
HLF_EPC,2019-04-04_2022-03-24,0.3341217
HLF_EPC,2019-04-18_2022-04-07,0.30371475
HLF_EPC,2019-05-03_2022-04-22,0.27175903
HLF_EPC,2019-05-17_2022-05-06,0.2414093
HLF_EPC,2019-06-03_2022-05-20,0.2283287
HLF_EPC,2019-06-17_2022-06-06,0.21752548
HLF_EPC,2019-07-01_2022-06-21,0.2208519
HLF_EPC,2019-07-16_2022-07-06,0.21944427
MGPI_EPC,2017-07-19_2020-07-10,0.6489973
MGPI_EPC,2017-08-02_2020-07-24,0.71733475
MGPI_EPC,2017-08-16_2020-08-07,0.7984104
MGPI_EPC,2017-08-30_2020-08-21,0.89992905
MGPI_EPC,2017-09-14_2020-09-04,1.0179405
MGPI_EPC,2017-09-28_2020-09-21,1.1483574
MGPI_EPC,2017-10-12_2020-10-05,1.2808418
MGPI_EPC,2017-10-26_2020-10-19,1.4083557
MGPI_EPC,2017-11-09_2020-11-02,1.4889164
MGPI_EPC,2017-11-24_2020-11-16,1.5362911
MGPI_EPC,2017-12-08_2020-12-01,1.5845108
MGPI_EPC,2017-12-22_2020-12-15,1.6516495
MGPI_EPC,2018-01-09_2020-12-30,1.726677
MGPI_EPC,2018-01-24_2021-01-14,1.8058414
MGPI_EPC,2018-02-07_2021-01-29,1.846014
MGPI_EPC,2018-02-22_2021-02-12,1.8471489
MGPI_EPC,2018-03-08_2021-03-01,1.8440495
MGPI_EPC,2018-03-22_2021-03-15,1.8479328
MGPI_EPC,2018-04-06_2021-03-29,1.8322105
MGPI_EPC,2018-04-20_2021-04-13,1.8122826
MGPI_EPC,2018-05-04_2021-04-27,1.7824631
MGPI_EPC,2018-05-18_2021-05-11,1.7517853
MGPI_EPC,2018-06-04_2021-05-25,1.717226
MGPI_EPC,2018-06-18_2021-06-09,1.6838264
MGPI_EPC,2018-07-02_2021-06-23,1.635334
MGPI_EPC,2018-07-17_2021-07-08,1.5946579
MGPI_EPC,2018-07-31_2021-07-22,1.5681648
MGPI_EPC,2018-08-14_2021-08-05,1.6143341
MGPI_EPC,2018-08-28_2021-08-19,1.6983871
MGPI_EPC,2018-09-12_2021-09-02,1.7621574
MGPI_EPC,2018-09-26_2021-09-17,1.7666359
MGPI_EPC,2018-10-10_2021-10-01,1.7640343
MGPI_EPC,2018-10-24_2021-10-15,1.7653313
MGPI_EPC,2018-11-07_2021-10-29,1.8022385
MGPI_EPC,2018-11-21_2021-11-12,1.8310585
MGPI_EPC,2018-12-07_2021-11-29,1.8544731
MGPI_EPC,2018-12-21_2021-12-13,1.9198685
MGPI_EPC,2019-01-08_2021-12-28,1.9665985
MGPI_EPC,2019-01-23_2022-01-11,1.9855804
MGPI_EPC,2019-02-06_2022-01-26,1.9653931
MGPI_EPC,2019-02-21_2022-02-09,1.9696693
MGPI_EPC,2019-03-07_2022-02-24,1.9671593
MGPI_EPC,2019-03-21_2022-03-10,1.9623032
MGPI_EPC,2019-04-04_2022-03-24,1.9694786
MGPI_EPC,2019-04-18_2022-04-07,1.9805717
MGPI_EPC,2019-05-03_2022-04-22,1.9847488
MGPI_EPC,2019-05-17_2022-05-06,2.0306778
MGPI_EPC,2019-06-03_2022-05-20,2.072731
MGPI_EPC,2019-06-17_2022-06-06,2.1204796
MGPI_EPC,2019-07-01_2022-06-21,2.1707344
MGPI_EPC,2019-07-16_2022-07-06,2.2398033
LANC_FIZZ,2017-07-19_2020-07-10,-0.6747894
LANC_FIZZ,2017-08-02_2020-07-24,-0.66301346
LANC_FIZZ,2017-08-16_2020-08-07,-0.64824677
LANC_FIZZ,2017-08-30_2020-08-21,-0.6228676
LANC_FIZZ,2017-09-14_2020-09-04,-0.57032394
LANC_FIZZ,2017-09-28_2020-09-21,-0.5215149
LANC_FIZZ,2017-10-12_2020-10-05,-0.48471832
LANC_FIZZ,2017-10-26_2020-10-19,-0.43526077
LANC_FIZZ,2017-11-09_2020-11-02,-0.38739777
LANC_FIZZ,2017-11-24_2020-11-16,-0.33198547
LANC_FIZZ,2017-12-08_2020-12-01,-0.2595253
LANC_FIZZ,2017-12-22_2020-12-15,-0.17910004
LANC_FIZZ,2018-01-09_2020-12-30,-0.106399536
LANC_FIZZ,2018-01-24_2021-01-14,-0.02476883
LANC_FIZZ,2018-02-07_2021-01-29,0.11872482
LANC_FIZZ,2018-02-22_2021-02-12,0.23939133
LANC_FIZZ,2018-03-08_2021-03-01,0.32331085
LANC_FIZZ,2018-03-22_2021-03-15,0.39543915
LANC_FIZZ,2018-04-06_2021-03-29,0.45571136
LANC_FIZZ,2018-04-20_2021-04-13,0.50527954
LANC_FIZZ,2018-05-04_2021-04-27,0.5567589
LANC_FIZZ,2018-05-18_2021-05-11,0.60562515
LANC_FIZZ,2018-06-04_2021-05-25,0.655983
LANC_FIZZ,2018-06-18_2021-06-09,0.7243843
LANC_FIZZ,2018-07-02_2021-06-23,0.80288696
LANC_FIZZ,2018-07-17_2021-07-08,0.87043
LANC_FIZZ,2018-07-31_2021-07-22,0.93668747
LANC_FIZZ,2018-08-14_2021-08-05,1.0001755
LANC_FIZZ,2018-08-28_2021-08-19,1.0707855
LANC_FIZZ,2018-09-12_2021-09-02,1.1255531
LANC_FIZZ,2018-09-26_2021-09-17,1.159111
LANC_FIZZ,2018-10-10_2021-10-01,1.1794853
LANC_FIZZ,2018-10-24_2021-10-15,1.1760292
LANC_FIZZ,2018-11-07_2021-10-29,1.150589
LANC_FIZZ,2018-11-21_2021-11-12,1.0841885
LANC_FIZZ,2018-12-07_2021-11-29,1.0273838
LANC_FIZZ,2018-12-21_2021-12-13,0.99297523
LANC_FIZZ,2019-01-08_2021-12-28,0.98423195
LANC_FIZZ,2019-01-23_2022-01-11,0.9809303
LANC_FIZZ,2019-02-06_2022-01-26,0.97847366
LANC_FIZZ,2019-02-21_2022-02-09,0.9697819
LANC_FIZZ,2019-03-07_2022-02-24,0.9618416
LANC_FIZZ,2019-03-21_2022-03-10,0.9550533
LANC_FIZZ,2019-04-04_2022-03-24,0.9473629
LANC_FIZZ,2019-04-18_2022-04-07,0.9360733
LANC_FIZZ,2019-05-03_2022-04-22,0.9204273
LANC_FIZZ,2019-05-17_2022-05-06,0.9025688
LANC_FIZZ,2019-06-03_2022-05-20,0.86340904
LANC_FIZZ,2019-06-17_2022-06-06,0.8156929
LANC_FIZZ,2019-07-01_2022-06-21,0.7796898
LANC_FIZZ,2019-07-16_2022-07-06,0.7428322
GIS_FLO,2017-07-19_2020-07-10,1.6537476
GIS_FLO,2017-08-02_2020-07-24,1.844284
GIS_FLO,2017-08-16_2020-08-07,2.0822906
GIS_FLO,2017-08-30_2020-08-21,2.3090057
GIS_FLO,2017-09-14_2020-09-04,2.5091095
GIS_FLO,2017-09-28_2020-09-21,2.6183777
GIS_FLO,2017-10-12_2020-10-05,2.6960602
GIS_FLO,2017-10-26_2020-10-19,2.7839966
GIS_FLO,2017-11-09_2020-11-02,2.887848
GIS_FLO,2017-11-24_2020-11-16,2.9861145
GIS_FLO,2017-12-08_2020-12-01,3.0914307
GIS_FLO,2017-12-22_2020-12-15,3.2027283
GIS_FLO,2018-01-09_2020-12-30,3.367859
GIS_FLO,2018-01-24_2021-01-14,3.558197
GIS_FLO,2018-02-07_2021-01-29,3.7326965
GIS_FLO,2018-02-22_2021-02-12,3.8099365
GIS_FLO,2018-03-08_2021-03-01,3.8379211
GIS_FLO,2018-03-22_2021-03-15,3.8311768
GIS_FLO,2018-04-06_2021-03-29,3.787201
GIS_FLO,2018-04-20_2021-04-13,3.7560425
GIS_FLO,2018-05-04_2021-04-27,3.7261047
GIS_FLO,2018-05-18_2021-05-11,3.691681
GIS_FLO,2018-06-04_2021-05-25,3.6676636
GIS_FLO,2018-06-18_2021-06-09,3.623825
GIS_FLO,2018-07-02_2021-06-23,3.5798798
GIS_FLO,2018-07-17_2021-07-08,3.5317688
GIS_FLO,2018-07-31_2021-07-22,3.4898834
GIS_FLO,2018-08-14_2021-08-05,3.477478
GIS_FLO,2018-08-28_2021-08-19,3.4511108
GIS_FLO,2018-09-12_2021-09-02,3.408844
GIS_FLO,2018-09-26_2021-09-17,3.3929749
GIS_FLO,2018-10-10_2021-10-01,3.3997803
GIS_FLO,2018-10-24_2021-10-15,3.3807068
GIS_FLO,2018-11-07_2021-10-29,3.3526611
GIS_FLO,2018-11-21_2021-11-12,3.3068542
GIS_FLO,2018-12-07_2021-11-29,3.1411133
GIS_FLO,2018-12-21_2021-12-13,3.012146
GIS_FLO,2019-01-08_2021-12-28,2.8829346
GIS_FLO,2019-01-23_2022-01-11,2.7642517
GIS_FLO,2019-02-06_2022-01-26,2.651184
GIS_FLO,2019-02-21_2022-02-09,2.552246
GIS_FLO,2019-03-07_2022-02-24,2.4682922
GIS_FLO,2019-03-21_2022-03-10,2.4314575
GIS_FLO,2019-04-04_2022-03-24,2.4201508
GIS_FLO,2019-04-18_2022-04-07,2.436432
GIS_FLO,2019-05-03_2022-04-22,2.462738
GIS_FLO,2019-05-17_2022-05-06,2.487152
GIS_FLO,2019-06-03_2022-05-20,2.4993591
GIS_FLO,2019-06-17_2022-06-06,2.4887238
GIS_FLO,2019-07-01_2022-06-21,2.4896393
GIS_FLO,2019-07-16_2022-07-06,2.5223083
KOF_FMX,2017-07-19_2020-07-10,0.6326599
KOF_FMX,2017-08-02_2020-07-24,0.6086006
KOF_FMX,2017-08-16_2020-08-07,0.59456253
KOF_FMX,2017-08-30_2020-08-21,0.57424164
KOF_FMX,2017-09-14_2020-09-04,0.5593643
KOF_FMX,2017-09-28_2020-09-21,0.5491066
KOF_FMX,2017-10-12_2020-10-05,0.54159355
KOF_FMX,2017-10-26_2020-10-19,0.5393982
KOF_FMX,2017-11-09_2020-11-02,0.53881264
KOF_FMX,2017-11-24_2020-11-16,0.5390377
KOF_FMX,2017-12-08_2020-12-01,0.53909874
KOF_FMX,2017-12-22_2020-12-15,0.53780365
KOF_FMX,2018-01-09_2020-12-30,0.53652
KOF_FMX,2018-01-24_2021-01-14,0.53214645
KOF_FMX,2018-02-07_2021-01-29,0.5241146
KOF_FMX,2018-02-22_2021-02-12,0.5210762
KOF_FMX,2018-03-08_2021-03-01,0.5192623
KOF_FMX,2018-03-22_2021-03-15,0.517231
KOF_FMX,2018-04-06_2021-03-29,0.51597786
KOF_FMX,2018-04-20_2021-04-13,0.5130806
KOF_FMX,2018-05-04_2021-04-27,0.5113373
KOF_FMX,2018-05-18_2021-05-11,0.5108509
KOF_FMX,2018-06-04_2021-05-25,0.5101223
KOF_FMX,2018-06-18_2021-06-09,0.50940895
KOF_FMX,2018-07-02_2021-06-23,0.5089073
KOF_FMX,2018-07-17_2021-07-08,0.5090885
KOF_FMX,2018-07-31_2021-07-22,0.50969505
KOF_FMX,2018-08-14_2021-08-05,0.5125694
KOF_FMX,2018-08-28_2021-08-19,0.5161152
KOF_FMX,2018-09-12_2021-09-02,0.52046585
KOF_FMX,2018-09-26_2021-09-17,0.5251274
KOF_FMX,2018-10-10_2021-10-01,0.52887917
KOF_FMX,2018-10-24_2021-10-15,0.5312176
KOF_FMX,2018-11-07_2021-10-29,0.5318451
KOF_FMX,2018-11-21_2021-11-12,0.5319729
KOF_FMX,2018-12-07_2021-11-29,0.53048515
KOF_FMX,2018-12-21_2021-12-13,0.5267563
KOF_FMX,2019-01-08_2021-12-28,0.52446175
KOF_FMX,2019-01-23_2022-01-11,0.5220928
KOF_FMX,2019-02-06_2022-01-26,0.52189064
KOF_FMX,2019-02-21_2022-02-09,0.5207367
KOF_FMX,2019-03-07_2022-02-24,0.5204468
KOF_FMX,2019-03-21_2022-03-10,0.5195179
KOF_FMX,2019-04-04_2022-03-24,0.5171776
KOF_FMX,2019-04-18_2022-04-07,0.5153351
KOF_FMX,2019-05-03_2022-04-22,0.5161648
KOF_FMX,2019-05-17_2022-05-06,0.51566887
KOF_FMX,2019-06-03_2022-05-20,0.5146618
KOF_FMX,2019-06-17_2022-06-06,0.5145817
KOF_FMX,2019-07-01_2022-06-21,0.5114269
KOF_FMX,2019-07-16_2022-07-06,0.5035038
TAP_FMX,2017-07-19_2020-07-10,0.7219696
TAP_FMX,2017-08-02_2020-07-24,0.71681213
TAP_FMX,2017-08-16_2020-08-07,0.7081642
TAP_FMX,2017-08-30_2020-08-21,0.69483566
TAP_FMX,2017-09-14_2020-09-04,0.6822357
TAP_FMX,2017-09-28_2020-09-21,0.677269
TAP_FMX,2017-10-12_2020-10-05,0.6786041
TAP_FMX,2017-10-26_2020-10-19,0.6811714
TAP_FMX,2017-11-09_2020-11-02,0.68595886
TAP_FMX,2017-11-24_2020-11-16,0.686285
TAP_FMX,2017-12-08_2020-12-01,0.68266296
TAP_FMX,2017-12-22_2020-12-15,0.6749668
TAP_FMX,2018-01-09_2020-12-30,0.66692734
TAP_FMX,2018-01-24_2021-01-14,0.653244
TAP_FMX,2018-02-07_2021-01-29,0.63610077
TAP_FMX,2018-02-22_2021-02-12,0.62669945
TAP_FMX,2018-03-08_2021-03-01,0.6182327
TAP_FMX,2018-03-22_2021-03-15,0.6092701
TAP_FMX,2018-04-06_2021-03-29,0.6027851
TAP_FMX,2018-04-20_2021-04-13,0.59316826
TAP_FMX,2018-05-04_2021-04-27,0.5870018
TAP_FMX,2018-05-18_2021-05-11,0.5862484
TAP_FMX,2018-06-04_2021-05-25,0.5873337
TAP_FMX,2018-06-18_2021-06-09,0.58989716
TAP_FMX,2018-07-02_2021-06-23,0.5906582
TAP_FMX,2018-07-17_2021-07-08,0.58496857
TAP_FMX,2018-07-31_2021-07-22,0.58119583
TAP_FMX,2018-08-14_2021-08-05,0.5720005
TAP_FMX,2018-08-28_2021-08-19,0.5618553
TAP_FMX,2018-09-12_2021-09-02,0.5528927
TAP_FMX,2018-09-26_2021-09-17,0.5444851
TAP_FMX,2018-10-10_2021-10-01,0.53744316
TAP_FMX,2018-10-24_2021-10-15,0.534565
TAP_FMX,2018-11-07_2021-10-29,0.5295906
TAP_FMX,2018-11-21_2021-11-12,0.5250969
TAP_FMX,2018-12-07_2021-11-29,0.52293205
TAP_FMX,2018-12-21_2021-12-13,0.52202606
TAP_FMX,2019-01-08_2021-12-28,0.5211983
TAP_FMX,2019-01-23_2022-01-11,0.51654625
TAP_FMX,2019-02-06_2022-01-26,0.5098629
TAP_FMX,2019-02-21_2022-02-09,0.50442505
TAP_FMX,2019-03-07_2022-02-24,0.49996567
TAP_FMX,2019-03-21_2022-03-10,0.49633598
TAP_FMX,2019-04-04_2022-03-24,0.49360085
TAP_FMX,2019-04-18_2022-04-07,0.49150276
TAP_FMX,2019-05-03_2022-04-22,0.48673248
TAP_FMX,2019-05-17_2022-05-06,0.48375702
TAP_FMX,2019-06-03_2022-05-20,0.48230743
TAP_FMX,2019-06-17_2022-06-06,0.4849739
TAP_FMX,2019-07-01_2022-06-21,0.486763
TAP_FMX,2019-07-16_2022-07-06,0.48150635
UVV_FMX,2017-07-19_2020-07-10,0.24289703
UVV_FMX,2017-08-02_2020-07-24,0.24656296
UVV_FMX,2017-08-16_2020-08-07,0.24960709
UVV_FMX,2017-08-30_2020-08-21,0.24812698
UVV_FMX,2017-09-14_2020-09-04,0.24900246
UVV_FMX,2017-09-28_2020-09-21,0.24888611
UVV_FMX,2017-10-12_2020-10-05,0.25117493
UVV_FMX,2017-10-26_2020-10-19,0.24866867
UVV_FMX,2017-11-09_2020-11-02,0.24815178
UVV_FMX,2017-11-24_2020-11-16,0.24839401
UVV_FMX,2017-12-08_2020-12-01,0.24988174
UVV_FMX,2017-12-22_2020-12-15,0.2519436
UVV_FMX,2018-01-09_2020-12-30,0.25421715
UVV_FMX,2018-01-24_2021-01-14,0.25734138
UVV_FMX,2018-02-07_2021-01-29,0.26469803
UVV_FMX,2018-02-22_2021-02-12,0.26441956
UVV_FMX,2018-03-08_2021-03-01,0.26363182
UVV_FMX,2018-03-22_2021-03-15,0.26344872
UVV_FMX,2018-04-06_2021-03-29,0.26374817
UVV_FMX,2018-04-20_2021-04-13,0.27109146
UVV_FMX,2018-05-04_2021-04-27,0.2791748
UVV_FMX,2018-05-18_2021-05-11,0.28125
UVV_FMX,2018-06-04_2021-05-25,0.28420067
UVV_FMX,2018-06-18_2021-06-09,0.28716087
UVV_FMX,2018-07-02_2021-06-23,0.2893448
UVV_FMX,2018-07-17_2021-07-08,0.28827667
UVV_FMX,2018-07-31_2021-07-22,0.28733444
UVV_FMX,2018-08-14_2021-08-05,0.28771782
UVV_FMX,2018-08-28_2021-08-19,0.29024124
UVV_FMX,2018-09-12_2021-09-02,0.2923584
UVV_FMX,2018-09-26_2021-09-17,0.29006958
UVV_FMX,2018-10-10_2021-10-01,0.28632545
UVV_FMX,2018-10-24_2021-10-15,0.28214645
UVV_FMX,2018-11-07_2021-10-29,0.27869225
UVV_FMX,2018-11-21_2021-11-12,0.27602196
UVV_FMX,2018-12-07_2021-11-29,0.27417374
UVV_FMX,2018-12-21_2021-12-13,0.2713089
UVV_FMX,2019-01-08_2021-12-28,0.27039337
UVV_FMX,2019-01-23_2022-01-11,0.27388763
UVV_FMX,2019-02-06_2022-01-26,0.27887344
UVV_FMX,2019-02-21_2022-02-09,0.279644
UVV_FMX,2019-03-07_2022-02-24,0.2791214
UVV_FMX,2019-03-21_2022-03-10,0.27856255
UVV_FMX,2019-04-04_2022-03-24,0.28204918
UVV_FMX,2019-04-18_2022-04-07,0.2908249
UVV_FMX,2019-05-03_2022-04-22,0.3020935
UVV_FMX,2019-05-17_2022-05-06,0.31178665
UVV_FMX,2019-06-03_2022-05-20,0.31897545
UVV_FMX,2019-06-17_2022-06-06,0.32268333
UVV_FMX,2019-07-01_2022-06-21,0.32248116
UVV_FMX,2019-07-16_2022-07-06,0.3130932
MNST_FRPT,2017-07-19_2020-07-10,0.14078093
MNST_FRPT,2017-08-02_2020-07-24,0.15003729
MNST_FRPT,2017-08-16_2020-08-07,0.16699982
MNST_FRPT,2017-08-30_2020-08-21,0.18735838
MNST_FRPT,2017-09-14_2020-09-04,0.20602846
MNST_FRPT,2017-09-28_2020-09-21,0.21729755
MNST_FRPT,2017-10-12_2020-10-05,0.22370005
MNST_FRPT,2017-10-26_2020-10-19,0.22816563
MNST_FRPT,2017-11-09_2020-11-02,0.2317648
MNST_FRPT,2017-11-24_2020-11-16,0.23815441
MNST_FRPT,2017-12-08_2020-12-01,0.24476647
MNST_FRPT,2017-12-22_2020-12-15,0.25475597
MNST_FRPT,2018-01-09_2020-12-30,0.26457715
MNST_FRPT,2018-01-24_2021-01-14,0.276289
MNST_FRPT,2018-02-07_2021-01-29,0.2834351
MNST_FRPT,2018-02-22_2021-02-12,0.28617644
MNST_FRPT,2018-03-08_2021-03-01,0.28659058
MNST_FRPT,2018-03-22_2021-03-15,0.28770494
MNST_FRPT,2018-04-06_2021-03-29,0.2895503
MNST_FRPT,2018-04-20_2021-04-13,0.29146695
MNST_FRPT,2018-05-04_2021-04-27,0.29293323
MNST_FRPT,2018-05-18_2021-05-11,0.28974867
MNST_FRPT,2018-06-04_2021-05-25,0.286191
MNST_FRPT,2018-06-18_2021-06-09,0.28512287
MNST_FRPT,2018-07-02_2021-06-23,0.28527284
MNST_FRPT,2018-07-17_2021-07-08,0.28558564
MNST_FRPT,2018-07-31_2021-07-22,0.28815985
MNST_FRPT,2018-08-14_2021-08-05,0.29168916
MNST_FRPT,2018-08-28_2021-08-19,0.29705763
MNST_FRPT,2018-09-12_2021-09-02,0.3017633
MNST_FRPT,2018-09-26_2021-09-17,0.3054247
MNST_FRPT,2018-10-10_2021-10-01,0.3061974
MNST_FRPT,2018-10-24_2021-10-15,0.30490017
MNST_FRPT,2018-11-07_2021-10-29,0.30131721
MNST_FRPT,2018-11-21_2021-11-12,0.3011918
MNST_FRPT,2018-12-07_2021-11-29,0.30349612
MNST_FRPT,2018-12-21_2021-12-13,0.30338144
MNST_FRPT,2019-01-08_2021-12-28,0.30076098
MNST_FRPT,2019-01-23_2022-01-11,0.2991588
MNST_FRPT,2019-02-06_2022-01-26,0.29810214
MNST_FRPT,2019-02-21_2022-02-09,0.29764748
MNST_FRPT,2019-03-07_2022-02-24,0.2982297
MNST_FRPT,2019-03-21_2022-03-10,0.2984724
MNST_FRPT,2019-04-04_2022-03-24,0.2960987
MNST_FRPT,2019-04-18_2022-04-07,0.29359818
MNST_FRPT,2019-05-03_2022-04-22,0.29242325
MNST_FRPT,2019-05-17_2022-05-06,0.29134893
MNST_FRPT,2019-06-03_2022-05-20,0.28560877
MNST_FRPT,2019-06-17_2022-06-06,0.2801051
MNST_FRPT,2019-07-01_2022-06-21,0.27233982
MNST_FRPT,2019-07-16_2022-07-06,0.26230717
VERU_FRPT,2017-07-19_2020-07-10,0.0332236
VERU_FRPT,2017-08-02_2020-07-24,0.032141954
VERU_FRPT,2017-08-16_2020-08-07,0.030524075
VERU_FRPT,2017-08-30_2020-08-21,0.028219044
VERU_FRPT,2017-09-14_2020-09-04,0.025990084
VERU_FRPT,2017-09-28_2020-09-21,0.024959981
VERU_FRPT,2017-10-12_2020-10-05,0.02393213
VERU_FRPT,2017-10-26_2020-10-19,0.02224563
VERU_FRPT,2017-11-09_2020-11-02,0.020617843
VERU_FRPT,2017-11-24_2020-11-16,0.018801615
VERU_FRPT,2017-12-08_2020-12-01,0.017546609
VERU_FRPT,2017-12-22_2020-12-15,0.0190022
VERU_FRPT,2018-01-09_2020-12-30,0.024513826
VERU_FRPT,2018-01-24_2021-01-14,0.029425725
VERU_FRPT,2018-02-07_2021-01-29,0.03316793
VERU_FRPT,2018-02-22_2021-02-12,0.042371854
VERU_FRPT,2018-03-08_2021-03-01,0.050847888
VERU_FRPT,2018-03-22_2021-03-15,0.056262314
VERU_FRPT,2018-04-06_2021-03-29,0.060614273
VERU_FRPT,2018-04-20_2021-04-13,0.06222348
VERU_FRPT,2018-05-04_2021-04-27,0.062231436
VERU_FRPT,2018-05-18_2021-05-11,0.06137587
VERU_FRPT,2018-06-04_2021-05-25,0.06075971
VERU_FRPT,2018-06-18_2021-06-09,0.060731634
VERU_FRPT,2018-07-02_2021-06-23,0.06097667
VERU_FRPT,2018-07-17_2021-07-08,0.060863554
VERU_FRPT,2018-07-31_2021-07-22,0.060617656
VERU_FRPT,2018-08-14_2021-08-05,0.060570702
VERU_FRPT,2018-08-28_2021-08-19,0.060864568
VERU_FRPT,2018-09-12_2021-09-02,0.061501652
VERU_FRPT,2018-09-26_2021-09-17,0.062235117
VERU_FRPT,2018-10-10_2021-10-01,0.062583536
VERU_FRPT,2018-10-24_2021-10-15,0.062875286
VERU_FRPT,2018-11-07_2021-10-29,0.06283568
VERU_FRPT,2018-11-21_2021-11-12,0.063137606
VERU_FRPT,2018-12-07_2021-11-29,0.06362529
VERU_FRPT,2018-12-21_2021-12-13,0.06386718
VERU_FRPT,2019-01-08_2021-12-28,0.06407875
VERU_FRPT,2019-01-23_2022-01-11,0.06416756
VERU_FRPT,2019-02-06_2022-01-26,0.06428149
VERU_FRPT,2019-02-21_2022-02-09,0.064338714
VERU_FRPT,2019-03-07_2022-02-24,0.064311236
VERU_FRPT,2019-03-21_2022-03-10,0.064316094
VERU_FRPT,2019-04-04_2022-03-24,0.06429696
VERU_FRPT,2019-04-18_2022-04-07,0.0642674
VERU_FRPT,2019-05-03_2022-04-22,0.06453332
VERU_FRPT,2019-05-17_2022-05-06,0.06385079
VERU_FRPT,2019-06-03_2022-05-20,0.061109364
VERU_FRPT,2019-06-17_2022-06-06,0.058209896
VERU_FRPT,2019-07-01_2022-06-21,0.054474205
VERU_FRPT,2019-07-16_2022-07-06,0.050706297
MKC_GIS,2017-07-19_2020-07-10,1.0967178
MKC_GIS,2017-08-02_2020-07-24,1.1629181
MKC_GIS,2017-08-16_2020-08-07,1.2379837
MKC_GIS,2017-08-30_2020-08-21,1.3120804
MKC_GIS,2017-09-14_2020-09-04,1.3692551
MKC_GIS,2017-09-28_2020-09-21,1.4034042
MKC_GIS,2017-10-12_2020-10-05,1.418335
MKC_GIS,2017-10-26_2020-10-19,1.4373703
MKC_GIS,2017-11-09_2020-11-02,1.444027
MKC_GIS,2017-11-24_2020-11-16,1.4488907
MKC_GIS,2017-12-08_2020-12-01,1.461689
MKC_GIS,2017-12-22_2020-12-15,1.4817352
MKC_GIS,2018-01-09_2020-12-30,1.5174751
MKC_GIS,2018-01-24_2021-01-14,1.5519753
MKC_GIS,2018-02-07_2021-01-29,1.5760651
MKC_GIS,2018-02-22_2021-02-12,1.5793457
MKC_GIS,2018-03-08_2021-03-01,1.5643349
MKC_GIS,2018-03-22_2021-03-15,1.5449562
MKC_GIS,2018-04-06_2021-03-29,1.5134697
MKC_GIS,2018-04-20_2021-04-13,1.4807472
MKC_GIS,2018-05-04_2021-04-27,1.4468498
MKC_GIS,2018-05-18_2021-05-11,1.411335
MKC_GIS,2018-06-04_2021-05-25,1.367115
MKC_GIS,2018-06-18_2021-06-09,1.3195343
MKC_GIS,2018-07-02_2021-06-23,1.2798233
MKC_GIS,2018-07-17_2021-07-08,1.2543106
MKC_GIS,2018-07-31_2021-07-22,1.226799
MKC_GIS,2018-08-14_2021-08-05,1.1967697
MKC_GIS,2018-08-28_2021-08-19,1.170929
MKC_GIS,2018-09-12_2021-09-02,1.1498489
MKC_GIS,2018-09-26_2021-09-17,1.1330719
MKC_GIS,2018-10-10_2021-10-01,1.1162643
MKC_GIS,2018-10-24_2021-10-15,1.0839386
MKC_GIS,2018-11-07_2021-10-29,1.062851
MKC_GIS,2018-11-21_2021-11-12,1.0468979
MKC_GIS,2018-12-07_2021-11-29,1.0523758
MKC_GIS,2018-12-21_2021-12-13,1.0988693
MKC_GIS,2019-01-08_2021-12-28,1.1176682
MKC_GIS,2019-01-23_2022-01-11,1.1268158
MKC_GIS,2019-02-06_2022-01-26,1.0770416
MKC_GIS,2019-02-21_2022-02-09,1.0587082
MKC_GIS,2019-03-07_2022-02-24,1.0428314
MKC_GIS,2019-03-21_2022-03-10,1.0345764
MKC_GIS,2019-04-04_2022-03-24,1.0326157
MKC_GIS,2019-04-18_2022-04-07,1.0388947
MKC_GIS,2019-05-03_2022-04-22,1.0415344
MKC_GIS,2019-05-17_2022-05-06,1.0360794
MKC_GIS,2019-06-03_2022-05-20,1.019867
MKC_GIS,2019-06-17_2022-06-06,0.99625397
MKC_GIS,2019-07-01_2022-06-21,0.9571152
MKC_GIS,2019-07-16_2022-07-06,0.882637
MKC-V_GIS,2017-07-19_2020-07-10,1.1018448
MKC-V_GIS,2017-08-02_2020-07-24,1.1676025
MKC-V_GIS,2017-08-16_2020-08-07,1.2413864
MKC-V_GIS,2017-08-30_2020-08-21,1.3155441
MKC-V_GIS,2017-09-14_2020-09-04,1.3713684
MKC-V_GIS,2017-09-28_2020-09-21,1.4070435
MKC-V_GIS,2017-10-12_2020-10-05,1.4216995
MKC-V_GIS,2017-10-26_2020-10-19,1.4397011
MKC-V_GIS,2017-11-09_2020-11-02,1.4472618
MKC-V_GIS,2017-11-24_2020-11-16,1.4529266
MKC-V_GIS,2017-12-08_2020-12-01,1.4657211
MKC-V_GIS,2017-12-22_2020-12-15,1.485939
MKC-V_GIS,2018-01-09_2020-12-30,1.5217094
MKC-V_GIS,2018-01-24_2021-01-14,1.5565987
MKC-V_GIS,2018-02-07_2021-01-29,1.5806618
MKC-V_GIS,2018-02-22_2021-02-12,1.5836754
MKC-V_GIS,2018-03-08_2021-03-01,1.5687256
MKC-V_GIS,2018-03-22_2021-03-15,1.549408
MKC-V_GIS,2018-04-06_2021-03-29,1.5177078
MKC-V_GIS,2018-04-20_2021-04-13,1.484726
MKC-V_GIS,2018-05-04_2021-04-27,1.4517174
MKC-V_GIS,2018-05-18_2021-05-11,1.4165573
MKC-V_GIS,2018-06-04_2021-05-25,1.3716011
MKC-V_GIS,2018-06-18_2021-06-09,1.3229904
MKC-V_GIS,2018-07-02_2021-06-23,1.2832565
MKC-V_GIS,2018-07-17_2021-07-08,1.2577591
MKC-V_GIS,2018-07-31_2021-07-22,1.2303085
MKC-V_GIS,2018-08-14_2021-08-05,1.2005463
MKC-V_GIS,2018-08-28_2021-08-19,1.1744308
MKC-V_GIS,2018-09-12_2021-09-02,1.1534653
MKC-V_GIS,2018-09-26_2021-09-17,1.1363602
MKC-V_GIS,2018-10-10_2021-10-01,1.1200485
MKC-V_GIS,2018-10-24_2021-10-15,1.0883255
MKC-V_GIS,2018-11-07_2021-10-29,1.0669098
MKC-V_GIS,2018-11-21_2021-11-12,1.0508652
MKC-V_GIS,2018-12-07_2021-11-29,1.0560989
MKC-V_GIS,2018-12-21_2021-12-13,1.1058121
MKC-V_GIS,2019-01-08_2021-12-28,1.125267
MKC-V_GIS,2019-01-23_2022-01-11,1.1316147
MKC-V_GIS,2019-02-06_2022-01-26,1.083313
MKC-V_GIS,2019-02-21_2022-02-09,1.064331
MKC-V_GIS,2019-03-07_2022-02-24,1.0468674
MKC-V_GIS,2019-03-21_2022-03-10,1.0367737
MKC-V_GIS,2019-04-04_2022-03-24,1.034462
MKC-V_GIS,2019-04-18_2022-04-07,1.039772
MKC-V_GIS,2019-05-03_2022-04-22,1.0428009
MKC-V_GIS,2019-05-17_2022-05-06,1.0351181
MKC-V_GIS,2019-06-03_2022-05-20,1.0190506
MKC-V_GIS,2019-06-17_2022-06-06,0.994606
MKC-V_GIS,2019-07-01_2022-06-21,0.95552063
MKC-V_GIS,2019-07-16_2022-07-06,0.8810959
MNST_HAIN,2017-07-19_2020-07-10,0.06567001
MNST_HAIN,2017-08-02_2020-07-24,0.11423111
MNST_HAIN,2017-08-16_2020-08-07,0.18497467
MNST_HAIN,2017-08-30_2020-08-21,0.25653458
MNST_HAIN,2017-09-14_2020-09-04,0.32264328
MNST_HAIN,2017-09-28_2020-09-21,0.3975067
MNST_HAIN,2017-10-12_2020-10-05,0.48822403
MNST_HAIN,2017-10-26_2020-10-19,0.57951355
MNST_HAIN,2017-11-09_2020-11-02,0.6373749
MNST_HAIN,2017-11-24_2020-11-16,0.70666504
MNST_HAIN,2017-12-08_2020-12-01,0.8170471
MNST_HAIN,2017-12-22_2020-12-15,0.9367409
MNST_HAIN,2018-01-09_2020-12-30,1.0852089
MNST_HAIN,2018-01-24_2021-01-14,1.2152061
MNST_HAIN,2018-02-07_2021-01-29,1.2969818
MNST_HAIN,2018-02-22_2021-02-12,1.3562851
MNST_HAIN,2018-03-08_2021-03-01,1.4131699
MNST_HAIN,2018-03-22_2021-03-15,1.4503593
MNST_HAIN,2018-04-06_2021-03-29,1.4662971
MNST_HAIN,2018-04-20_2021-04-13,1.4970703
MNST_HAIN,2018-05-04_2021-04-27,1.5362511
MNST_HAIN,2018-05-18_2021-05-11,1.5609703
MNST_HAIN,2018-06-04_2021-05-25,1.5674171
MNST_HAIN,2018-06-18_2021-06-09,1.5848923
MNST_HAIN,2018-07-02_2021-06-23,1.5984154
MNST_HAIN,2018-07-17_2021-07-08,1.6118698
MNST_HAIN,2018-07-31_2021-07-22,1.6241112
MNST_HAIN,2018-08-14_2021-08-05,1.6382065
MNST_HAIN,2018-08-28_2021-08-19,1.6560326
MNST_HAIN,2018-09-12_2021-09-02,1.673666
MNST_HAIN,2018-09-26_2021-09-17,1.6865101
MNST_HAIN,2018-10-10_2021-10-01,1.6811695
MNST_HAIN,2018-10-24_2021-10-15,1.6489277
MNST_HAIN,2018-11-07_2021-10-29,1.6086864
MNST_HAIN,2018-11-21_2021-11-12,1.58214
MNST_HAIN,2018-12-07_2021-11-29,1.5806522
MNST_HAIN,2018-12-21_2021-12-13,1.579525
MNST_HAIN,2019-01-08_2021-12-28,1.5781212
MNST_HAIN,2019-01-23_2022-01-11,1.5855904
MNST_HAIN,2019-02-06_2022-01-26,1.5959892
MNST_HAIN,2019-02-21_2022-02-09,1.6138954
MNST_HAIN,2019-03-07_2022-02-24,1.6309967
MNST_HAIN,2019-03-21_2022-03-10,1.6318817
MNST_HAIN,2019-04-04_2022-03-24,1.6185379
MNST_HAIN,2019-04-18_2022-04-07,1.6057892
MNST_HAIN,2019-05-03_2022-04-22,1.6016617
MNST_HAIN,2019-05-17_2022-05-06,1.5970459
MNST_HAIN,2019-06-03_2022-05-20,1.5728264
MNST_HAIN,2019-06-17_2022-06-06,1.5498962
MNST_HAIN,2019-07-01_2022-06-21,1.5107079
MNST_HAIN,2019-07-16_2022-07-06,1.4540749
WMK_HAIN,2017-07-19_2020-07-10,-0.04119873
WMK_HAIN,2017-08-02_2020-07-24,-0.04275894
WMK_HAIN,2017-08-16_2020-08-07,-0.034273148
WMK_HAIN,2017-08-30_2020-08-21,-0.019737244
WMK_HAIN,2017-09-14_2020-09-04,-0.002199173
WMK_HAIN,2017-09-28_2020-09-21,0.017383575
WMK_HAIN,2017-10-12_2020-10-05,0.04032898
WMK_HAIN,2017-10-26_2020-10-19,0.0765152
WMK_HAIN,2017-11-09_2020-11-02,0.10759354
WMK_HAIN,2017-11-24_2020-11-16,0.15418434
WMK_HAIN,2017-12-08_2020-12-01,0.20680809
WMK_HAIN,2017-12-22_2020-12-15,0.25803566
WMK_HAIN,2018-01-09_2020-12-30,0.31121445
WMK_HAIN,2018-01-24_2021-01-14,0.36364365
WMK_HAIN,2018-02-07_2021-01-29,0.40922356
WMK_HAIN,2018-02-22_2021-02-12,0.45593834
WMK_HAIN,2018-03-08_2021-03-01,0.50732994
WMK_HAIN,2018-03-22_2021-03-15,0.56344795
WMK_HAIN,2018-04-06_2021-03-29,0.5903835
WMK_HAIN,2018-04-20_2021-04-13,0.60505676
WMK_HAIN,2018-05-04_2021-04-27,0.60676193
WMK_HAIN,2018-05-18_2021-05-11,0.6097622
WMK_HAIN,2018-06-04_2021-05-25,0.6160469
WMK_HAIN,2018-06-18_2021-06-09,0.61704445
WMK_HAIN,2018-07-02_2021-06-23,0.6192913
WMK_HAIN,2018-07-17_2021-07-08,0.6192913
WMK_HAIN,2018-07-31_2021-07-22,0.623909
WMK_HAIN,2018-08-14_2021-08-05,0.62895393
WMK_HAIN,2018-08-28_2021-08-19,0.63864136
WMK_HAIN,2018-09-12_2021-09-02,0.64959335
WMK_HAIN,2018-09-26_2021-09-17,0.65696335
WMK_HAIN,2018-10-10_2021-10-01,0.6564541
WMK_HAIN,2018-10-24_2021-10-15,0.65571976
WMK_HAIN,2018-11-07_2021-10-29,0.656353
WMK_HAIN,2018-11-21_2021-11-12,0.67604446
WMK_HAIN,2018-12-07_2021-11-29,0.70448685
WMK_HAIN,2018-12-21_2021-12-13,0.73405457
WMK_HAIN,2019-01-08_2021-12-28,0.7781277
WMK_HAIN,2019-01-23_2022-01-11,0.8224907
WMK_HAIN,2019-02-06_2022-01-26,0.8591175
WMK_HAIN,2019-02-21_2022-02-09,0.90527725
WMK_HAIN,2019-03-07_2022-02-24,0.9444275
WMK_HAIN,2019-03-21_2022-03-10,0.954792
WMK_HAIN,2019-04-04_2022-03-24,0.9570885
WMK_HAIN,2019-04-18_2022-04-07,0.96666145
WMK_HAIN,2019-05-03_2022-04-22,0.97813034
WMK_HAIN,2019-05-17_2022-05-06,0.9661255
WMK_HAIN,2019-06-03_2022-05-20,0.902874
WMK_HAIN,2019-06-17_2022-06-06,0.84022903
WMK_HAIN,2019-07-01_2022-06-21,0.75653076
WMK_HAIN,2019-07-16_2022-07-06,0.66490364
POST_IPAR,2017-07-19_2020-07-10,0.5375614
POST_IPAR,2017-08-02_2020-07-24,0.54128456
POST_IPAR,2017-08-16_2020-08-07,0.5433922
POST_IPAR,2017-08-30_2020-08-21,0.5499439
POST_IPAR,2017-09-14_2020-09-04,0.55563545
POST_IPAR,2017-09-28_2020-09-21,0.5600891
POST_IPAR,2017-10-12_2020-10-05,0.5591068
POST_IPAR,2017-10-26_2020-10-19,0.55288696
POST_IPAR,2017-11-09_2020-11-02,0.54237556
POST_IPAR,2017-11-24_2020-11-16,0.5393791
POST_IPAR,2017-12-08_2020-12-01,0.53611183
POST_IPAR,2017-12-22_2020-12-15,0.5317898
POST_IPAR,2018-01-09_2020-12-30,0.5291805
POST_IPAR,2018-01-24_2021-01-14,0.5257759
POST_IPAR,2018-02-07_2021-01-29,0.51821136
POST_IPAR,2018-02-22_2021-02-12,0.50546074
POST_IPAR,2018-03-08_2021-03-01,0.4925804
POST_IPAR,2018-03-22_2021-03-15,0.47961426
POST_IPAR,2018-04-06_2021-03-29,0.467556
POST_IPAR,2018-04-20_2021-04-13,0.46214294
POST_IPAR,2018-05-04_2021-04-27,0.45881653
POST_IPAR,2018-05-18_2021-05-11,0.45656204
POST_IPAR,2018-06-04_2021-05-25,0.45589828
POST_IPAR,2018-06-18_2021-06-09,0.4568329
POST_IPAR,2018-07-02_2021-06-23,0.45640182
POST_IPAR,2018-07-17_2021-07-08,0.45454407
POST_IPAR,2018-07-31_2021-07-22,0.45163345
POST_IPAR,2018-08-14_2021-08-05,0.4421959
POST_IPAR,2018-08-28_2021-08-19,0.44530106
POST_IPAR,2018-09-12_2021-09-02,0.44927216
POST_IPAR,2018-09-26_2021-09-17,0.45049858
POST_IPAR,2018-10-10_2021-10-01,0.4515915
POST_IPAR,2018-10-24_2021-10-15,0.44672966
POST_IPAR,2018-11-07_2021-10-29,0.43206406
POST_IPAR,2018-11-21_2021-11-12,0.40454483
POST_IPAR,2018-12-07_2021-11-29,0.38167
POST_IPAR,2018-12-21_2021-12-13,0.3530178
POST_IPAR,2019-01-08_2021-12-28,0.33052254
POST_IPAR,2019-01-23_2022-01-11,0.3195572
POST_IPAR,2019-02-06_2022-01-26,0.3164215
POST_IPAR,2019-02-21_2022-02-09,0.30264473
POST_IPAR,2019-03-07_2022-02-24,0.29582024
POST_IPAR,2019-03-21_2022-03-10,0.29054832
POST_IPAR,2019-04-04_2022-03-24,0.28465652
POST_IPAR,2019-04-18_2022-04-07,0.27991486
POST_IPAR,2019-05-03_2022-04-22,0.28194237
POST_IPAR,2019-05-17_2022-05-06,0.28552437
POST_IPAR,2019-06-03_2022-05-20,0.28952026
POST_IPAR,2019-06-17_2022-06-06,0.29370117
POST_IPAR,2019-07-01_2022-06-21,0.2955551
POST_IPAR,2019-07-16_2022-07-06,0.30072594
POST_JJSF,2017-07-19_2020-07-10,0.25997734
POST_JJSF,2017-08-02_2020-07-24,0.25754738
POST_JJSF,2017-08-16_2020-08-07,0.25597
POST_JJSF,2017-08-30_2020-08-21,0.25644112
POST_JJSF,2017-09-14_2020-09-04,0.2579403
POST_JJSF,2017-09-28_2020-09-21,0.2602005
POST_JJSF,2017-10-12_2020-10-05,0.26175308
POST_JJSF,2017-10-26_2020-10-19,0.26045036
POST_JJSF,2017-11-09_2020-11-02,0.2579155
POST_JJSF,2017-11-24_2020-11-16,0.2560959
POST_JJSF,2017-12-08_2020-12-01,0.25444794
POST_JJSF,2017-12-22_2020-12-15,0.2530117
POST_JJSF,2018-01-09_2020-12-30,0.252079
POST_JJSF,2018-01-24_2021-01-14,0.25079155
POST_JJSF,2018-02-07_2021-01-29,0.24694824
POST_JJSF,2018-02-22_2021-02-12,0.24118614
POST_JJSF,2018-03-08_2021-03-01,0.23667526
POST_JJSF,2018-03-22_2021-03-15,0.2323761
POST_JJSF,2018-04-06_2021-03-29,0.22712135
POST_JJSF,2018-04-20_2021-04-13,0.22433472
POST_JJSF,2018-05-04_2021-04-27,0.2218895
POST_JJSF,2018-05-18_2021-05-11,0.21985245
POST_JJSF,2018-06-04_2021-05-25,0.21916008
POST_JJSF,2018-06-18_2021-06-09,0.22152138
POST_JJSF,2018-07-02_2021-06-23,0.22317314
POST_JJSF,2018-07-17_2021-07-08,0.22379494
POST_JJSF,2018-07-31_2021-07-22,0.22361374
POST_JJSF,2018-08-14_2021-08-05,0.22252655
POST_JJSF,2018-08-28_2021-08-19,0.22563171
POST_JJSF,2018-09-12_2021-09-02,0.22841454
POST_JJSF,2018-09-26_2021-09-17,0.23026276
POST_JJSF,2018-10-10_2021-10-01,0.23055649
POST_JJSF,2018-10-24_2021-10-15,0.22994041
POST_JJSF,2018-11-07_2021-10-29,0.22828484
POST_JJSF,2018-11-21_2021-11-12,0.22755432
POST_JJSF,2018-12-07_2021-11-29,0.22619057
POST_JJSF,2018-12-21_2021-12-13,0.22426987
POST_JJSF,2019-01-08_2021-12-28,0.22205353
POST_JJSF,2019-01-23_2022-01-11,0.22398758
POST_JJSF,2019-02-06_2022-01-26,0.22296524
POST_JJSF,2019-02-21_2022-02-09,0.2226963
POST_JJSF,2019-03-07_2022-02-24,0.2231369
POST_JJSF,2019-03-21_2022-03-10,0.22350502
POST_JJSF,2019-04-04_2022-03-24,0.22441673
POST_JJSF,2019-04-18_2022-04-07,0.2257309
POST_JJSF,2019-05-03_2022-04-22,0.22764778
POST_JJSF,2019-05-17_2022-05-06,0.22096825
POST_JJSF,2019-06-03_2022-05-20,0.20125961
POST_JJSF,2019-06-17_2022-06-06,0.18349648
POST_JJSF,2019-07-01_2022-06-21,0.17010307
POST_JJSF,2019-07-16_2022-07-06,0.16300964
MO_MGPI,2017-07-19_2020-07-10,0.20513344
MO_MGPI,2017-08-02_2020-07-24,0.20847845
MO_MGPI,2017-08-16_2020-08-07,0.2099247
MO_MGPI,2017-08-30_2020-08-21,0.20981693
MO_MGPI,2017-09-14_2020-09-04,0.20912313
MO_MGPI,2017-09-28_2020-09-21,0.20962334
MO_MGPI,2017-10-12_2020-10-05,0.21145582
MO_MGPI,2017-10-26_2020-10-19,0.2120738
MO_MGPI,2017-11-09_2020-11-02,0.21320534
MO_MGPI,2017-11-24_2020-11-16,0.21252298
MO_MGPI,2017-12-08_2020-12-01,0.20998621
MO_MGPI,2017-12-22_2020-12-15,0.20509195
MO_MGPI,2018-01-09_2020-12-30,0.19982576
MO_MGPI,2018-01-24_2021-01-14,0.1947236
MO_MGPI,2018-02-07_2021-01-29,0.18898678
MO_MGPI,2018-02-22_2021-02-12,0.18505001
MO_MGPI,2018-03-08_2021-03-01,0.18162584
MO_MGPI,2018-03-22_2021-03-15,0.17886305
MO_MGPI,2018-04-06_2021-03-29,0.17817497
MO_MGPI,2018-04-20_2021-04-13,0.17686796
MO_MGPI,2018-05-04_2021-04-27,0.18310022
MO_MGPI,2018-05-18_2021-05-11,0.18870783
MO_MGPI,2018-06-04_2021-05-25,0.19562054
MO_MGPI,2018-06-18_2021-06-09,0.20379353
MO_MGPI,2018-07-02_2021-06-23,0.21296024
MO_MGPI,2018-07-17_2021-07-08,0.22103405
MO_MGPI,2018-07-31_2021-07-22,0.22890282
MO_MGPI,2018-08-14_2021-08-05,0.23005486
MO_MGPI,2018-08-28_2021-08-19,0.2304287
MO_MGPI,2018-09-12_2021-09-02,0.23256493
MO_MGPI,2018-09-26_2021-09-17,0.23249531
MO_MGPI,2018-10-10_2021-10-01,0.23174858
MO_MGPI,2018-10-24_2021-10-15,0.23021221
MO_MGPI,2018-11-07_2021-10-29,0.22700882
MO_MGPI,2018-11-21_2021-11-12,0.2231121
MO_MGPI,2018-12-07_2021-11-29,0.2203455
MO_MGPI,2018-12-21_2021-12-13,0.21287537
MO_MGPI,2019-01-08_2021-12-28,0.21136379
MO_MGPI,2019-01-23_2022-01-11,0.21540165
MO_MGPI,2019-02-06_2022-01-26,0.22478104
MO_MGPI,2019-02-21_2022-02-09,0.23444271
MO_MGPI,2019-03-07_2022-02-24,0.24467182
MO_MGPI,2019-03-21_2022-03-10,0.25247288
MO_MGPI,2019-04-04_2022-03-24,0.25818062
MO_MGPI,2019-04-18_2022-04-07,0.26554394
MO_MGPI,2019-05-03_2022-04-22,0.27927303
MO_MGPI,2019-05-17_2022-05-06,0.28672647
MO_MGPI,2019-06-03_2022-05-20,0.2868557
MO_MGPI,2019-06-17_2022-06-06,0.2887001
MO_MGPI,2019-07-01_2022-06-21,0.2838683
MO_MGPI,2019-07-16_2022-07-06,0.27112007
NOMD_MNST,2017-07-19_2020-07-10,0.19267654
NOMD_MNST,2017-08-02_2020-07-24,0.18195343
NOMD_MNST,2017-08-16_2020-08-07,0.17791748
NOMD_MNST,2017-08-30_2020-08-21,0.18299294
NOMD_MNST,2017-09-14_2020-09-04,0.18723488
NOMD_MNST,2017-09-28_2020-09-21,0.1948471
NOMD_MNST,2017-10-12_2020-10-05,0.19953728
NOMD_MNST,2017-10-26_2020-10-19,0.20465279
NOMD_MNST,2017-11-09_2020-11-02,0.2069149
NOMD_MNST,2017-11-24_2020-11-16,0.20528412
NOMD_MNST,2017-12-08_2020-12-01,0.20147133
NOMD_MNST,2017-12-22_2020-12-15,0.20017052
NOMD_MNST,2018-01-09_2020-12-30,0.1985321
NOMD_MNST,2018-01-24_2021-01-14,0.19683361
NOMD_MNST,2018-02-07_2021-01-29,0.19964504
NOMD_MNST,2018-02-22_2021-02-12,0.20004177
NOMD_MNST,2018-03-08_2021-03-01,0.19804192
NOMD_MNST,2018-03-22_2021-03-15,0.19586754
NOMD_MNST,2018-04-06_2021-03-29,0.19623089
NOMD_MNST,2018-04-20_2021-04-13,0.1974144
NOMD_MNST,2018-05-04_2021-04-27,0.19945431
NOMD_MNST,2018-05-18_2021-05-11,0.20262718
NOMD_MNST,2018-06-04_2021-05-25,0.20749664
NOMD_MNST,2018-06-18_2021-06-09,0.21408272
NOMD_MNST,2018-07-02_2021-06-23,0.21882439
NOMD_MNST,2018-07-17_2021-07-08,0.2203207
NOMD_MNST,2018-07-31_2021-07-22,0.21972752
NOMD_MNST,2018-08-14_2021-08-05,0.21722317
NOMD_MNST,2018-08-28_2021-08-19,0.21503687
NOMD_MNST,2018-09-12_2021-09-02,0.21279669
NOMD_MNST,2018-09-26_2021-09-17,0.2117672
NOMD_MNST,2018-10-10_2021-10-01,0.21297932
NOMD_MNST,2018-10-24_2021-10-15,0.21623135
NOMD_MNST,2018-11-07_2021-10-29,0.21783829
NOMD_MNST,2018-11-21_2021-11-12,0.21791267
NOMD_MNST,2018-12-07_2021-11-29,0.21581316
NOMD_MNST,2018-12-21_2021-12-13,0.21345901
NOMD_MNST,2019-01-08_2021-12-28,0.20929527
NOMD_MNST,2019-01-23_2022-01-11,0.2058897
NOMD_MNST,2019-02-06_2022-01-26,0.20392132
NOMD_MNST,2019-02-21_2022-02-09,0.20302582
NOMD_MNST,2019-03-07_2022-02-24,0.20254993
NOMD_MNST,2019-03-21_2022-03-10,0.20366001
NOMD_MNST,2019-04-04_2022-03-24,0.20578003
NOMD_MNST,2019-04-18_2022-04-07,0.20801067
NOMD_MNST,2019-05-03_2022-04-22,0.20814991
NOMD_MNST,2019-05-17_2022-05-06,0.2051878
NOMD_MNST,2019-06-03_2022-05-20,0.2029314
NOMD_MNST,2019-06-17_2022-06-06,0.19951248
NOMD_MNST,2019-07-01_2022-06-21,0.19527245
NOMD_MNST,2019-07-16_2022-07-06,0.18920708
PRMW_MNST,2017-07-19_2020-07-10,-0.006565094
PRMW_MNST,2017-08-02_2020-07-24,-0.005870819
PRMW_MNST,2017-08-16_2020-08-07,-0.00075912476
PRMW_MNST,2017-08-30_2020-08-21,0.00573349
PRMW_MNST,2017-09-14_2020-09-04,0.006454468
PRMW_MNST,2017-09-28_2020-09-21,0.0075626373
PRMW_MNST,2017-10-12_2020-10-05,0.008646011
PRMW_MNST,2017-10-26_2020-10-19,0.009981155
PRMW_MNST,2017-11-09_2020-11-02,0.007634163
PRMW_MNST,2017-11-24_2020-11-16,0.00894928
PRMW_MNST,2017-12-08_2020-12-01,0.012496948
PRMW_MNST,2017-12-22_2020-12-15,0.018561363
PRMW_MNST,2018-01-09_2020-12-30,0.024103165
PRMW_MNST,2018-01-24_2021-01-14,0.02911663
PRMW_MNST,2018-02-07_2021-01-29,0.032354355
PRMW_MNST,2018-02-22_2021-02-12,0.039121628
PRMW_MNST,2018-03-08_2021-03-01,0.04152584
PRMW_MNST,2018-03-22_2021-03-15,0.04441309
PRMW_MNST,2018-04-06_2021-03-29,0.04742527
PRMW_MNST,2018-04-20_2021-04-13,0.051162243
PRMW_MNST,2018-05-04_2021-04-27,0.054451942
PRMW_MNST,2018-05-18_2021-05-11,0.059761047
PRMW_MNST,2018-06-04_2021-05-25,0.06600332
PRMW_MNST,2018-06-18_2021-06-09,0.07139015
PRMW_MNST,2018-07-02_2021-06-23,0.075767994
PRMW_MNST,2018-07-17_2021-07-08,0.078906536
PRMW_MNST,2018-07-31_2021-07-22,0.08117008
PRMW_MNST,2018-08-14_2021-08-05,0.08338308
PRMW_MNST,2018-08-28_2021-08-19,0.0855422
PRMW_MNST,2018-09-12_2021-09-02,0.08840418
PRMW_MNST,2018-09-26_2021-09-17,0.090922356
PRMW_MNST,2018-10-10_2021-10-01,0.09283495
PRMW_MNST,2018-10-24_2021-10-15,0.09537172
PRMW_MNST,2018-11-07_2021-10-29,0.09794092
PRMW_MNST,2018-11-21_2021-11-12,0.10251331
PRMW_MNST,2018-12-07_2021-11-29,0.10641813
PRMW_MNST,2018-12-21_2021-12-13,0.10942888
PRMW_MNST,2019-01-08_2021-12-28,0.1135993
PRMW_MNST,2019-01-23_2022-01-11,0.11772919
PRMW_MNST,2019-02-06_2022-01-26,0.121451855
PRMW_MNST,2019-02-21_2022-02-09,0.12491703
PRMW_MNST,2019-03-07_2022-02-24,0.12678003
PRMW_MNST,2019-03-21_2022-03-10,0.12883043
PRMW_MNST,2019-04-04_2022-03-24,0.1328001
PRMW_MNST,2019-04-18_2022-04-07,0.13733959
PRMW_MNST,2019-05-03_2022-04-22,0.14090967
PRMW_MNST,2019-05-17_2022-05-06,0.14168882
PRMW_MNST,2019-06-03_2022-05-20,0.1411004
PRMW_MNST,2019-06-17_2022-06-06,0.14045095
PRMW_MNST,2019-07-01_2022-06-21,0.139575
PRMW_MNST,2019-07-16_2022-07-06,0.13653755
WMT_MNST,2017-07-19_2020-07-10,1.5847168
WMT_MNST,2017-08-02_2020-07-24,1.5985565
WMT_MNST,2017-08-16_2020-08-07,1.5480499
WMT_MNST,2017-08-30_2020-08-21,1.4881744
WMT_MNST,2017-09-14_2020-09-04,1.4783783
WMT_MNST,2017-09-28_2020-09-21,1.4755478
WMT_MNST,2017-10-12_2020-10-05,1.4859314
WMT_MNST,2017-10-26_2020-10-19,1.5124283
WMT_MNST,2017-11-09_2020-11-02,1.5376892
WMT_MNST,2017-11-24_2020-11-16,1.5684891
WMT_MNST,2017-12-08_2020-12-01,1.6051788
WMT_MNST,2017-12-22_2020-12-15,1.6084671
WMT_MNST,2018-01-09_2020-12-30,1.5849152
WMT_MNST,2018-01-24_2021-01-14,1.5603561
WMT_MNST,2018-02-07_2021-01-29,1.5552902
WMT_MNST,2018-02-22_2021-02-12,1.5331764
WMT_MNST,2018-03-08_2021-03-01,1.4991112
WMT_MNST,2018-03-22_2021-03-15,1.457058
WMT_MNST,2018-04-06_2021-03-29,1.4154358
WMT_MNST,2018-04-20_2021-04-13,1.3711433
WMT_MNST,2018-05-04_2021-04-27,1.3196297
WMT_MNST,2018-05-18_2021-05-11,1.2844734
WMT_MNST,2018-06-04_2021-05-25,1.2611923
WMT_MNST,2018-06-18_2021-06-09,1.2326851
WMT_MNST,2018-07-02_2021-06-23,1.2050476
WMT_MNST,2018-07-17_2021-07-08,1.1846504
WMT_MNST,2018-07-31_2021-07-22,1.1669922
WMT_MNST,2018-08-14_2021-08-05,1.1487312
WMT_MNST,2018-08-28_2021-08-19,1.1378441
WMT_MNST,2018-09-12_2021-09-02,1.1282005
WMT_MNST,2018-09-26_2021-09-17,1.1162186
WMT_MNST,2018-10-10_2021-10-01,1.1043091
WMT_MNST,2018-10-24_2021-10-15,1.0958138
WMT_MNST,2018-11-07_2021-10-29,1.100174
WMT_MNST,2018-11-21_2021-11-12,1.1020775
WMT_MNST,2018-12-07_2021-11-29,1.0924568
WMT_MNST,2018-12-21_2021-12-13,1.0780296
WMT_MNST,2019-01-08_2021-12-28,1.0619545
WMT_MNST,2019-01-23_2022-01-11,1.045311
WMT_MNST,2019-02-06_2022-01-26,1.0318947
WMT_MNST,2019-02-21_2022-02-09,1.0182381
WMT_MNST,2019-03-07_2022-02-24,1.0035858
WMT_MNST,2019-03-21_2022-03-10,0.98670197
WMT_MNST,2019-04-04_2022-03-24,0.96961975
WMT_MNST,2019-04-18_2022-04-07,0.95962906
WMT_MNST,2019-05-03_2022-04-22,0.9532089
WMT_MNST,2019-05-17_2022-05-06,0.94290924
WMT_MNST,2019-06-03_2022-05-20,0.92269135
WMT_MNST,2019-06-17_2022-06-06,0.89603806
WMT_MNST,2019-07-01_2022-06-21,0.87013626
WMT_MNST,2019-07-16_2022-07-06,0.8374901
PM_MO,2017-07-19_2020-07-10,1.0325851
PM_MO,2017-08-02_2020-07-24,0.98848724
PM_MO,2017-08-16_2020-08-07,0.9511337
PM_MO,2017-08-30_2020-08-21,0.91641235
PM_MO,2017-09-14_2020-09-04,0.8810425
PM_MO,2017-09-28_2020-09-21,0.8447342
PM_MO,2017-10-12_2020-10-05,0.8025284
PM_MO,2017-10-26_2020-10-19,0.7565155
PM_MO,2017-11-09_2020-11-02,0.7342224
PM_MO,2017-11-24_2020-11-16,0.71492004
PM_MO,2017-12-08_2020-12-01,0.68756104
PM_MO,2017-12-22_2020-12-15,0.6464081
PM_MO,2018-01-09_2020-12-30,0.60853577
PM_MO,2018-01-24_2021-01-14,0.55150604
PM_MO,2018-02-07_2021-01-29,0.49015808
PM_MO,2018-02-22_2021-02-12,0.45031738
PM_MO,2018-03-08_2021-03-01,0.40203857
PM_MO,2018-03-22_2021-03-15,0.3692932
PM_MO,2018-04-06_2021-03-29,0.4006195
PM_MO,2018-04-20_2021-04-13,0.42990112
PM_MO,2018-05-04_2021-04-27,0.5004425
PM_MO,2018-05-18_2021-05-11,0.5773468
PM_MO,2018-06-04_2021-05-25,0.6676483
PM_MO,2018-06-18_2021-06-09,0.75787354
PM_MO,2018-07-02_2021-06-23,0.8413391
PM_MO,2018-07-17_2021-07-08,0.9235687
PM_MO,2018-07-31_2021-07-22,0.997818
PM_MO,2018-08-14_2021-08-05,1.0869446
PM_MO,2018-08-28_2021-08-19,1.1945648
PM_MO,2018-09-12_2021-09-02,1.3228607
PM_MO,2018-09-26_2021-09-17,1.4897156
PM_MO,2018-10-10_2021-10-01,1.6226959
PM_MO,2018-10-24_2021-10-15,1.7386627
PM_MO,2018-11-07_2021-10-29,1.8877411
PM_MO,2018-11-21_2021-11-12,1.9882355
PM_MO,2018-12-07_2021-11-29,2.0186462
PM_MO,2018-12-21_2021-12-13,2.034378
PM_MO,2019-01-08_2021-12-28,2.028778
PM_MO,2019-01-23_2022-01-11,2.0269775
PM_MO,2019-02-06_2022-01-26,2.0402374
PM_MO,2019-02-21_2022-02-09,2.063202
PM_MO,2019-03-07_2022-02-24,2.1174164
PM_MO,2019-03-21_2022-03-10,2.1184082
PM_MO,2019-04-04_2022-03-24,2.0988312
PM_MO,2019-04-18_2022-04-07,2.075325
PM_MO,2019-05-03_2022-04-22,2.044609
PM_MO,2019-05-17_2022-05-06,1.9976044
PM_MO,2019-06-03_2022-05-20,1.9955597
PM_MO,2019-06-17_2022-06-06,1.9970398
PM_MO,2019-07-01_2022-06-21,2.0033722
PM_MO,2019-07-16_2022-07-06,2.005333
UVV_MO,2017-07-19_2020-07-10,0.14564896
UVV_MO,2017-08-02_2020-07-24,0.15517807
UVV_MO,2017-08-16_2020-08-07,0.1723404
UVV_MO,2017-08-30_2020-08-21,0.18427658
UVV_MO,2017-09-14_2020-09-04,0.1964531
UVV_MO,2017-09-28_2020-09-21,0.21051788
UVV_MO,2017-10-12_2020-10-05,0.2337532
UVV_MO,2017-10-26_2020-10-19,0.24736404
UVV_MO,2017-11-09_2020-11-02,0.26751328
UVV_MO,2017-11-24_2020-11-16,0.2909317
UVV_MO,2017-12-08_2020-12-01,0.316494
UVV_MO,2017-12-22_2020-12-15,0.35915375
UVV_MO,2018-01-09_2020-12-30,0.41480255
UVV_MO,2018-01-24_2021-01-14,0.4778366
UVV_MO,2018-02-07_2021-01-29,0.56806946
UVV_MO,2018-02-22_2021-02-12,0.63007355
UVV_MO,2018-03-08_2021-03-01,0.6899109
UVV_MO,2018-03-22_2021-03-15,0.7720108
UVV_MO,2018-04-06_2021-03-29,0.85266876
UVV_MO,2018-04-20_2021-04-13,0.9421463
UVV_MO,2018-05-04_2021-04-27,0.9747391
UVV_MO,2018-05-18_2021-05-11,1.0038681
UVV_MO,2018-06-04_2021-05-25,1.0254517
UVV_MO,2018-06-18_2021-06-09,1.0330887
UVV_MO,2018-07-02_2021-06-23,1.034668
UVV_MO,2018-07-17_2021-07-08,1.0338593
UVV_MO,2018-07-31_2021-07-22,1.0299377
UVV_MO,2018-08-14_2021-08-05,1.0271225
UVV_MO,2018-08-28_2021-08-19,1.0315628
UVV_MO,2018-09-12_2021-09-02,1.0259476
UVV_MO,2018-09-26_2021-09-17,1.0095596
UVV_MO,2018-10-10_2021-10-01,0.99344635
UVV_MO,2018-10-24_2021-10-15,0.9789505
UVV_MO,2018-11-07_2021-10-29,0.96279144
UVV_MO,2018-11-21_2021-11-12,0.9522171
UVV_MO,2018-12-07_2021-11-29,0.94550323
UVV_MO,2018-12-21_2021-12-13,0.9432068
UVV_MO,2019-01-08_2021-12-28,0.94716644
UVV_MO,2019-01-23_2022-01-11,0.9602661
UVV_MO,2019-02-06_2022-01-26,0.9741745
UVV_MO,2019-02-21_2022-02-09,0.9623337
UVV_MO,2019-03-07_2022-02-24,0.95163727
UVV_MO,2019-03-21_2022-03-10,0.94890594
UVV_MO,2019-04-04_2022-03-24,0.94957733
UVV_MO,2019-04-18_2022-04-07,0.95729065
UVV_MO,2019-05-03_2022-04-22,0.9544029
UVV_MO,2019-05-17_2022-05-06,0.9394493
UVV_MO,2019-06-03_2022-05-20,0.948925
UVV_MO,2019-06-17_2022-06-06,0.9667587
UVV_MO,2019-07-01_2022-06-21,0.9810219
UVV_MO,2019-07-16_2022-07-06,0.9906578
WBA_TAP,2017-07-19_2020-07-10,0.61501884
WBA_TAP,2017-08-02_2020-07-24,0.6233101
WBA_TAP,2017-08-16_2020-08-07,0.63225555
WBA_TAP,2017-08-30_2020-08-21,0.63946915
WBA_TAP,2017-09-14_2020-09-04,0.64896774
WBA_TAP,2017-09-28_2020-09-21,0.65797806
WBA_TAP,2017-10-12_2020-10-05,0.6729107
WBA_TAP,2017-10-26_2020-10-19,0.7001362
WBA_TAP,2017-11-09_2020-11-02,0.7223282
WBA_TAP,2017-11-24_2020-11-16,0.7375622
WBA_TAP,2017-12-08_2020-12-01,0.75452995
WBA_TAP,2017-12-22_2020-12-15,0.7696476
WBA_TAP,2018-01-09_2020-12-30,0.78904724
WBA_TAP,2018-01-24_2021-01-14,0.8067703
WBA_TAP,2018-02-07_2021-01-29,0.8191891
WBA_TAP,2018-02-22_2021-02-12,0.8354645
WBA_TAP,2018-03-08_2021-03-01,0.85089684
WBA_TAP,2018-03-22_2021-03-15,0.8834038
WBA_TAP,2018-04-06_2021-03-29,0.90623665
WBA_TAP,2018-04-20_2021-04-13,0.93333435
WBA_TAP,2018-05-04_2021-04-27,0.94966125
WBA_TAP,2018-05-18_2021-05-11,0.9449806
WBA_TAP,2018-06-04_2021-05-25,0.9420357
WBA_TAP,2018-06-18_2021-06-09,0.93888855
WBA_TAP,2018-07-02_2021-06-23,0.94568634
WBA_TAP,2018-07-17_2021-07-08,0.9614296
WBA_TAP,2018-07-31_2021-07-22,0.9628639
WBA_TAP,2018-08-14_2021-08-05,0.97182083
WBA_TAP,2018-08-28_2021-08-19,0.9748421
WBA_TAP,2018-09-12_2021-09-02,0.9744644
WBA_TAP,2018-09-26_2021-09-17,0.96253204
WBA_TAP,2018-10-10_2021-10-01,0.9469528
WBA_TAP,2018-10-24_2021-10-15,0.9292984
WBA_TAP,2018-11-07_2021-10-29,0.90319824
WBA_TAP,2018-11-21_2021-11-12,0.8639488
WBA_TAP,2018-12-07_2021-11-29,0.81837463
WBA_TAP,2018-12-21_2021-12-13,0.7842064
WBA_TAP,2019-01-08_2021-12-28,0.7685814
WBA_TAP,2019-01-23_2022-01-11,0.7459259
WBA_TAP,2019-02-06_2022-01-26,0.7243576
WBA_TAP,2019-02-21_2022-02-09,0.69864655
WBA_TAP,2019-03-07_2022-02-24,0.677578
WBA_TAP,2019-03-21_2022-03-10,0.66869354
WBA_TAP,2019-04-04_2022-03-24,0.66012955
WBA_TAP,2019-04-18_2022-04-07,0.6642113
WBA_TAP,2019-05-03_2022-04-22,0.67168045
WBA_TAP,2019-05-17_2022-05-06,0.6705513
WBA_TAP,2019-06-03_2022-05-20,0.66387177
WBA_TAP,2019-06-17_2022-06-06,0.65621185
WBA_TAP,2019-07-01_2022-06-21,0.648159
WBA_TAP,2019-07-16_2022-07-06,0.6249771
