EC_APA,0.09948471150481747
EC_APA,0.062307510248626255
EC_APA,0.023475216927543514
EC_APA,0.019596999051663344
EC_APA,0.02779751753222577
EC_APA,0.011937248649143951
EC_APA,0.005798837384418503
EC_APA,0.0046549220424291216
EC_APA,0.001712594570557144
EC_APA,0.005129565809522668
EC_APA,0.01328707920310947
EC_APA,0.008866116925735096
EC_APA,0.03506350885737959
EC_APA,0.009364868027976874
EC_APA,0.022211017420690354
EC_APA,0.02042812424723946
EC_APA,0.033188654928775076
EC_APA,0.035556269657080884
EC_APA,0.034614239045472325
EC_APA,0.04490368318252705
EC_APA,0.014923215317467447
EC_APA,0.01865869486224513
EC_APA,0.013715940512638356
EC_APA,0.009672365458079518
EC_APA,0.0022518669640912425
EC_APA,0.004863613436815923
EC_APA,0.014677689899900532
EC_APA,0.018964942912189517
EC_APA,0.016842002972008992
EC_APA,0.011768530713954764
EC_APA,0.017616036391920855
EC_APA,0.02331910690592146
EC_APA,0.03401248481566825
EC_APA,0.059316963658729585
EC_APA,0.08065700536968495
EC_APA,0.0893018266673209
EC_APA,0.2109751345671993
EC_APA,0.3670176053229368
EC_APA,0.40337137393313427
EC_APA,0.39776288747817024
EC_APA,0.29399103023499595
EC_APA,0.28928537083687555
EC_APA,0.22252243682312056
EC_APA,0.21082977751358245
EC_APA,0.265917209880455
EC_APA,0.29036274382934
EC_APA,0.447765997873722
EC_APA,0.3009787688068174
EC_APA,0.7226722234250735
EC_APA,0.7113712410005351
EC_APA,0.8432984829218282
OXY_APA,0.13084576476087068
OXY_APA,0.12610223786199654
OXY_APA,0.04545750870248889
OXY_APA,0.07333557784857117
OXY_APA,0.055346402534402775
OXY_APA,0.014251362502350637
OXY_APA,0.02524347872346363
OXY_APA,0.022310452778624926
OXY_APA,0.01435249903261912
OXY_APA,0.0068677711129461
OXY_APA,0.0034930076727933243
OXY_APA,0.011392286623602489
OXY_APA,0.009871969850572726
OXY_APA,0.006811425347269754
OXY_APA,0.005973445058044063
OXY_APA,0.006677903826834913
OXY_APA,0.00879986263549151
OXY_APA,0.006786996865279795
OXY_APA,0.007446697060082869
OXY_APA,0.004866904523161029
OXY_APA,0.016698405319931085
OXY_APA,0.01841483923888248
OXY_APA,0.029398564506924792
OXY_APA,0.01574018383218314
OXY_APA,0.014002639089394524
OXY_APA,0.012860361711863047
OXY_APA,0.008352443588765987
OXY_APA,0.008255115228026855
OXY_APA,0.007579009919817225
OXY_APA,0.008026422586875928
OXY_APA,0.007155850580008451
OXY_APA,0.018855080624210305
OXY_APA,0.017463821238115965
OXY_APA,0.05758673903092954
OXY_APA,0.0323267990779182
OXY_APA,0.057558071953960115
OXY_APA,0.08195003760047309
OXY_APA,0.3244601781630235
OXY_APA,0.332335751452174
OXY_APA,0.26434552555393376
OXY_APA,0.22835242223970775
OXY_APA,0.22892345618568105
OXY_APA,0.09651146460491378
OXY_APA,0.2331576083552877
OXY_APA,0.26558992023660954
OXY_APA,0.21636895225928782
OXY_APA,0.166860241811497
OXY_APA,0.03397731645380008
OXY_APA,0.018484507386661176
OXY_APA,0.057003064450043946
OXY_APA,0.23539026421277842
VET_APA,0.02034215945144519
VET_APA,0.029421062189540877
VET_APA,0.027918433614324563
VET_APA,0.026298300095533463
VET_APA,0.017692524640333912
VET_APA,0.011026067274115925
VET_APA,0.009271125555642933
VET_APA,0.00906140291239013
VET_APA,0.010987908611965087
VET_APA,0.011560115407434192
VET_APA,0.013488451214932955
VET_APA,0.00808309709934091
VET_APA,0.005816425315696496
VET_APA,0.007564432247402338
VET_APA,0.018210680906728633
VET_APA,0.02122865146361728
VET_APA,0.011254679653702023
VET_APA,0.008863325583247011
VET_APA,0.011923056592397164
VET_APA,0.010977802792605774
VET_APA,0.03664643885087635
VET_APA,0.03955133775685013
VET_APA,0.04597278985684149
VET_APA,0.04661735544279349
VET_APA,0.05189942958444939
VET_APA,0.04914206926285559
VET_APA,0.043876795835181226
VET_APA,0.04462085091946434
VET_APA,0.05418745533779673
VET_APA,0.05236499194704054
VET_APA,0.020392249142527366
VET_APA,0.08024691814594864
VET_APA,0.11484419476595747
VET_APA,0.25629434749767355
VET_APA,0.128453375549766
VET_APA,0.13038317520414772
VET_APA,0.08586959995999893
VET_APA,0.15568803028290806
VET_APA,0.1636501514735682
VET_APA,0.19777899502565982
VET_APA,0.18436930675183855
VET_APA,0.14427037075303206
VET_APA,0.12432036494019166
VET_APA,0.1414244581239369
VET_APA,0.10640704414803004
VET_APA,0.11471717307413526
VET_APA,0.06669322895346337
VET_APA,0.01051633510941771
VET_APA,0.05092165440407681
VET_APA,0.05337027124478415
VET_APA,0.13671992499692337
BKR_AR,0.032128920348603686
BKR_AR,0.020464022103019442
BKR_AR,0.03082223916619969
BKR_AR,0.04842709777554109
BKR_AR,0.0688989117635237
BKR_AR,0.0836100240271585
BKR_AR,0.07152381115887603
BKR_AR,0.054819682415239344
BKR_AR,0.03959153623787414
BKR_AR,0.032274798977012104
BKR_AR,0.03479663999689389
BKR_AR,0.03307143893700935
BKR_AR,0.03721107157936245
BKR_AR,0.04193323576762253
BKR_AR,0.03807003915140356
BKR_AR,0.03929164027791324
BKR_AR,0.05154673985833471
BKR_AR,0.049926278467700085
BKR_AR,0.049880286952942055
BKR_AR,0.0528912295421758
BKR_AR,0.058721878196605924
BKR_AR,0.07068205827564382
BKR_AR,0.06348098462241117
BKR_AR,0.06745785239828894
BKR_AR,0.06475605074503384
BKR_AR,0.06827523349199095
BKR_AR,0.05882951330575922
BKR_AR,0.028914964783038254
BKR_AR,0.05734709374423362
BKR_AR,0.0582101607039517
BKR_AR,0.0597919482504098
BKR_AR,0.05661269408572461
BKR_AR,0.0558867671660955
BKR_AR,0.07310525986282183
BKR_AR,0.08118773045876315
BKR_AR,0.08351119412724878
BKR_AR,0.09302045826800387
BKR_AR,0.0845067912580883
BKR_AR,0.0759440108700574
BKR_AR,0.07248868639285211
BKR_AR,0.07422885038978791
BKR_AR,0.16956330987911677
BKR_AR,0.11928136319621613
BKR_AR,0.08270437659245422
BKR_AR,0.04892280057300895
BKR_AR,0.037102776491953655
BKR_AR,0.04013531014618494
BKR_AR,0.0620851668987445
BKR_AR,0.041309821225963134
BKR_AR,0.07018625674430329
BKR_AR,0.2540580049592837
CIVI_AR,0.01781543619481735
CIVI_AR,0.020694034259346957
CIVI_AR,0.04216861750294802
CIVI_AR,0.03928064367660017
CIVI_AR,0.03729823222401044
CIVI_AR,0.04206666005133321
CIVI_AR,0.039082014336878315
CIVI_AR,0.03986965547273968
CIVI_AR,0.05746966894558715
CIVI_AR,0.05259368707198387
CIVI_AR,0.0314570596721004
CIVI_AR,0.01434063333907334
CIVI_AR,0.022658210127300456
CIVI_AR,0.011627028869429313
CIVI_AR,0.010332298542713511
CIVI_AR,0.02873633500958015
CIVI_AR,0.028175081654976137
CIVI_AR,0.25091626473738743
CIVI_AR,0.27856095250045987
CIVI_AR,0.40522440744202426
CIVI_AR,0.7423896494933786
CIVI_AR,0.8697536833074334
CIVI_AR,0.9831704255771818
CIVI_AR,0.9712462038257034
CIVI_AR,0.9077458424854014
CIVI_AR,0.41379514228980185
CIVI_AR,0.2317802497800554
CIVI_AR,0.2423095665823406
CIVI_AR,0.12745068365763534
CIVI_AR,0.14048832260466743
CIVI_AR,0.08239466314454269
CIVI_AR,0.12547104524298053
CIVI_AR,0.06909302850519841
CIVI_AR,0.040660633265529815
CIVI_AR,0.06130515265223587
CIVI_AR,0.07736169308967275
CIVI_AR,0.024326216097874113
CIVI_AR,0.0158309150008639
CIVI_AR,0.019064699355219292
CIVI_AR,0.009371457435259438
CIVI_AR,0.008268075151284984
CIVI_AR,0.01786182035090146
CIVI_AR,0.042955739157267615
CIVI_AR,0.11079588001452018
CIVI_AR,0.13574671759810614
CIVI_AR,0.11390045562976214
CIVI_AR,0.19208448978111325
CIVI_AR,0.13545874118074952
CIVI_AR,0.19133145769352622
CIVI_AR,0.3739730312614577
CIVI_AR,0.6488870315220598
CNQ_AR,0.034743228213915345
CNQ_AR,0.025721534973487233
CNQ_AR,0.030208236656730527
CNQ_AR,0.04067421258714824
CNQ_AR,0.05260306997144548
CNQ_AR,0.049306313873270426
CNQ_AR,0.0572598173439478
CNQ_AR,0.053130044764869426
CNQ_AR,0.03443847208648929
CNQ_AR,0.030494855496753057
CNQ_AR,0.029130918043001313
CNQ_AR,0.03633041996251724
CNQ_AR,0.030499810646971916
CNQ_AR,0.028574881143477966
CNQ_AR,0.034370848563753637
CNQ_AR,0.05486029191822757
CNQ_AR,0.07714299678579502
CNQ_AR,0.09193358826216969
CNQ_AR,0.11114783463236683
CNQ_AR,0.14353640456614963
CNQ_AR,0.1719396845177123
CNQ_AR,0.2272888447536059
CNQ_AR,0.25757471715533387
CNQ_AR,0.29990307031943964
CNQ_AR,0.24217179398817645
CNQ_AR,0.17342419330270997
CNQ_AR,0.15737478168712055
CNQ_AR,0.18545411857680622
CNQ_AR,0.09404517461120443
CNQ_AR,0.08450381966281667
CNQ_AR,0.07916805970368596
CNQ_AR,0.04714942365770999
CNQ_AR,0.04130681091189737
CNQ_AR,0.031802354916809474
CNQ_AR,0.06253983771695747
CNQ_AR,0.03481223273074386
CNQ_AR,0.051457020174198904
CNQ_AR,0.1393190410248511
CNQ_AR,0.1542351583686346
CNQ_AR,0.2121284165058434
CNQ_AR,0.15586973118398356
CNQ_AR,0.13618956796817883
CNQ_AR,0.08146972774730665
CNQ_AR,0.07659865211753866
CNQ_AR,0.0745958811653396
CNQ_AR,0.08700654360763938
CNQ_AR,0.12927365615851755
CNQ_AR,0.20991783960202887
CNQ_AR,0.13574672070822835
CNQ_AR,0.19521837243980245
CNQ_AR,0.4401240068468255
MTDR_AR,0.013957579771091286
MTDR_AR,0.013144588698085033
MTDR_AR,0.022455315166033354
MTDR_AR,0.020863370666735874
MTDR_AR,0.021306916851951956
MTDR_AR,0.023408666525777166
MTDR_AR,0.03519068327972845
MTDR_AR,0.03927370727389333
MTDR_AR,0.038168873105865676
MTDR_AR,0.03363937956890651
MTDR_AR,0.03512811876212891
MTDR_AR,0.0390743272070134
MTDR_AR,0.0338340325622482
MTDR_AR,0.0312781137782441
MTDR_AR,0.033210215297655596
MTDR_AR,0.03484433480910133
MTDR_AR,0.05837327511346151
MTDR_AR,0.058394428538846105
MTDR_AR,0.11036342158849044
MTDR_AR,0.18545334947785846
MTDR_AR,0.15348778253387835
MTDR_AR,0.1559914749106942
MTDR_AR,0.3268466943601722
MTDR_AR,0.601959875999411
MTDR_AR,0.5046199511194409
MTDR_AR,0.30516326099764335
MTDR_AR,0.2048292029765682
MTDR_AR,0.2594888863057697
MTDR_AR,0.19372702062430586
MTDR_AR,0.22763984276979315
MTDR_AR,0.20795183946846485
MTDR_AR,0.16267733967881154
MTDR_AR,0.06432949687241425
MTDR_AR,0.09372463104483181
MTDR_AR,0.11359168056100677
MTDR_AR,0.07465713064899096
MTDR_AR,0.07828104368959464
MTDR_AR,0.07094371067928648
MTDR_AR,0.09630157761469271
MTDR_AR,0.09532579686359804
MTDR_AR,0.08701305456631853
MTDR_AR,0.10088188044431401
MTDR_AR,0.13593069532688123
MTDR_AR,0.1737619785072706
MTDR_AR,0.20998849979884265
MTDR_AR,0.2769817311618954
MTDR_AR,0.4729930354341756
MTDR_AR,0.19744347956552089
MTDR_AR,0.08842180857793797
MTDR_AR,0.1519210145803605
MTDR_AR,0.4043814986978277
CPG_BKR,0.11201024920806402
CPG_BKR,0.09002800407494027
CPG_BKR,0.1069964880876883
CPG_BKR,0.12524080666016552
CPG_BKR,0.10646188207405749
CPG_BKR,0.08991637917084327
CPG_BKR,0.11470469759773383
CPG_BKR,0.12696403459351252
CPG_BKR,0.14370595150800158
CPG_BKR,0.14277669072438665
CPG_BKR,0.07031118252628721
CPG_BKR,0.04970764392134171
CPG_BKR,0.010309243882266964
CPG_BKR,0.09042548457824706
CPG_BKR,0.0492786053588327
CPG_BKR,0.021637017957400768
CPG_BKR,0.008391730582803968
CPG_BKR,0.045816676617034986
CPG_BKR,0.02890063234438413
CPG_BKR,0.03453388436318462
CPG_BKR,0.015224799708845778
CPG_BKR,0.009495689797626602
CPG_BKR,0.0027153147517140217
CPG_BKR,0.01499346641459561
CPG_BKR,0.01283283811650541
CPG_BKR,0.016190662950417455
CPG_BKR,0.015603959425981561
CPG_BKR,0.01563039269134981
CPG_BKR,0.012360829575187391
CPG_BKR,0.011103793328334695
CPG_BKR,0.021109024151785866
CPG_BKR,0.019718490824427736
CPG_BKR,0.017056784830243178
CPG_BKR,0.018279152125397456
CPG_BKR,0.0222288328471818
CPG_BKR,0.031666974268365906
CPG_BKR,0.03800190165571873
CPG_BKR,0.0750559566926499
CPG_BKR,0.029456042468215978
CPG_BKR,0.007414384511355564
CPG_BKR,0.02285417155600851
CPG_BKR,0.008857783951619081
CPG_BKR,0.00626845763557773
CPG_BKR,0.014373070395407542
CPG_BKR,0.005757786144958953
CPG_BKR,0.004890788644690111
CPG_BKR,0.004818340688971613
CPG_BKR,0.04536693800979185
CPG_BKR,0.0048622928439639775
CPG_BKR,0.017761869041775718
CPG_BKR,0.16487621113548456
DVN_BKR,0.01588132509130593
DVN_BKR,0.0014547880275078947
DVN_BKR,0.002245675303656361
DVN_BKR,0.0036620922406440434
DVN_BKR,0.007542224487071096
DVN_BKR,0.009640401918020203
DVN_BKR,0.011296849135755955
DVN_BKR,0.012142508494976736
DVN_BKR,0.013935586678498726
DVN_BKR,0.032290075603748435
DVN_BKR,0.03307099167671702
DVN_BKR,0.030208806076751762
DVN_BKR,0.04938746415349934
DVN_BKR,0.06269707947562075
DVN_BKR,0.09836350729136395
DVN_BKR,0.12256794838272744
DVN_BKR,0.04062718130457408
DVN_BKR,0.030835218202428977
DVN_BKR,0.030584523303061852
DVN_BKR,0.0427966745850236
DVN_BKR,0.03661314673482502
DVN_BKR,0.034861491392991904
DVN_BKR,0.024121231754576502
DVN_BKR,0.04174524605431744
DVN_BKR,0.048563478866530105
DVN_BKR,0.07911864831073706
DVN_BKR,0.06614441951250574
DVN_BKR,0.11046953290443928
DVN_BKR,0.10952639421236238
DVN_BKR,0.08645705396295383
DVN_BKR,0.35372296506812984
DVN_BKR,0.24274896236446564
DVN_BKR,0.3025869797634095
DVN_BKR,0.6796790714119587
DVN_BKR,0.7072543488925428
DVN_BKR,0.5833571744707637
DVN_BKR,0.8314964105432906
DVN_BKR,0.8339250648280851
DVN_BKR,0.7720490004922693
DVN_BKR,0.5745211957738371
DVN_BKR,0.734380562678713
DVN_BKR,0.08240122058669164
DVN_BKR,0.13072506818636642
DVN_BKR,0.15651806446908123
DVN_BKR,0.16759430456338387
DVN_BKR,0.18991881643702008
DVN_BKR,0.07781931094317675
DVN_BKR,0.11161894979199499
DVN_BKR,0.07389400604809981
DVN_BKR,0.09957544757435072
DVN_BKR,0.3319630619508198
GLNG_BKR,0.12560813920479613
GLNG_BKR,0.040097290575900384
GLNG_BKR,0.04781328173626808
GLNG_BKR,0.06168295142433228
GLNG_BKR,0.05171974821908949
GLNG_BKR,0.055481720880946106
GLNG_BKR,0.07434411146164843
GLNG_BKR,0.07006088542931624
GLNG_BKR,0.0769611712830378
GLNG_BKR,0.10642001729339279
GLNG_BKR,0.09966415454223171
GLNG_BKR,0.0788567218025058
GLNG_BKR,0.09182905313745016
GLNG_BKR,0.06728388783098438
GLNG_BKR,0.16872700022006687
GLNG_BKR,0.2465902164618367
GLNG_BKR,0.24360696504879992
GLNG_BKR,0.18898222581815094
GLNG_BKR,0.1489725639607396
GLNG_BKR,0.22434148046414343
GLNG_BKR,0.3705792995702887
GLNG_BKR,0.3246629488279459
GLNG_BKR,0.3635372304604094
GLNG_BKR,0.34940670653880446
GLNG_BKR,0.4013131074627064
GLNG_BKR,0.3757930210842906
GLNG_BKR,0.3806429916479891
GLNG_BKR,0.40540069713557186
GLNG_BKR,0.42186998875040194
GLNG_BKR,0.35816127715689094
GLNG_BKR,0.09245177170022556
GLNG_BKR,0.09039163456026694
GLNG_BKR,0.017965170758503485
GLNG_BKR,0.03784325746317384
GLNG_BKR,0.0351637908492116
GLNG_BKR,0.07895275833661014
GLNG_BKR,0.09592646410495442
GLNG_BKR,0.10404566531063197
GLNG_BKR,0.1282763532005317
GLNG_BKR,0.11387927170482004
GLNG_BKR,0.06763515907825284
GLNG_BKR,0.034798063213811965
GLNG_BKR,0.024072919383986143
GLNG_BKR,0.00710996916182278
GLNG_BKR,0.022886389859967462
GLNG_BKR,0.04916486181174437
GLNG_BKR,0.01831621278231206
GLNG_BKR,0.008805550945350406
GLNG_BKR,0.06958285916599055
GLNG_BKR,0.20919481984498928
GLNG_BKR,0.5308017004070581
MPC_BKR,0.04788911752814591
MPC_BKR,0.0064508252857226256
MPC_BKR,0.0048069319005085084
MPC_BKR,0.009372016638459312
MPC_BKR,0.026672465611176043
MPC_BKR,0.01633811491919898
MPC_BKR,0.03979680178267699
MPC_BKR,0.03457870600629428
MPC_BKR,0.02468181491153931
MPC_BKR,0.009890977372635853
MPC_BKR,0.046794297196999075
MPC_BKR,0.08048369336891709
MPC_BKR,0.09506710189157969
MPC_BKR,0.05012515623649532
MPC_BKR,0.048532873103597586
MPC_BKR,0.04033607139995589
MPC_BKR,0.03655237753278874
MPC_BKR,0.035480823201428306
MPC_BKR,0.053263646170738095
MPC_BKR,0.08060380186825555
MPC_BKR,0.0354446634878604
MPC_BKR,0.023356230598917886
MPC_BKR,0.02949292638230145
MPC_BKR,0.03606497805501418
MPC_BKR,0.029336655540945302
MPC_BKR,0.03384597073787807
MPC_BKR,0.04756035103314534
MPC_BKR,0.04365632558556894
MPC_BKR,0.0416438890514209
MPC_BKR,0.03873977246143838
MPC_BKR,0.03571390660933353
MPC_BKR,0.024290119662388268
MPC_BKR,0.01948423699429751
MPC_BKR,0.0353145909758398
MPC_BKR,0.03393141849045353
MPC_BKR,0.029518469133841055
MPC_BKR,0.04818586789715799
MPC_BKR,0.08049526540761931
MPC_BKR,0.055271792092847195
MPC_BKR,0.06510555994378468
MPC_BKR,0.05112737021945765
MPC_BKR,0.023843754877629193
MPC_BKR,0.025712327077519994
MPC_BKR,0.01583193792376327
MPC_BKR,0.004654416224591079
MPC_BKR,0.0033134838760677326
MPC_BKR,0.0012741514283914188
MPC_BKR,0.02439913500070229
MPC_BKR,0.007093781106668929
MPC_BKR,0.00945234538684821
MPC_BKR,0.18193431433164753
OVV_BKR,0.03702095998599032
OVV_BKR,0.01411496793946267
OVV_BKR,0.026720353884421507
OVV_BKR,0.053108535302407035
OVV_BKR,0.07906182613368451
OVV_BKR,0.10361280290434327
OVV_BKR,0.09495378567369167
OVV_BKR,0.079014573766576
OVV_BKR,0.051460422064285846
OVV_BKR,0.09156161920802591
OVV_BKR,0.06662457023978803
OVV_BKR,0.05254551233887635
OVV_BKR,0.0806391986738258
OVV_BKR,0.09654849403386673
OVV_BKR,0.07265500147809514
OVV_BKR,0.10937419818172234
OVV_BKR,0.12880438558728785
OVV_BKR,0.10137461449669061
OVV_BKR,0.09276792259674305
OVV_BKR,0.09935304285928387
OVV_BKR,0.10370830200036851
OVV_BKR,0.09600376383435705
OVV_BKR,0.056061114682172
OVV_BKR,0.028493642474260696
OVV_BKR,0.03216632000940523
OVV_BKR,0.03646924736850689
OVV_BKR,0.02138109748764262
OVV_BKR,0.015808273133456945
OVV_BKR,0.01584355821069761
OVV_BKR,0.002967104643307389
OVV_BKR,0.008935547045134735
OVV_BKR,0.01625421703507997
OVV_BKR,0.02269090823465263
OVV_BKR,0.03561161916899636
OVV_BKR,0.031249934199904673
OVV_BKR,0.01299008661982059
OVV_BKR,0.049424881759616124
OVV_BKR,0.0434118489777899
OVV_BKR,0.03318755185833025
OVV_BKR,0.03538774874435312
OVV_BKR,0.0307407621592582
OVV_BKR,0.015893566143444535
OVV_BKR,0.007020571791828902
OVV_BKR,0.01069545620419793
OVV_BKR,0.022712807879117246
OVV_BKR,0.026593854356951267
OVV_BKR,0.037996736224755724
OVV_BKR,0.06151762261428477
OVV_BKR,0.03676023971775226
OVV_BKR,0.05304079096811937
OVV_BKR,0.19352062075047105
PDCE_BKR,0.007820520746496298
PDCE_BKR,0.0017071331713850123
PDCE_BKR,0.0032645592997221835
PDCE_BKR,0.00624752711631796
PDCE_BKR,0.009262874538003892
PDCE_BKR,0.0063435123794475514
PDCE_BKR,0.005510040650409137
PDCE_BKR,0.005151045007516125
PDCE_BKR,0.005391257347521817
PDCE_BKR,0.0042707515040691065
PDCE_BKR,0.008194040484377682
PDCE_BKR,0.0063756626881996525
PDCE_BKR,0.007506584067682937
PDCE_BKR,0.008060857651117744
PDCE_BKR,0.017149664297066488
PDCE_BKR,0.024799024838111857
PDCE_BKR,0.025295222844079573
PDCE_BKR,0.03198182104346598
PDCE_BKR,0.044946608033757475
PDCE_BKR,0.047766937444881384
PDCE_BKR,0.014835828586723174
PDCE_BKR,0.020779511857749
PDCE_BKR,0.01296213159209005
PDCE_BKR,0.04290393813455648
PDCE_BKR,0.10338971255577667
PDCE_BKR,0.1910408112060299
PDCE_BKR,0.09013837903921212
PDCE_BKR,0.11298020887609755
PDCE_BKR,0.11971557129166699
PDCE_BKR,0.092483979532969
PDCE_BKR,0.06225636297143808
PDCE_BKR,0.07280125814990784
PDCE_BKR,0.11849080226725894
PDCE_BKR,0.2953811235742249
PDCE_BKR,0.13013051479035315
PDCE_BKR,0.12300316666112837
PDCE_BKR,0.1736696119136843
PDCE_BKR,0.14866548540818558
PDCE_BKR,0.1737489365952694
PDCE_BKR,0.09994776608297573
PDCE_BKR,0.14275745709722915
PDCE_BKR,0.06276788600801472
PDCE_BKR,0.0652157257383483
PDCE_BKR,0.07969986571890098
PDCE_BKR,0.06718777620892988
PDCE_BKR,0.052847976941412286
PDCE_BKR,0.053282933934454414
PDCE_BKR,0.0698574552900407
PDCE_BKR,0.05874743995778519
PDCE_BKR,0.09022862604767623
PDCE_BKR,0.20373026632945035
PXD_BKR,0.01237120991472999
PXD_BKR,0.0007730006474696249
PXD_BKR,0.0015198935646064077
PXD_BKR,0.0009971827440542562
PXD_BKR,0.0014762293058873676
PXD_BKR,0.0020511282734436615
PXD_BKR,0.0019443762093415715
PXD_BKR,0.0017675038128584432
PXD_BKR,0.0034083845883862668
PXD_BKR,0.0020469550699969818
PXD_BKR,0.005457836441475225
PXD_BKR,0.0069452094482284335
PXD_BKR,0.0022445129540553765
PXD_BKR,0.007217134199483415
PXD_BKR,0.005712046248050342
PXD_BKR,0.004555179383243262
PXD_BKR,0.008660616395928909
PXD_BKR,0.017608268766921523
PXD_BKR,0.032636967007535204
PXD_BKR,0.09176699233367425
PXD_BKR,0.011483109073952495
PXD_BKR,0.010222785181480147
PXD_BKR,0.015391541269412523
PXD_BKR,0.02728407604042067
PXD_BKR,0.023097915101201436
PXD_BKR,0.01805614060407248
PXD_BKR,0.02376054113268886
PXD_BKR,0.01348722445523862
PXD_BKR,0.014601076698567325
PXD_BKR,0.008767907679473002
PXD_BKR,0.018843430788933038
PXD_BKR,0.015981242135677403
PXD_BKR,0.014377258282202482
PXD_BKR,0.02214278687098623
PXD_BKR,0.04709725650246976
PXD_BKR,0.04488841656287758
PXD_BKR,0.07826319879452463
PXD_BKR,0.12702005524636384
PXD_BKR,0.08050829218827671
PXD_BKR,0.05085642305103542
PXD_BKR,0.14186609305976505
PXD_BKR,0.016285314650257777
PXD_BKR,0.02221111742746476
PXD_BKR,0.02904898034288745
PXD_BKR,0.030322817870006655
PXD_BKR,0.04121765979253701
PXD_BKR,0.01659053889495323
PXD_BKR,0.021238894110662154
PXD_BKR,0.013237647641192387
PXD_BKR,0.024739003002096794
PXD_BKR,0.07317848150739367
TRGP_BKR,0.11752795245898684
TRGP_BKR,0.08699953621837825
TRGP_BKR,0.07356388010417764
TRGP_BKR,0.0985135672555732
TRGP_BKR,0.08469832759667545
TRGP_BKR,0.05666304457267962
TRGP_BKR,0.07494175773020888
TRGP_BKR,0.10919752560503598
TRGP_BKR,0.0921363486903018
TRGP_BKR,0.06109706810715008
TRGP_BKR,0.0847597103592172
TRGP_BKR,0.14719413617895705
TRGP_BKR,0.13733194706741852
TRGP_BKR,0.09528710395762668
TRGP_BKR,0.12393725962848418
TRGP_BKR,0.12378755282961584
TRGP_BKR,0.06503836295693295
TRGP_BKR,0.03865426810007635
TRGP_BKR,0.027654001700148787
TRGP_BKR,0.03642192942479656
TRGP_BKR,0.03376615300683656
TRGP_BKR,0.020872359146508958
TRGP_BKR,0.05129083498674536
TRGP_BKR,0.02306474939479854
TRGP_BKR,0.03971834034290469
TRGP_BKR,0.04584304482426791
TRGP_BKR,0.05407539179312495
TRGP_BKR,0.033755967993160114
TRGP_BKR,0.04052117614612075
TRGP_BKR,0.04299610945443523
TRGP_BKR,0.05672677077022369
TRGP_BKR,0.05631647361158264
TRGP_BKR,0.05867757854580481
TRGP_BKR,0.14668759839469347
TRGP_BKR,0.16281731453389992
TRGP_BKR,0.1522251157265091
TRGP_BKR,0.1620823436578509
TRGP_BKR,0.13294116764948427
TRGP_BKR,0.1022209242525482
TRGP_BKR,0.06683406965933907
TRGP_BKR,0.05714622915843713
TRGP_BKR,0.02899400720268377
TRGP_BKR,0.05453810027202319
TRGP_BKR,0.05246980929709827
TRGP_BKR,0.03854316594108229
TRGP_BKR,0.02748489708233919
TRGP_BKR,0.022836897574753965
TRGP_BKR,0.029206961653337582
TRGP_BKR,0.01757281143068908
TRGP_BKR,0.02206329178909966
TRGP_BKR,0.05132332438246931
WMB_BKR,0.06440830470266398
WMB_BKR,0.06342673583365079
WMB_BKR,0.06424869521670801
WMB_BKR,0.07407053319401147
WMB_BKR,0.06394489025676033
WMB_BKR,0.056399572170550916
WMB_BKR,0.05451958426013692
WMB_BKR,0.051022718737750085
WMB_BKR,0.051566682709787086
WMB_BKR,0.04992709998377228
WMB_BKR,0.038099470451778646
WMB_BKR,0.05240737493542786
WMB_BKR,0.05808572135706449
WMB_BKR,0.06094608680335157
WMB_BKR,0.07464743715045061
WMB_BKR,0.06327583384837888
WMB_BKR,0.043882525073263894
WMB_BKR,0.04996595018710921
WMB_BKR,0.09556378000007548
WMB_BKR,0.07937007938352147
WMB_BKR,0.13837855895394974
WMB_BKR,0.16113818158779947
WMB_BKR,0.4085702932077878
WMB_BKR,0.4954241533855534
WMB_BKR,0.5594250904994885
WMB_BKR,0.517303779531346
WMB_BKR,0.36673212137530986
WMB_BKR,0.1845556262043314
WMB_BKR,0.16494761509771572
WMB_BKR,0.1159799516780552
WMB_BKR,0.2616138005219849
WMB_BKR,0.3565773614478872
WMB_BKR,0.3478355956956466
WMB_BKR,0.30599519016219723
WMB_BKR,0.352921659345138
WMB_BKR,0.31874606993047105
WMB_BKR,0.28624064783774616
WMB_BKR,0.31559504264317456
WMB_BKR,0.2981894658391181
WMB_BKR,0.25528693898551785
WMB_BKR,0.2567715115029905
WMB_BKR,0.1135489819671231
WMB_BKR,0.1307190485046747
WMB_BKR,0.12307165995048924
WMB_BKR,0.09941705289926434
WMB_BKR,0.08407938595556613
WMB_BKR,0.05318013932442277
WMB_BKR,0.05416372089245671
WMB_BKR,0.035600525547375146
WMB_BKR,0.04580788453401063
WMB_BKR,0.13679605539088036
EC_BP,0.27121270032963396
EC_BP,0.10493959053427393
EC_BP,0.056584510498946576
EC_BP,0.029206208359621965
EC_BP,0.031226333681004307
EC_BP,0.021462633795783597
EC_BP,0.0063666016929036905
EC_BP,0.0044343121821382725
EC_BP,0.0058500732701188135
EC_BP,0.023850485423280908
EC_BP,0.10137739183552824
EC_BP,0.05458513730472159
EC_BP,0.06446287654256734
EC_BP,0.04451528570038684
EC_BP,0.054201715936851795
EC_BP,0.04821996388584679
EC_BP,0.06139516647461589
EC_BP,0.06474713377912675
EC_BP,0.0745689135992172
EC_BP,0.07268587253487149
EC_BP,0.07166133351820057
EC_BP,0.08153001441918739
EC_BP,0.07141658806659794
EC_BP,0.05981274090726342
EC_BP,0.0577896063019188
EC_BP,0.04308964824133041
EC_BP,0.010141327822430617
EC_BP,0.0027570799340847366
EC_BP,0.00212694587347217
EC_BP,0.0007359368957440852
EC_BP,0.0022364312074984512
EC_BP,0.02524774752991425
EC_BP,0.02403375364417035
EC_BP,0.026969272358163467
EC_BP,0.02350787115080128
EC_BP,0.02157764310050253
EC_BP,0.02152531952579931
EC_BP,0.0295502504951809
EC_BP,0.027975027057926326
EC_BP,0.03020779184493864
EC_BP,0.019858323290718106
EC_BP,0.03580816307395645
EC_BP,0.08815630106123684
EC_BP,0.1337403771519181
EC_BP,0.04278077191318373
EC_BP,0.016843662500495835
EC_BP,0.008599250726588039
EC_BP,0.020079910021994565
EC_BP,0.07428737288209779
EC_BP,0.06302339070016129
EC_BP,0.1906325336154932
EC_CDEV,0.11515244087235854
EC_CDEV,0.09243916580130712
EC_CDEV,0.06638373007607705
EC_CDEV,0.052652817737280866
EC_CDEV,0.06353404605547414
EC_CDEV,0.051044670883219956
EC_CDEV,0.0250889084774883
EC_CDEV,0.026019599476392614
EC_CDEV,0.014873942682364218
EC_CDEV,0.038717020225359944
EC_CDEV,0.06593623254643623
EC_CDEV,0.02506596921745429
EC_CDEV,0.03718041435714678
EC_CDEV,0.020694699611844534
EC_CDEV,0.03441288339120561
EC_CDEV,0.046818864496734273
EC_CDEV,0.05305668486765322
EC_CDEV,0.05269211171259929
EC_CDEV,0.05721701714962464
EC_CDEV,0.06454248912763476
EC_CDEV,0.045970468820721255
EC_CDEV,0.07029319975164636
EC_CDEV,0.052395465678460984
EC_CDEV,0.04550006620694177
EC_CDEV,0.04079392967584051
EC_CDEV,0.052537324348572
EC_CDEV,0.06658578595337321
EC_CDEV,0.0641545497906751
EC_CDEV,0.0658668295705567
EC_CDEV,0.06874207952343106
EC_CDEV,0.07568274413412836
EC_CDEV,0.06554070624180204
EC_CDEV,0.06560944548218539
EC_CDEV,0.0523274688488889
EC_CDEV,0.05564895616919279
EC_CDEV,0.042379669770344894
EC_CDEV,0.048586767731785586
EC_CDEV,0.05736644441670041
EC_CDEV,0.09504227680020577
EC_CDEV,0.10400453274165056
EC_CDEV,0.09206532475566548
EC_CDEV,0.12411280029557792
EC_CDEV,0.1500208423475784
EC_CDEV,0.14784427478666518
EC_CDEV,0.1162909773791323
EC_CDEV,0.1218406751269297
EC_CDEV,0.11622355176148319
EC_CDEV,0.11272434227075939
EC_CDEV,0.21521482597948793
EC_CDEV,0.21711484994607883
EC_CDEV,0.3631494565809879
ENLC_CDEV,0.07250933613384226
ENLC_CDEV,0.05465286263044462
ENLC_CDEV,0.06279553124288073
ENLC_CDEV,0.06923866861642618
ENLC_CDEV,0.07156084640117769
ENLC_CDEV,0.06571452521698624
ENLC_CDEV,0.06561768450993168
ENLC_CDEV,0.09151226665525775
ENLC_CDEV,0.06845370162913232
ENLC_CDEV,0.08304751585299586
ENLC_CDEV,0.0804974382263618
ENLC_CDEV,0.08210692007019765
ENLC_CDEV,0.08813314372469877
ENLC_CDEV,0.09539867264481527
ENLC_CDEV,0.07403974223285593
ENLC_CDEV,0.11084570769113428
ENLC_CDEV,0.08446237948099278
ENLC_CDEV,0.11358995821965112
ENLC_CDEV,0.11856698230472079
ENLC_CDEV,0.1324530250423644
ENLC_CDEV,0.1605391012364346
ENLC_CDEV,0.11165369405913395
ENLC_CDEV,0.1337438164642441
ENLC_CDEV,0.09396286164095385
ENLC_CDEV,0.09687913694433614
ENLC_CDEV,0.12702574725443477
ENLC_CDEV,0.13185874406266396
ENLC_CDEV,0.15144325033241363
ENLC_CDEV,0.16247040790800565
ENLC_CDEV,0.12874677021380354
ENLC_CDEV,0.03617957920380075
ENLC_CDEV,0.15467785652535376
ENLC_CDEV,0.06792145180617984
ENLC_CDEV,0.060061558328393556
ENLC_CDEV,0.023543940178231994
ENLC_CDEV,0.0023736332910569225
ENLC_CDEV,0.0013311226977735585
ENLC_CDEV,0.00021203701706207237
ENLC_CDEV,0.029334479550972827
ENLC_CDEV,0.06962246142292126
ENLC_CDEV,0.07120063956857367
ENLC_CDEV,0.11039882415528945
ENLC_CDEV,0.15435538583774877
ENLC_CDEV,0.06472851139557387
ENLC_CDEV,0.37642366429919755
ENLC_CDEV,0.686077793123051
ENLC_CDEV,0.8525867891250856
ENLC_CDEV,0.4478213483365794
ENLC_CDEV,0.19421190695388907
ENLC_CDEV,0.47285018929885925
ENLC_CDEV,0.6270870174404386
MPC_CDEV,0.06456691269612658
MPC_CDEV,0.04715160020437393
MPC_CDEV,0.0470559745567708
MPC_CDEV,0.04370451371625485
MPC_CDEV,0.05911399574502426
MPC_CDEV,0.05214197959423933
MPC_CDEV,0.051775749364554806
MPC_CDEV,0.04361975369191768
MPC_CDEV,0.024948388195213354
MPC_CDEV,0.032929808212734626
MPC_CDEV,0.029541020198526627
MPC_CDEV,0.018801210177801068
MPC_CDEV,0.019820819604669797
MPC_CDEV,0.02950874183894253
MPC_CDEV,0.04194773557004911
MPC_CDEV,0.05241293255335944
MPC_CDEV,0.06398650659233134
MPC_CDEV,0.050977863862328096
MPC_CDEV,0.059306640063155315
MPC_CDEV,0.07604070957968603
MPC_CDEV,0.09898320787423714
MPC_CDEV,0.10352598808175079
MPC_CDEV,0.1113721675115647
MPC_CDEV,0.12205481839888538
MPC_CDEV,0.08737803405604111
MPC_CDEV,0.09260587479145888
MPC_CDEV,0.14088222085942792
MPC_CDEV,0.144120660104968
MPC_CDEV,0.16198993937758238
MPC_CDEV,0.14398158692607765
MPC_CDEV,0.1745453828056603
MPC_CDEV,0.254959573567367
MPC_CDEV,0.16269105527865235
MPC_CDEV,0.2051211154397823
MPC_CDEV,0.15168358279560917
MPC_CDEV,0.15405299718019116
MPC_CDEV,0.15244054482816166
MPC_CDEV,0.20849363148370437
MPC_CDEV,0.2067746663857109
MPC_CDEV,0.34328805440220994
MPC_CDEV,0.18099922685352254
MPC_CDEV,0.12337607894104974
MPC_CDEV,0.15569766652332967
MPC_CDEV,0.011483114166258657
MPC_CDEV,0.038549503408273844
MPC_CDEV,0.12597353367612785
MPC_CDEV,0.2103915651699182
MPC_CDEV,0.3705365123412184
MPC_CDEV,0.0900193801306356
MPC_CDEV,0.12319485617471015
MPC_CDEV,0.11116625700508481
EURN_CLNE,0.1388986199300854
EURN_CLNE,0.1932077498346727
EURN_CLNE,0.18924075010682756
EURN_CLNE,0.17267066961707234
EURN_CLNE,0.15615090887551253
EURN_CLNE,0.16425451967831062
EURN_CLNE,0.13144742214278238
EURN_CLNE,0.09161815309985877
EURN_CLNE,0.11322311845693256
EURN_CLNE,0.1094220025551913
EURN_CLNE,0.10932184664705924
EURN_CLNE,0.08142654105217384
EURN_CLNE,0.08941729175978613
EURN_CLNE,0.0964327687492244
EURN_CLNE,0.08616017232939283
EURN_CLNE,0.07938956909213252
EURN_CLNE,0.08870244420061973
EURN_CLNE,0.06973113315518654
EURN_CLNE,0.07133374173659064
EURN_CLNE,0.08922276340505814
EURN_CLNE,0.10718720771714463
EURN_CLNE,0.10244294844403334
EURN_CLNE,0.07909874493013702
EURN_CLNE,0.06958774647153357
EURN_CLNE,0.047032987723286325
EURN_CLNE,0.06160854927075194
EURN_CLNE,0.041752445084956125
EURN_CLNE,0.04772471029939338
EURN_CLNE,0.05210245224162596
EURN_CLNE,0.04919588349305133
EURN_CLNE,0.06064428544480453
EURN_CLNE,0.08060651764379351
EURN_CLNE,0.05238613331550045
EURN_CLNE,0.01634785613217851
EURN_CLNE,0.011861541602076262
EURN_CLNE,0.007328087974677307
EURN_CLNE,0.0061041275593752015
EURN_CLNE,0.006632620713672294
EURN_CLNE,0.003559003027969414
EURN_CLNE,0.005309066088307596
EURN_CLNE,0.02014786817515766
EURN_CLNE,0.011770404903385405
EURN_CLNE,0.00826310925462934
EURN_CLNE,0.2940458117052508
EURN_CLNE,0.11353478898806496
EURN_CLNE,0.05461806437742041
EURN_CLNE,0.2514672393494771
EURN_CLNE,0.5793223222648743
EURN_CLNE,0.33583219762180433
EURN_CLNE,0.12511606803389835
EURN_CLNE,0.4493128054165201
EOG_CLR,0.013537799927207198
EOG_CLR,0.007225321716143847
EOG_CLR,0.012219771508792858
EOG_CLR,0.004469055927034612
EOG_CLR,0.00838103002690364
EOG_CLR,0.011659306082375078
EOG_CLR,0.03750131244028521
EOG_CLR,0.05405373991156275
EOG_CLR,0.025234539233143328
EOG_CLR,0.019862426296552785
EOG_CLR,0.016244071477826902
EOG_CLR,0.018276189143638093
EOG_CLR,0.014098965881918718
EOG_CLR,0.01629098300777222
EOG_CLR,0.015497075156358163
EOG_CLR,0.011467252319669092
EOG_CLR,0.015383461979972259
EOG_CLR,0.011272574913227515
EOG_CLR,0.023657600564644315
EOG_CLR,0.017035719488597587
EOG_CLR,0.03869773960665292
EOG_CLR,0.07216676425467482
EOG_CLR,0.09675515437159343
EOG_CLR,0.09091607588334616
EOG_CLR,0.05873739682247309
EOG_CLR,0.028654344330304143
EOG_CLR,0.07078401474609552
EOG_CLR,0.08732130817009015
EOG_CLR,0.21842167246101296
EOG_CLR,0.2563597530007622
EOG_CLR,0.3534975683159706
EOG_CLR,0.2953939383324704
EOG_CLR,0.1427938574955499
EOG_CLR,0.10847781814379881
EOG_CLR,0.12116274740922339
EOG_CLR,0.12023630974131899
EOG_CLR,0.10823656562844436
EOG_CLR,0.12759762425008786
EOG_CLR,0.1805653031707058
EOG_CLR,0.142806202377674
EOG_CLR,0.2293636174695613
EOG_CLR,0.18991606673291628
EOG_CLR,0.14653988818128977
EOG_CLR,0.1900418157967274
EOG_CLR,0.1487264519910405
EOG_CLR,0.24353805497836584
EOG_CLR,0.26962943476676376
EOG_CLR,0.30466958753313855
EOG_CLR,0.08852836786075269
EOG_CLR,0.08992260682999031
EOG_CLR,0.05599719505533472
MUR_CLR,0.029452786246041203
MUR_CLR,0.023905627317593776
MUR_CLR,0.024585487175597515
MUR_CLR,0.032301023616933454
MUR_CLR,0.04527365451107078
MUR_CLR,0.0469376970761786
MUR_CLR,0.05802353087609496
MUR_CLR,0.0845272955708774
MUR_CLR,0.06927941178579157
MUR_CLR,0.05392585834044204
MUR_CLR,0.048801738485829006
MUR_CLR,0.05562194639180059
MUR_CLR,0.051031667106463834
MUR_CLR,0.04837038613224573
MUR_CLR,0.023328888833916362
MUR_CLR,0.028040676943430726
MUR_CLR,0.02220818072432962
MUR_CLR,0.009920677178016151
MUR_CLR,0.012978957052636882
MUR_CLR,0.024370214941247813
MUR_CLR,0.031081092382850783
MUR_CLR,0.02672598528289629
MUR_CLR,0.021640950177624102
MUR_CLR,0.021872528053900674
MUR_CLR,0.007849317136395004
MUR_CLR,0.0046848967085502445
MUR_CLR,0.004861756451953247
MUR_CLR,0.0004621751231073861
MUR_CLR,0.0068241771721883155
MUR_CLR,0.004164833639297623
MUR_CLR,0.003806919230126636
MUR_CLR,0.004640079016017263
MUR_CLR,0.0032520428698803797
MUR_CLR,0.0029707820004062813
MUR_CLR,0.00304679608966907
MUR_CLR,0.002152060889979404
MUR_CLR,0.0018697736800794259
MUR_CLR,0.006097100832205035
MUR_CLR,0.006186019115121105
MUR_CLR,0.007863123435412048
MUR_CLR,0.01230035060986785
MUR_CLR,0.02027930302475776
MUR_CLR,0.02261969902471101
MUR_CLR,0.053475527627099735
MUR_CLR,0.05125801270538045
MUR_CLR,0.010216188618462341
MUR_CLR,0.00821116020503511
MUR_CLR,0.008688858430492372
MUR_CLR,0.0638036726530081
MUR_CLR,0.09907258938927466
MUR_CLR,0.029580389051573366
EC_CPE,0.10334354174207744
EC_CPE,0.07601899404430874
EC_CPE,0.04566014012745534
EC_CPE,0.036887903126853555
EC_CPE,0.04834709926506853
EC_CPE,0.03833589121435184
EC_CPE,0.018544525310098443
EC_CPE,0.019171811614387715
EC_CPE,0.008295287315545768
EC_CPE,0.022107030198098787
EC_CPE,0.057698311832947775
EC_CPE,0.027746094695635996
EC_CPE,0.042716318571880636
EC_CPE,0.012655220416502045
EC_CPE,0.021769142953770637
EC_CPE,0.02002552679739071
EC_CPE,0.022679915905898653
EC_CPE,0.01715411426639324
EC_CPE,0.020625727566358536
EC_CPE,0.041569728899657286
EC_CPE,0.0179603932854746
EC_CPE,0.03587583995035082
EC_CPE,0.023522745709001834
EC_CPE,0.027362968553834695
EC_CPE,0.021795474570270684
EC_CPE,0.029323037732355534
EC_CPE,0.04268641380446074
EC_CPE,0.038931654105377994
EC_CPE,0.042489677258953466
EC_CPE,0.03575042100176096
EC_CPE,0.05060605569219067
EC_CPE,0.04685178603013009
EC_CPE,0.049388313322248405
EC_CPE,0.04955197371138588
EC_CPE,0.04555402085032063
EC_CPE,0.04551943205203627
EC_CPE,0.050694992533461
EC_CPE,0.07480745784109893
EC_CPE,0.06644309189385583
EC_CPE,0.07232010122336137
EC_CPE,0.06795980979429508
EC_CPE,0.09226099466096083
EC_CPE,0.11565269472420814
EC_CPE,0.14498524971103516
EC_CPE,0.08989521978104664
EC_CPE,0.09659549462813882
EC_CPE,0.08569349304458979
EC_CPE,0.10336723281925153
EC_CPE,0.17767915395659867
EC_CPE,0.17869342854591452
EC_CPE,0.3283788952871942
ERF_CPE,0.08828400125594554
ERF_CPE,0.06140898787092205
ERF_CPE,0.05091980698730994
ERF_CPE,0.0366562953599869
ERF_CPE,0.047493795770760634
ERF_CPE,0.04373188457461488
ERF_CPE,0.016717659310605162
ERF_CPE,0.010952251579589853
ERF_CPE,0.002833082780165645
ERF_CPE,0.004011476098089293
ERF_CPE,0.014955358939096086
ERF_CPE,0.011830706015036755
ERF_CPE,0.015929054925375934
ERF_CPE,0.008940573621906887
ERF_CPE,0.009230599861207745
ERF_CPE,0.009610619643239346
ERF_CPE,0.003813929714229023
ERF_CPE,0.0009178435580831466
ERF_CPE,0.0018847393646200534
ERF_CPE,0.027445074562328236
ERF_CPE,0.038837797448775274
ERF_CPE,0.03832209599907339
ERF_CPE,0.032102329424401985
ERF_CPE,0.006817130011971667
ERF_CPE,0.015430554950715995
ERF_CPE,0.03184242881072374
ERF_CPE,0.07962041690536026
ERF_CPE,0.07051941406036401
ERF_CPE,0.10311226736590184
ERF_CPE,0.09447624249846848
ERF_CPE,0.1626013989977343
ERF_CPE,0.6317991384725229
ERF_CPE,0.901232190234494
ERF_CPE,0.7820774670790298
ERF_CPE,0.919113415707852
ERF_CPE,0.9627568036488645
ERF_CPE,0.9782649747332094
ERF_CPE,0.9963648509923934
ERF_CPE,0.9950994111085218
ERF_CPE,0.9947686648747394
ERF_CPE,0.996191523960202
ERF_CPE,0.9914809228830868
ERF_CPE,0.9705763679170709
ERF_CPE,0.7613756585438611
ERF_CPE,0.8070726179616359
ERF_CPE,0.7470670428028016
ERF_CPE,0.8366563443088951
ERF_CPE,0.9955819733081713
ERF_CPE,0.9025854583711863
ERF_CPE,0.9541881109697711
ERF_CPE,0.9050361594567158
MPC_CPE,0.04834679177395721
MPC_CPE,0.027397374437213805
MPC_CPE,0.022329067544028875
MPC_CPE,0.022248973417119587
MPC_CPE,0.035611110564646775
MPC_CPE,0.031647697020767314
MPC_CPE,0.034762310224513995
MPC_CPE,0.0293429943819798
MPC_CPE,0.015065189524717745
MPC_CPE,0.01850080266937321
MPC_CPE,0.019288761136257486
MPC_CPE,0.01662675919584464
MPC_CPE,0.020165142879797936
MPC_CPE,0.020903829471190023
MPC_CPE,0.0338143489936374
MPC_CPE,0.04334514929433817
MPC_CPE,0.039811952712918486
MPC_CPE,0.01810987878206697
MPC_CPE,0.037370720754036926
MPC_CPE,0.06781384080717026
MPC_CPE,0.08367232908524619
MPC_CPE,0.09842941653794107
MPC_CPE,0.09629396968473786
MPC_CPE,0.0947318699906824
MPC_CPE,0.07496557285650672
MPC_CPE,0.09027601152052922
MPC_CPE,0.14703876161759083
MPC_CPE,0.16191459137433273
MPC_CPE,0.19540917108610406
MPC_CPE,0.17498606942342798
MPC_CPE,0.1712705760645442
MPC_CPE,0.27706702740446865
MPC_CPE,0.2359496229198711
MPC_CPE,0.20772513348875382
MPC_CPE,0.21870401463296618
MPC_CPE,0.2529916661139554
MPC_CPE,0.25571596554110676
MPC_CPE,0.4801752547898856
MPC_CPE,0.4009384189858982
MPC_CPE,0.5660766224275983
MPC_CPE,0.44854208740827006
MPC_CPE,0.3380533183717439
MPC_CPE,0.3476190353036712
MPC_CPE,0.17494094165145452
MPC_CPE,0.22880556178492478
MPC_CPE,0.4113125423744971
MPC_CPE,0.5313679555752825
MPC_CPE,0.9482907497410085
MPC_CPE,0.47741461154315695
MPC_CPE,0.2751859862011925
MPC_CPE,0.3197433970666109
EC_CRK,0.049940581321964515
EC_CRK,0.05732094328891626
EC_CRK,0.049870090513686974
EC_CRK,0.06663401168420127
EC_CRK,0.1002900450346309
EC_CRK,0.07849332561403133
EC_CRK,0.0926578637303247
EC_CRK,0.055706265324226706
EC_CRK,0.04106859367350505
EC_CRK,0.048055278667769756
EC_CRK,0.03683860513365472
EC_CRK,0.04933917750866067
EC_CRK,0.05602539028416834
EC_CRK,0.040581136287606116
EC_CRK,0.04668754655800325
EC_CRK,0.04367930524113494
EC_CRK,0.02234412110549566
EC_CRK,0.040508864181026685
EC_CRK,0.07744053735780394
EC_CRK,0.08378671079151417
EC_CRK,0.06584326195037637
EC_CRK,0.06414236879486769
EC_CRK,0.03972314397139126
EC_CRK,0.06843052019506268
EC_CRK,0.029393474755282024
EC_CRK,0.031852942537165266
EC_CRK,0.025026248086618536
EC_CRK,0.020080623205970986
EC_CRK,0.028847235958747067
EC_CRK,0.03381290471899991
EC_CRK,0.1714145025333268
EC_CRK,0.13956288919741083
EC_CRK,0.22553750318722948
EC_CRK,0.21653443140319872
EC_CRK,0.20017171473798123
EC_CRK,0.25044987445582156
EC_CRK,0.20682442641813836
EC_CRK,0.17307475390550825
EC_CRK,0.12969180215045467
EC_CRK,0.07392454221235323
EC_CRK,0.059769855832017854
EC_CRK,0.09551189767358981
EC_CRK,0.1056522580781975
EC_CRK,0.06181096663149875
EC_CRK,0.07966567858869722
EC_CRK,0.056256069683310164
EC_CRK,0.08578732025520613
EC_CRK,0.06063783371981937
EC_CRK,0.19826487601665294
EC_CRK,0.21306020887938681
EC_CRK,0.36848893792273824
STNG_CVI,0.06276646902070608
STNG_CVI,0.15229937538834654
STNG_CVI,0.0715509717317441
STNG_CVI,0.031418563857066914
STNG_CVI,0.02419933496915621
STNG_CVI,0.031317645821332174
STNG_CVI,0.02672877749860843
STNG_CVI,0.02943879259125406
STNG_CVI,0.03567223406297763
STNG_CVI,0.022765978660155894
STNG_CVI,0.03038552849078509
STNG_CVI,0.051160647822460374
STNG_CVI,0.03487441408276526
STNG_CVI,0.037597406965491215
STNG_CVI,0.03999754805141976
STNG_CVI,0.04591455933992657
STNG_CVI,0.0432624858130242
STNG_CVI,0.039551450166853096
STNG_CVI,0.045477833808956904
STNG_CVI,0.02084386572031459
STNG_CVI,0.020353064538645625
STNG_CVI,0.029334544150024656
STNG_CVI,0.06664026080887817
STNG_CVI,0.11567886315115522
STNG_CVI,0.07841766851335544
STNG_CVI,0.056029587087449165
STNG_CVI,0.04806861996037272
STNG_CVI,0.0499812768940964
STNG_CVI,0.04490684641123602
STNG_CVI,0.021863827567584964
STNG_CVI,0.03930131978935217
STNG_CVI,0.03565110316498396
STNG_CVI,0.0390979830933247
STNG_CVI,0.034136997187373716
STNG_CVI,0.03441363804061625
STNG_CVI,0.030020524544063818
STNG_CVI,0.008774316200794035
STNG_CVI,0.02018831868222055
STNG_CVI,0.012171229583764558
STNG_CVI,0.007257604944890365
STNG_CVI,0.003307468354016686
STNG_CVI,0.01163500603357271
STNG_CVI,0.009254772075557237
STNG_CVI,0.006843039652000516
STNG_CVI,0.00686237550261532
STNG_CVI,0.004891718824296043
STNG_CVI,0.007200003622366057
STNG_CVI,0.0035551133417385905
STNG_CVI,0.0016707118298871053
STNG_CVI,0.0020823486534481722
STNG_CVI,0.0535063659986326
EC_DINO,0.04707366068871155
EC_DINO,0.03693922041046447
EC_DINO,0.020978078930456383
EC_DINO,0.016480399376414937
EC_DINO,0.015753429065173366
EC_DINO,0.007887779779403704
EC_DINO,0.0017316477330053639
EC_DINO,0.0011938204012954781
EC_DINO,0.0006897994914760693
EC_DINO,0.002786994641325498
EC_DINO,0.012190736622100209
EC_DINO,0.006589881887546446
EC_DINO,0.007562986836983403
EC_DINO,0.005823993522726675
EC_DINO,0.005547756409465024
EC_DINO,0.006157953901658579
EC_DINO,0.005144326459615287
EC_DINO,0.006368452611119853
EC_DINO,0.007386062724832175
EC_DINO,0.0069196619217402385
EC_DINO,0.0028424705572587905
EC_DINO,0.005421777518120044
EC_DINO,0.002454071940216775
EC_DINO,0.005713042106887943
EC_DINO,0.0029366654115388063
EC_DINO,0.003004408047368132
EC_DINO,0.006693111544512844
EC_DINO,0.008143209267416782
EC_DINO,0.00900887579451259
EC_DINO,0.008855464779448588
EC_DINO,0.02415449102773184
EC_DINO,0.03408089940856407
EC_DINO,0.046927150157915896
EC_DINO,0.02649150946024533
EC_DINO,0.03235166820136212
EC_DINO,0.019687187599841602
EC_DINO,0.026316960934389826
EC_DINO,0.0394305159215327
EC_DINO,0.050234428659776266
EC_DINO,0.05502268393876214
EC_DINO,0.08511759776322086
EC_DINO,0.1127654443927974
EC_DINO,0.2764468450245246
EC_DINO,0.39477871023023875
EC_DINO,0.21338075243267574
EC_DINO,0.06467005077526398
EC_DINO,0.04954795752632929
EC_DINO,0.055979573325293026
EC_DINO,0.1387634815282544
EC_DINO,0.17832221327788833
EC_DINO,0.2939448446350711
XPRO_DINO,0.24250759959562163
XPRO_DINO,0.016793617783056842
XPRO_DINO,0.016683144893451664
XPRO_DINO,0.007824266601617379
XPRO_DINO,0.016705892346033806
XPRO_DINO,0.018466369433755365
XPRO_DINO,0.03949657994239968
XPRO_DINO,0.043819745091652894
XPRO_DINO,0.04243019646543251
XPRO_DINO,0.011715329466079064
XPRO_DINO,0.007123401876865323
XPRO_DINO,0.016197371830673327
XPRO_DINO,0.008789032826987571
XPRO_DINO,0.017743512552045523
XPRO_DINO,0.021715719345384184
XPRO_DINO,0.03202368639215695
XPRO_DINO,0.02729612994096298
XPRO_DINO,0.02552834131610453
XPRO_DINO,0.027026149821497678
XPRO_DINO,0.01660227824682659
XPRO_DINO,0.019667984457471966
XPRO_DINO,0.04089997121354747
XPRO_DINO,0.04487971206803206
XPRO_DINO,0.045112674942851476
XPRO_DINO,0.040891723663755264
XPRO_DINO,0.04590036437466419
XPRO_DINO,0.04402058728449329
XPRO_DINO,0.043759928807005834
XPRO_DINO,0.045589731186378255
XPRO_DINO,0.05568478570486248
XPRO_DINO,0.05340113744658506
XPRO_DINO,0.02624437513415297
XPRO_DINO,0.04885205530522725
XPRO_DINO,0.06581032377881253
XPRO_DINO,0.08897467372980628
XPRO_DINO,0.0752020715138809
XPRO_DINO,0.08683958073807924
XPRO_DINO,0.08266857498364794
XPRO_DINO,0.09607407943231838
XPRO_DINO,0.1283546125737849
XPRO_DINO,0.035231634705415765
XPRO_DINO,0.033423265602992386
XPRO_DINO,0.07136495903507639
XPRO_DINO,0.013546646309746925
XPRO_DINO,0.002829562155271276
XPRO_DINO,0.00558469919036118
XPRO_DINO,0.17721517829535127
XPRO_DINO,0.6348052612803099
XPRO_DINO,0.5566233239914775
XPRO_DINO,0.7896965537409479
XPRO_DINO,0.7361988396790509
STNG_DRQ,0.01639762680481833
STNG_DRQ,0.10232720951072372
STNG_DRQ,0.04954425853615334
STNG_DRQ,0.016625559870879644
STNG_DRQ,0.00938137130527899
STNG_DRQ,0.021221463251703442
STNG_DRQ,0.021086274668167565
STNG_DRQ,0.020605609208480105
STNG_DRQ,0.021345440025928426
STNG_DRQ,0.030738131067260345
STNG_DRQ,0.034291607011162746
STNG_DRQ,0.033746716504495324
STNG_DRQ,0.0363586888364691
STNG_DRQ,0.028058305347439437
STNG_DRQ,0.022765181546700156
STNG_DRQ,0.02179916833206873
STNG_DRQ,0.029417619238533848
STNG_DRQ,0.03257034965777022
STNG_DRQ,0.034755188258024344
STNG_DRQ,0.031197565140787756
STNG_DRQ,0.03426801895541036
STNG_DRQ,0.05071060967913573
STNG_DRQ,0.036518830193170045
STNG_DRQ,0.053953265117362696
STNG_DRQ,0.038542083896227104
STNG_DRQ,0.01712543139323343
STNG_DRQ,0.01639920751660147
STNG_DRQ,0.012093870343133632
STNG_DRQ,0.012406114802656493
STNG_DRQ,0.008046789456997548
STNG_DRQ,0.021213058594923256
STNG_DRQ,0.01972815829155353
STNG_DRQ,0.029542594720153394
STNG_DRQ,0.05177448549335774
STNG_DRQ,0.03873224741321514
STNG_DRQ,0.039287947001319025
STNG_DRQ,0.035801976948669316
STNG_DRQ,0.035369253365828024
STNG_DRQ,0.025827304238655972
STNG_DRQ,0.018816172276773336
STNG_DRQ,0.014292886769821555
STNG_DRQ,0.03130688140489133
STNG_DRQ,0.06101635754064217
STNG_DRQ,0.05627993636193511
STNG_DRQ,0.0718150517338315
STNG_DRQ,0.14475424383568558
STNG_DRQ,0.2338876682475744
STNG_DRQ,0.6301129469374146
STNG_DRQ,0.7164074772189915
STNG_DRQ,0.5237102476110141
STNG_DRQ,0.8851499426538222
EC_E,0.12386078231360703
EC_E,0.04904070702869823
EC_E,0.01906363775551885
EC_E,0.009075279542006407
EC_E,0.017927944128312848
EC_E,0.00764150218336331
EC_E,0.0022294226852184007
EC_E,0.0015429621247020904
EC_E,0.002212437743234239
EC_E,0.010183379985004085
EC_E,0.020995452493947454
EC_E,0.009378692425975771
EC_E,0.021868804850287908
EC_E,0.007036527170502213
EC_E,0.012313163381728063
EC_E,0.008694387951876147
EC_E,0.014446694024798801
EC_E,0.02174406627101813
EC_E,0.02936246169439934
EC_E,0.03713587111667782
EC_E,0.045823636892431276
EC_E,0.08661899651790844
EC_E,0.06065346236056344
EC_E,0.03252635569725009
EC_E,0.027919892620513226
EC_E,0.03804182293753893
EC_E,0.022910261812471983
EC_E,0.006177794220512382
EC_E,0.004826371702628704
EC_E,0.008014789372129051
EC_E,0.014886333242703104
EC_E,0.0466801735167353
EC_E,0.0733644904618817
EC_E,0.13413522571280379
EC_E,0.12693765972750082
EC_E,0.21645899188225126
EC_E,0.26759775110174033
EC_E,0.2608288766188075
EC_E,0.2483774257546013
EC_E,0.14951688234903704
EC_E,0.05977810483061734
EC_E,0.06667562921831302
EC_E,0.07599813705214817
EC_E,0.06750919888077346
EC_E,0.06154012273084478
EC_E,0.0339450684820706
EC_E,0.03508791081776944
EC_E,0.026661229515177666
EC_E,0.11105458700907583
EC_E,0.09748032733279977
EC_E,0.22128519012059772
FANG_E,0.12122205404415026
FANG_E,0.11896779194756107
FANG_E,0.11787774061966444
FANG_E,0.11568907416872787
FANG_E,0.10487948812637882
FANG_E,0.10658258343070681
FANG_E,0.10697006320602032
FANG_E,0.09075728166196556
FANG_E,0.03339170882898456
FANG_E,0.025880901338890688
FANG_E,0.046611873857975654
FANG_E,0.0342176483513102
FANG_E,0.007809112595008787
FANG_E,0.0026349581966783435
FANG_E,0.0011554129423278748
FANG_E,0.03478596855162192
FANG_E,0.046437937145386105
FANG_E,0.031606010292133356
FANG_E,0.028406538451794496
FANG_E,0.056970157892677425
FANG_E,0.018117215343590724
FANG_E,0.023346453024103483
FANG_E,0.02168999357397923
FANG_E,0.038730228343446325
FANG_E,0.0765387693185828
FANG_E,0.09034081315230919
FANG_E,0.05180435390812028
FANG_E,0.02897509137202193
FANG_E,0.02589221981852186
FANG_E,0.026546308874584396
FANG_E,0.03202122887014015
FANG_E,0.019552948077694362
FANG_E,0.028686940967723843
FANG_E,0.03070727205470526
FANG_E,0.04010564442770387
FANG_E,0.033652400312837984
FANG_E,0.040749976881224136
FANG_E,0.06514401375119852
FANG_E,0.061712287719140696
FANG_E,0.07828875318060671
FANG_E,0.08510983219034507
FANG_E,0.16981926505013
FANG_E,0.2997598760239365
FANG_E,0.2325773015714369
FANG_E,0.327333481962465
FANG_E,0.35100036498561693
FANG_E,0.22194196475928074
FANG_E,0.4364580015493873
FANG_E,0.5661112627192517
FANG_E,0.7256406765937606
FANG_E,0.7603061565027287
NOG_E,0.09116234051922423
NOG_E,0.05873075041878318
NOG_E,0.04657621530937398
NOG_E,0.01672820495197876
NOG_E,0.010785665381548699
NOG_E,0.017683674717835864
NOG_E,0.02830852850325793
NOG_E,0.0437389484621103
NOG_E,0.04969029657691724
NOG_E,0.08633517137308522
NOG_E,0.044605316033303755
NOG_E,0.04717795671271223
NOG_E,0.04622587084621952
NOG_E,0.044794693510005666
NOG_E,0.029662131485296065
NOG_E,0.011862778910211449
NOG_E,0.004639656369437965
NOG_E,0.011473842862936326
NOG_E,0.06984938418712959
NOG_E,0.06938269483622184
NOG_E,0.10327294006270799
NOG_E,0.0771890099493901
NOG_E,0.05341882901639193
NOG_E,0.0311052710778906
NOG_E,0.09799246177036236
NOG_E,0.04524579843433966
NOG_E,0.023266812404941984
NOG_E,0.0025694065121870144
NOG_E,0.00048128259182334215
NOG_E,0.00235709803708615
NOG_E,0.0016441662542592817
NOG_E,0.002850487963199112
NOG_E,0.0055412707159942474
NOG_E,0.003111191549064473
NOG_E,0.0005608701202184143
NOG_E,0.0004343234244317438
NOG_E,0.0027552836288799415
NOG_E,0.003129869301998001
NOG_E,0.004150903450200318
NOG_E,0.0018907779564467184
NOG_E,0.001146047141827989
NOG_E,0.0002515124979104532
NOG_E,0.0024279429394107018
NOG_E,0.0028184548805814066
NOG_E,0.009489938200892915
NOG_E,0.015823885802204687
NOG_E,0.01687285977346857
NOG_E,0.10176879469002431
NOG_E,0.10895070835180165
NOG_E,0.30982002532475006
NOG_E,0.6205363702838284
PBA_E,0.04831037925735507
PBA_E,0.046439023885014426
PBA_E,0.04244108769943813
PBA_E,0.04040385879584031
PBA_E,0.03601283960421837
PBA_E,0.04019299764080022
PBA_E,0.037832331267844965
PBA_E,0.04060123328747626
PBA_E,0.03985409733187951
PBA_E,0.038024314250822186
PBA_E,0.03489000419435744
PBA_E,0.030021636620523758
PBA_E,0.05145440934445501
PBA_E,0.035525695008121
PBA_E,0.023106128290532383
PBA_E,0.014816091570080923
PBA_E,0.011631479249368979
PBA_E,0.018557758478010403
PBA_E,0.020103554817807907
PBA_E,0.03153633507796518
PBA_E,0.03560687265796876
PBA_E,0.036647053282713095
PBA_E,0.04263629600702493
PBA_E,0.05113998562316344
PBA_E,0.06570173462158864
PBA_E,0.08020843177272574
PBA_E,0.03234458711396307
PBA_E,0.023477764748372855
PBA_E,0.022737490640249155
PBA_E,0.017563366775539713
PBA_E,0.014202216236061212
PBA_E,0.020515377462256408
PBA_E,0.01429932698347074
PBA_E,0.0035009002749979462
PBA_E,0.006516116632680817
PBA_E,0.0047308655892630514
PBA_E,0.0070904334806732635
PBA_E,0.004477162957489552
PBA_E,0.007056142662853543
PBA_E,0.0031559090059876758
PBA_E,0.002962513043351645
PBA_E,0.002931483322456874
PBA_E,0.0028656848416594985
PBA_E,0.0061516445803700874
PBA_E,0.019093822654106578
PBA_E,0.014584377759665977
PBA_E,0.014228774467363542
PBA_E,0.040832661898257815
PBA_E,0.02411438406630232
PBA_E,0.155748679324532
PBA_E,0.18129462057548446
VLO_E,0.03902103949491199
VLO_E,0.02864885133490136
VLO_E,0.03091385023584784
VLO_E,0.024907222668115018
VLO_E,0.027557731173898647
VLO_E,0.02292915435665103
VLO_E,0.030434475643328865
VLO_E,0.03688771902249967
VLO_E,0.042608253838968484
VLO_E,0.039292826518262505
VLO_E,0.041761142706041116
VLO_E,0.04164627506828168
VLO_E,0.04073562263289943
VLO_E,0.041027067392008364
VLO_E,0.04111436126912028
VLO_E,0.05165347431527678
VLO_E,0.046228483427860595
VLO_E,0.03146426738997808
VLO_E,0.021857934252247038
VLO_E,0.015160174238880724
VLO_E,0.022528398209562116
VLO_E,0.08329727195628744
VLO_E,0.0708008136983019
VLO_E,0.04404940108948679
VLO_E,0.022698793211271783
VLO_E,0.011172945307195441
VLO_E,0.0076498443925176966
VLO_E,0.012473441167629933
VLO_E,0.007248922572662323
VLO_E,0.021512177975344885
VLO_E,0.013425537678761576
VLO_E,0.011047107542634368
VLO_E,0.011019697282520368
VLO_E,0.008086570136437567
VLO_E,0.009144952345357095
VLO_E,0.015049281750262966
VLO_E,0.011012589657667594
VLO_E,0.006755749991525779
VLO_E,0.007790985334173143
VLO_E,0.008088624042521085
VLO_E,0.00627756749901287
VLO_E,0.022593538383251607
VLO_E,0.03486927000267934
VLO_E,0.035230629923217786
VLO_E,0.13630109270545443
VLO_E,0.7495961443040542
VLO_E,0.5122594234538751
VLO_E,0.9725791812764341
VLO_E,0.71502495067122
VLO_E,0.8429160800205375
VLO_E,0.811392148976142
XOM_E,0.10484515502555802
XOM_E,0.0645316982904332
XOM_E,0.07197405033396484
XOM_E,0.055501602181601356
XOM_E,0.019673685996057292
XOM_E,0.02946159253617695
XOM_E,0.016834635261282763
XOM_E,0.008330232094327369
XOM_E,0.0066861587988316235
XOM_E,0.006307766153017935
XOM_E,0.008316179900557375
XOM_E,0.02114373380658863
XOM_E,0.007179614559865847
XOM_E,0.00869664740448818
XOM_E,0.00813777987751379
XOM_E,0.009313578269322205
XOM_E,0.0048859103862495205
XOM_E,0.0009083631867533052
XOM_E,0.004638571867638075
XOM_E,0.015101354354019624
XOM_E,0.022595777444018875
XOM_E,0.01934083199870799
XOM_E,0.030211531384290984
XOM_E,0.06399702235273223
XOM_E,0.11729160183478138
XOM_E,0.07320531879936629
XOM_E,0.053216742234650075
XOM_E,0.03088216563363309
XOM_E,0.02073286706709877
XOM_E,0.021888358927915973
XOM_E,0.025918505506574575
XOM_E,0.026735101156549246
XOM_E,0.03269495874114888
XOM_E,0.032465859493904084
XOM_E,0.03788983720486503
XOM_E,0.03558161820892603
XOM_E,0.05353997453349051
XOM_E,0.03947192253239004
XOM_E,0.04384444030325907
XOM_E,0.07261472121036767
XOM_E,0.05394788598554028
XOM_E,0.5573830430102793
XOM_E,0.6233882488189622
XOM_E,0.6187232450220355
XOM_E,0.8790477097545566
XOM_E,0.9172753224771923
XOM_E,0.9347397151219934
XOM_E,0.9822800245622996
XOM_E,0.9878347506454228
XOM_E,0.9948735611686488
XOM_E,0.9956542733447051
GLNG_EC,0.8444134730502004
GLNG_EC,0.7364589066616902
GLNG_EC,0.5834482890847966
GLNG_EC,0.48356394548075865
GLNG_EC,0.516247360636555
GLNG_EC,0.3804418155085208
GLNG_EC,0.19067653910330123
GLNG_EC,0.12800367548066843
GLNG_EC,0.04371631791201093
GLNG_EC,0.0935951829057754
GLNG_EC,0.1898283771481416
GLNG_EC,0.11671089973976828
GLNG_EC,0.09935276562744727
GLNG_EC,0.01890557732972449
GLNG_EC,0.06969302599533501
GLNG_EC,0.04789071951626939
GLNG_EC,0.055782556129970635
GLNG_EC,0.016537754270005756
GLNG_EC,0.012628130951233626
GLNG_EC,0.0653555915533693
GLNG_EC,0.02451313785564189
GLNG_EC,0.013115655454484069
GLNG_EC,0.017647533802259342
GLNG_EC,0.0498515537897645
GLNG_EC,0.04801913264039848
GLNG_EC,0.06571271348275834
GLNG_EC,0.10348115437272021
GLNG_EC,0.11611742220835858
GLNG_EC,0.12270296466612796
GLNG_EC,0.12392266638951566
GLNG_EC,0.07152316733771895
GLNG_EC,0.044863947559752475
GLNG_EC,0.024147946404640942
GLNG_EC,0.01036373164337243
GLNG_EC,0.011635249985215604
GLNG_EC,0.012880038436299524
GLNG_EC,0.01439151947460784
GLNG_EC,0.022118259865705085
GLNG_EC,0.03021120651882874
GLNG_EC,0.052501392180447824
GLNG_EC,0.08365863903939874
GLNG_EC,0.02957481972418537
GLNG_EC,0.07751244111508468
GLNG_EC,0.08346105182284042
GLNG_EC,0.19304322397577084
GLNG_EC,0.571798827914724
GLNG_EC,0.8382394023642457
GLNG_EC,0.7600188675814199
GLNG_EC,0.9811610050953128
GLNG_EC,0.9921359130838255
GLNG_EC,0.9955246243464688
HP_EC,0.9585105463880812
HP_EC,0.9043802527012541
HP_EC,0.869778396470182
HP_EC,0.7833259851754739
HP_EC,0.6314405393906252
HP_EC,0.35138444311565714
HP_EC,0.15560378356842208
HP_EC,0.06628588889092907
HP_EC,0.025058991276009395
HP_EC,0.033429268956634714
HP_EC,0.06973493055872904
HP_EC,0.03264788166318539
HP_EC,0.04948147411235281
HP_EC,0.006741580046954307
HP_EC,0.01939644069940883
HP_EC,0.010308179258769163
HP_EC,0.0329398214060393
HP_EC,0.04057935863496886
HP_EC,0.035307816954758556
HP_EC,0.04827132692436922
HP_EC,0.02369577137403683
HP_EC,0.03799229093989377
HP_EC,0.06217524998669873
HP_EC,0.06391999584593733
HP_EC,0.038999351987533196
HP_EC,0.04970431428497148
HP_EC,0.07647777125886769
HP_EC,0.077959596735363
HP_EC,0.08419943446124206
HP_EC,0.07679927436606164
HP_EC,0.09162554347398755
HP_EC,0.07692226289834848
HP_EC,0.041959044031817924
HP_EC,0.05304194748463903
HP_EC,0.08615145889247244
HP_EC,0.05929006018905631
HP_EC,0.0408427443984199
HP_EC,0.07226346684389529
HP_EC,0.10104737668103836
HP_EC,0.15869934648857364
HP_EC,0.16983119870396407
HP_EC,0.08466264395212775
HP_EC,0.018258031951970642
HP_EC,0.01738952292957665
HP_EC,0.008073290036900528
HP_EC,0.21469080259049556
HP_EC,0.750212172580744
HP_EC,0.8089950128279435
HP_EC,0.9588684461054604
HP_EC,0.9961871808749384
HP_EC,0.9976514549659569
KOS_EC,0.6305605604897877
KOS_EC,0.47856937742651023
KOS_EC,0.34556428392984867
KOS_EC,0.2996522392351224
KOS_EC,0.12385590316915013
KOS_EC,0.02611237007129401
KOS_EC,0.0037934271945983928
KOS_EC,0.01438067536183594
KOS_EC,0.005145725444221952
KOS_EC,0.021727226540884763
KOS_EC,0.05130526432147114
KOS_EC,0.04634843884909499
KOS_EC,0.07026897866977554
KOS_EC,0.03540387005583115
KOS_EC,0.04378733415633744
KOS_EC,0.04489308865420156
KOS_EC,0.054034471019650365
KOS_EC,0.05398212298983131
KOS_EC,0.059591460103726575
KOS_EC,0.05402014601798596
KOS_EC,0.033499139103279334
KOS_EC,0.02724233409033883
KOS_EC,0.02069097990469021
KOS_EC,0.04226760242815537
KOS_EC,0.026735405885807105
KOS_EC,0.023483927006560483
KOS_EC,0.0566073823532988
KOS_EC,0.09747902706896566
KOS_EC,0.10813867530585164
KOS_EC,0.09116040167735673
KOS_EC,0.10076378182662327
KOS_EC,0.10764271867086472
KOS_EC,0.0821805353695354
KOS_EC,0.0820222002300135
KOS_EC,0.0701841764070214
KOS_EC,0.06817752775340993
KOS_EC,0.07168974674603161
KOS_EC,0.07528856122845214
KOS_EC,0.07166945125241063
KOS_EC,0.06765371975689094
KOS_EC,0.060976920620196336
KOS_EC,0.0714643740636073
KOS_EC,0.05729002742523881
KOS_EC,0.051594533542832256
KOS_EC,0.06313902295566591
KOS_EC,0.09855893937880278
KOS_EC,0.2582032587259193
KOS_EC,0.2852501561842349
KOS_EC,0.7912590151209838
KOS_EC,0.8009035924712427
KOS_EC,0.8955511425059413
NBR_EC,0.7347730298074084
NBR_EC,0.4424439717366805
NBR_EC,0.254625689659568
NBR_EC,0.22803852685082676
NBR_EC,0.40338955667210047
NBR_EC,0.23108071107200145
NBR_EC,0.21713578768774744
NBR_EC,0.12126714480936729
NBR_EC,0.0726434110308253
NBR_EC,0.03381149190021698
NBR_EC,0.05313225113300609
NBR_EC,0.06369504012237165
NBR_EC,0.10588142556672447
NBR_EC,0.015841342352442594
NBR_EC,0.03535326695901955
NBR_EC,0.045869633742309415
NBR_EC,0.07146696690386846
NBR_EC,0.025317820867010694
NBR_EC,0.012525923559423419
NBR_EC,0.01265950063667163
NBR_EC,0.010837135643430142
NBR_EC,0.0173988346926375
NBR_EC,0.016162143464388906
NBR_EC,0.00377943542873104
NBR_EC,0.002752606397490353
NBR_EC,0.0016438269543293694
NBR_EC,0.013661476622706855
NBR_EC,0.03464980237560755
NBR_EC,0.016477870071537594
NBR_EC,0.0190039936389523
NBR_EC,0.0035119998875133653
NBR_EC,0.0052586713809396135
NBR_EC,0.027746492456222266
NBR_EC,0.057432023697706704
NBR_EC,0.05358026548403895
NBR_EC,0.0478353958921214
NBR_EC,0.053018960115720826
NBR_EC,0.05467115902809561
NBR_EC,0.050227550365588326
NBR_EC,0.06871106109310861
NBR_EC,0.05141177243733334
NBR_EC,0.022561151171438778
NBR_EC,0.002969798951812349
NBR_EC,0.011480110398946988
NBR_EC,0.06187433550654423
NBR_EC,0.15727297913572702
NBR_EC,0.3694260717379909
NBR_EC,0.47885070768127
NBR_EC,0.7341337189515897
NBR_EC,0.8270313697912932
NBR_EC,0.9004920382450201
NOG_EC,0.09070616370518003
NOG_EC,0.0814269144463679
NOG_EC,0.08082565185293805
NOG_EC,0.0859469680370391
NOG_EC,0.07355390482188734
NOG_EC,0.052049997446324776
NOG_EC,0.038426454842512864
NOG_EC,0.03181837921613709
NOG_EC,0.03233217639645626
NOG_EC,0.00437022831451094
NOG_EC,0.04043802023362065
NOG_EC,0.021154204837817436
NOG_EC,0.0184104968926213
NOG_EC,0.010675878211071322
NOG_EC,0.013554441411143536
NOG_EC,0.012655456993268768
NOG_EC,0.004899919413919252
NOG_EC,0.008817772149437035
NOG_EC,0.02055011860424522
NOG_EC,0.016315040309682623
NOG_EC,0.02509683341166959
NOG_EC,0.030725366149320983
NOG_EC,0.014095365793680825
NOG_EC,0.008247668577387002
NOG_EC,0.031279347480189526
NOG_EC,0.022037017060778274
NOG_EC,0.05658597350901233
NOG_EC,0.03594759075999538
NOG_EC,0.044974258924243546
NOG_EC,0.06566427382321365
NOG_EC,0.07649262066289778
NOG_EC,0.06725796743270866
NOG_EC,0.11354640426722451
NOG_EC,0.09161807590901783
NOG_EC,0.05257066241558966
NOG_EC,0.04727258836796354
NOG_EC,0.17771347532791776
NOG_EC,0.2765342046414563
NOG_EC,0.3148360496840029
NOG_EC,0.3478491534326167
NOG_EC,0.29077946408907934
NOG_EC,0.15799798687359423
NOG_EC,0.2086928725183334
NOG_EC,0.2058463089056321
NOG_EC,0.25460249274288715
NOG_EC,0.3501884636725312
NOG_EC,0.5429579340030337
NOG_EC,0.6458906708178715
NOG_EC,0.8339572392281207
NOG_EC,0.8721218506811073
NOG_EC,0.9731636441169689
NVGS_EC,0.11710967047847964
NVGS_EC,0.04948752527648124
NVGS_EC,0.024994765797403954
NVGS_EC,0.013719525931617137
NVGS_EC,0.0251106128324991
NVGS_EC,0.030803250065227356
NVGS_EC,0.014601156381355151
NVGS_EC,0.009832100950453344
NVGS_EC,0.011911579518894525
NVGS_EC,0.017736814880845907
NVGS_EC,0.01958553627665784
NVGS_EC,0.006770726235456366
NVGS_EC,0.00931292198013095
NVGS_EC,0.001959999787903332
NVGS_EC,0.00863828104628732
NVGS_EC,0.01274599634814419
NVGS_EC,0.016980465604050362
NVGS_EC,0.01199451146930196
NVGS_EC,0.018649899237020033
NVGS_EC,0.028263310323090693
NVGS_EC,0.04987682201369838
NVGS_EC,0.04114319384611781
NVGS_EC,0.042755622620958014
NVGS_EC,0.0443843309967479
NVGS_EC,0.03134754017087483
NVGS_EC,0.03345295684589255
NVGS_EC,0.031046721063379867
NVGS_EC,0.024262807614968164
NVGS_EC,0.029227035568766605
NVGS_EC,0.026902754673811837
NVGS_EC,0.06647188033724907
NVGS_EC,0.12379352544915334
NVGS_EC,0.14507819422935986
NVGS_EC,0.11093853667484188
NVGS_EC,0.08162891823643303
NVGS_EC,0.07818483048928361
NVGS_EC,0.08302562236694633
NVGS_EC,0.08908261823954322
NVGS_EC,0.09873121977841803
NVGS_EC,0.07572088021284333
NVGS_EC,0.07224588989619674
NVGS_EC,0.09588691255001697
NVGS_EC,0.10312962060250164
NVGS_EC,0.09536182760466078
NVGS_EC,0.10013409515119603
NVGS_EC,0.12182205748506697
NVGS_EC,0.23414607804723314
NVGS_EC,0.16327594663894324
NVGS_EC,0.2780060063853982
NVGS_EC,0.3900166543378845
NVGS_EC,0.5749669727443727
PBF_EC,0.6789673517182788
PBF_EC,0.5565909563952909
PBF_EC,0.43584413834931757
PBF_EC,0.3461806669869597
PBF_EC,0.21510522303469798
PBF_EC,0.09448350028457503
PBF_EC,0.015811979373817616
PBF_EC,0.0061602590103300185
PBF_EC,0.0016165509748965632
PBF_EC,0.006446243090286593
PBF_EC,0.06342070984732007
PBF_EC,0.025705308612551363
PBF_EC,0.049637149390835446
PBF_EC,0.01564065591394772
PBF_EC,0.012146245578964262
PBF_EC,0.00927583006701808
PBF_EC,0.012776905978088539
PBF_EC,0.012743027930760934
PBF_EC,0.01293640452146303
PBF_EC,0.008166976308894567
PBF_EC,0.004232412749689027
PBF_EC,0.007178916377463175
PBF_EC,0.007458271578039593
PBF_EC,0.007049254946194646
PBF_EC,0.0034507894630911268
PBF_EC,0.0029915032722133837
PBF_EC,0.012300341123430094
PBF_EC,0.06214868576855486
PBF_EC,0.06629618082509504
PBF_EC,0.05955976530297486
PBF_EC,0.10405933767206915
PBF_EC,0.08316184397683868
PBF_EC,0.11457491127644504
PBF_EC,0.04328239005127733
PBF_EC,0.05564092682072999
PBF_EC,0.02744612582180347
PBF_EC,0.02921716905960185
PBF_EC,0.06764707790276513
PBF_EC,0.12025076882954233
PBF_EC,0.16774868390519498
PBF_EC,0.22792790943151053
PBF_EC,0.2140929228117457
PBF_EC,0.23804601078853527
PBF_EC,0.22446697576182661
PBF_EC,0.14735163643462873
PBF_EC,0.20644074564156106
PBF_EC,0.2284605444066563
PBF_EC,0.49423872697815585
PBF_EC,0.8495254560810652
PBF_EC,0.8536548470874883
PBF_EC,0.8740183514337738
PSX_EC,0.05553850283954058
PSX_EC,0.03198607262403598
PSX_EC,0.03547951229660463
PSX_EC,0.06248536232708165
PSX_EC,0.07993201906534703
PSX_EC,0.05786026574949036
PSX_EC,0.03628068061302423
PSX_EC,0.02063283197473257
PSX_EC,0.011103973641384901
PSX_EC,0.03250471695467626
PSX_EC,0.0512319487096636
PSX_EC,0.035338430910212756
PSX_EC,0.04097208994139106
PSX_EC,0.03478252015932573
PSX_EC,0.03573171037560263
PSX_EC,0.041293455677830736
PSX_EC,0.031246813791159712
PSX_EC,0.041919913691753304
PSX_EC,0.035376954920241885
PSX_EC,0.04768558887269524
PSX_EC,0.05283082345887522
PSX_EC,0.08529407093332203
PSX_EC,0.10357862665168
PSX_EC,0.04121510498636403
PSX_EC,0.034665891432588455
PSX_EC,0.032881440080650005
PSX_EC,0.059759142212712286
PSX_EC,0.0658121155910471
PSX_EC,0.05186693896088607
PSX_EC,0.04408595698081703
PSX_EC,0.05519376803571594
PSX_EC,0.06819839235013034
PSX_EC,0.06594936239630744
PSX_EC,0.07377770321465113
PSX_EC,0.0698803905792843
PSX_EC,0.0778103404600378
PSX_EC,0.07570707842422672
PSX_EC,0.07285400564540959
PSX_EC,0.06311920273210798
PSX_EC,0.05945439102420128
PSX_EC,0.032949606729823895
PSX_EC,0.058713534946410705
PSX_EC,0.04138263103980035
PSX_EC,0.044799554660346276
PSX_EC,0.023678796519835545
PSX_EC,0.012594396003804222
PSX_EC,0.014096421560016656
PSX_EC,0.021958924712005317
PSX_EC,0.049175970500072094
PSX_EC,0.04283233919566093
PSX_EC,0.13936807124977307
SHEL_EC,0.9348009170248964
SHEL_EC,0.8852652073308171
SHEL_EC,0.8317994978641876
SHEL_EC,0.7914287749547277
SHEL_EC,0.6886627950991081
SHEL_EC,0.45774932296646453
SHEL_EC,0.1926571441130565
SHEL_EC,0.08214134940130863
SHEL_EC,0.05566446792388521
SHEL_EC,0.06831480360424412
SHEL_EC,0.1348387647958625
SHEL_EC,0.08823984667803159
SHEL_EC,0.11064470194328341
SHEL_EC,0.06572017670945808
SHEL_EC,0.10044965708724296
SHEL_EC,0.07293149134831267
SHEL_EC,0.11089179174739622
SHEL_EC,0.10727685002913778
SHEL_EC,0.10290095506444796
SHEL_EC,0.10897016909919394
SHEL_EC,0.09376701958843225
SHEL_EC,0.0886074072343137
SHEL_EC,0.08893725501920219
SHEL_EC,0.1265024543953212
SHEL_EC,0.1171243291325858
SHEL_EC,0.12254505771855456
SHEL_EC,0.0662043707151099
SHEL_EC,0.04795520915994887
SHEL_EC,0.037143052452115
SHEL_EC,0.027838509421712416
SHEL_EC,0.031053622865229075
SHEL_EC,0.06437207178837302
SHEL_EC,0.04401985445973508
SHEL_EC,0.04358446161329056
SHEL_EC,0.04459280380745404
SHEL_EC,0.04412376051604086
SHEL_EC,0.035879196813927206
SHEL_EC,0.061044421755522806
SHEL_EC,0.06986325065934135
SHEL_EC,0.11950059109407335
SHEL_EC,0.05335562703197926
SHEL_EC,0.051669033996576595
SHEL_EC,0.052172147716523926
SHEL_EC,0.05174455279440008
SHEL_EC,0.018290458824565946
SHEL_EC,0.024113153214345807
SHEL_EC,0.06977994092361219
SHEL_EC,0.04784037684058824
SHEL_EC,0.5365608797179535
SHEL_EC,0.560533735448714
SHEL_EC,0.8659386874833652
SLB_EC,0.8574862657091697
SLB_EC,0.6394452013297797
SLB_EC,0.39742087281830574
SLB_EC,0.2476104247979436
SLB_EC,0.20496447710601928
SLB_EC,0.10324213937340582
SLB_EC,0.07748274590594927
SLB_EC,0.03650808163140764
SLB_EC,0.022073315348420167
SLB_EC,0.009970267795199736
SLB_EC,0.04488635138957461
SLB_EC,0.030319997774225522
SLB_EC,0.07004736115038432
SLB_EC,0.006365785889363889
SLB_EC,0.0585732516205901
SLB_EC,0.03484124297980903
SLB_EC,0.09096582175442558
SLB_EC,0.05572537809353332
SLB_EC,0.024076593750984508
SLB_EC,0.021918453454106115
SLB_EC,0.010800434740226631
SLB_EC,0.007669913234695205
SLB_EC,0.0037396016207097817
SLB_EC,0.0025189948989946132
SLB_EC,0.0003126707145792156
SLB_EC,0.0007963700108440579
SLB_EC,0.02441452380502487
SLB_EC,0.08441621138495925
SLB_EC,0.08745641469554494
SLB_EC,0.0943818884609508
SLB_EC,0.10420725249719265
SLB_EC,0.07206474157561357
SLB_EC,0.08883165977924395
SLB_EC,0.10581575351525901
SLB_EC,0.10892042859542811
SLB_EC,0.056451954648395496
SLB_EC,0.09095524784609649
SLB_EC,0.19010065036962415
SLB_EC,0.46858008325619127
SLB_EC,0.6179417460474458
SLB_EC,0.44068646817643853
SLB_EC,0.3914097160011604
SLB_EC,0.189743595040737
SLB_EC,0.20404426571212886
SLB_EC,0.2299315326928339
SLB_EC,0.2498091612229914
SLB_EC,0.5156609481854665
SLB_EC,0.602781732764498
SLB_EC,0.8144713882046397
SLB_EC,0.8378842698773872
SLB_EC,0.956181753910265
SU_EC,0.8082536786979804
SU_EC,0.5372034552749632
SU_EC,0.4044452795688638
SU_EC,0.5354610199195872
SU_EC,0.4413883897115791
SU_EC,0.09526486327838063
SU_EC,0.051240119711376445
SU_EC,0.016902317858876335
SU_EC,0.007410889422446827
SU_EC,0.017279227722368673
SU_EC,0.09039309521838967
SU_EC,0.015677563703884536
SU_EC,0.038105500775403395
SU_EC,0.011171423265120793
SU_EC,0.017452637841202216
SU_EC,0.0082949179149837
SU_EC,0.016039773180022757
SU_EC,0.014519481675835524
SU_EC,0.012523466693113763
SU_EC,0.013789753588004668
SU_EC,0.006563922099348504
SU_EC,0.00736037043066907
SU_EC,0.007911185478143066
SU_EC,0.00514221103600812
SU_EC,0.0016364876706548928
SU_EC,0.004802624292488601
SU_EC,0.02524037547742305
SU_EC,0.035701669258790994
SU_EC,0.03259715410817494
SU_EC,0.01742292031409065
SU_EC,0.030683788693099564
SU_EC,0.0890574587432032
SU_EC,0.037818047908373634
SU_EC,0.03662321150016163
SU_EC,0.02947281641968771
SU_EC,0.026685130264018326
SU_EC,0.05650149456725792
SU_EC,0.1140044282272889
SU_EC,0.1126446387122228
SU_EC,0.19104073465446753
SU_EC,0.11176628562496888
SU_EC,0.12608801664648872
SU_EC,0.09135107793909303
SU_EC,0.06478637657654734
SU_EC,0.08714815833508444
SU_EC,0.19927998567156235
SU_EC,0.5635099776377741
SU_EC,0.40808646183513014
SU_EC,0.9269124714120287
SU_EC,0.9492710462906887
SU_EC,0.9676634498275033
TTE_EC,0.8209597705912612
TTE_EC,0.5820524930325391
TTE_EC,0.4494172453855073
TTE_EC,0.2837465067463328
TTE_EC,0.2756432045227273
TTE_EC,0.1337250803034366
TTE_EC,0.023135805206439333
TTE_EC,0.011653650466668459
TTE_EC,0.011473799142254883
TTE_EC,0.01664168047752887
TTE_EC,0.036473172015088796
TTE_EC,0.012490336522102057
TTE_EC,0.007875234189997613
TTE_EC,0.002534401073414058
TTE_EC,0.01036056210915529
TTE_EC,0.0067393518149631414
TTE_EC,0.013879878867426254
TTE_EC,0.01664058356595883
TTE_EC,0.014684361635502477
TTE_EC,0.016045123694630962
TTE_EC,0.023665702356510086
TTE_EC,0.017527937477661956
TTE_EC,0.026665580514099604
TTE_EC,0.010577209658366695
TTE_EC,0.009462878773732999
TTE_EC,0.011260065501456097
TTE_EC,0.028754314258553584
TTE_EC,0.03366561811843257
TTE_EC,0.03049637205681448
TTE_EC,0.026112638446146627
TTE_EC,0.02856644585162926
TTE_EC,0.04325888894165057
TTE_EC,0.041970328439107384
TTE_EC,0.041389776761792674
TTE_EC,0.04497066666156427
TTE_EC,0.09181579806888701
TTE_EC,0.10555558339144683
TTE_EC,0.31301969619235376
TTE_EC,0.4407931992307662
TTE_EC,0.4979422630102419
TTE_EC,0.04484899185744502
TTE_EC,0.042171524513131775
TTE_EC,0.03209868813503234
TTE_EC,0.05450778726307911
TTE_EC,0.04423341792007174
TTE_EC,0.022581291373002
TTE_EC,0.020410143706156608
TTE_EC,0.03158325629534254
TTE_EC,0.11584924711436428
TTE_EC,0.1599683761504912
TTE_EC,0.28038354830837475
VLO_EC,0.15780603565345852
VLO_EC,0.16418890723977775
VLO_EC,0.13365471236913545
VLO_EC,0.18356396110188683
VLO_EC,0.18266357114733772
VLO_EC,0.16703769713442246
VLO_EC,0.08875016459622326
VLO_EC,0.06623868518841186
VLO_EC,0.032842062059547546
VLO_EC,0.05830390318257374
VLO_EC,0.10996808710122624
VLO_EC,0.08089413510467774
VLO_EC,0.08182809319891948
VLO_EC,0.047813733295816854
VLO_EC,0.061979729047483646
VLO_EC,0.07386095989417402
VLO_EC,0.06166129949329699
VLO_EC,0.04910818013674837
VLO_EC,0.03604377086314365
VLO_EC,0.03867706368977715
VLO_EC,0.045022530113734346
VLO_EC,0.18706510770639595
VLO_EC,0.13777757766493115
VLO_EC,0.05794045298500705
VLO_EC,0.0197207807275231
VLO_EC,0.0175043864605084
VLO_EC,0.04610468742574209
VLO_EC,0.06632462110968491
VLO_EC,0.05743215558261576
VLO_EC,0.04041851007130046
VLO_EC,0.05974924027239521
VLO_EC,0.06865010017493678
VLO_EC,0.04342171004107599
VLO_EC,0.09084256389666817
VLO_EC,0.049615823117349314
VLO_EC,0.07914649686724506
VLO_EC,0.11309291464811705
VLO_EC,0.12986611693372957
VLO_EC,0.0950695636365993
VLO_EC,0.22990125581633464
VLO_EC,0.06297299317178119
VLO_EC,0.19595108662769084
VLO_EC,0.160645066909133
VLO_EC,0.12489703381728778
VLO_EC,0.26157872727544573
VLO_EC,0.6166507840903452
VLO_EC,0.7593012567621311
VLO_EC,0.9410163457634388
VLO_EC,0.8866117140418216
VLO_EC,0.9464689925478013
VLO_EC,0.9495276899842164
EURN_ENB,0.08065554723225377
EURN_ENB,0.10207438916170875
EURN_ENB,0.0872887127619199
EURN_ENB,0.0793835863767261
EURN_ENB,0.07850485105266593
EURN_ENB,0.09929466466464298
EURN_ENB,0.07410315071939855
EURN_ENB,0.03815301452143432
EURN_ENB,0.06111840525568837
EURN_ENB,0.05313546189838984
EURN_ENB,0.050133543200565324
EURN_ENB,0.039549085514365145
EURN_ENB,0.042222622824032
EURN_ENB,0.04491086080847198
EURN_ENB,0.06630523936370045
EURN_ENB,0.055755164735811547
EURN_ENB,0.06643215016916738
EURN_ENB,0.051846526928544016
EURN_ENB,0.04294186840950071
EURN_ENB,0.05417871050830174
EURN_ENB,0.06005172328026723
EURN_ENB,0.05875665706489048
EURN_ENB,0.04955220309421409
EURN_ENB,0.0448252604669103
EURN_ENB,0.03000525326453044
EURN_ENB,0.04274303020952205
EURN_ENB,0.03810615423223602
EURN_ENB,0.04961577518336055
EURN_ENB,0.047828468751485644
EURN_ENB,0.04676954940270833
EURN_ENB,0.03976553040577536
EURN_ENB,0.040027994825758854
EURN_ENB,0.03251633076438496
EURN_ENB,0.014473169045066124
EURN_ENB,0.009622438089807409
EURN_ENB,0.0048947425161227215
EURN_ENB,0.0033933124202273996
EURN_ENB,0.002554793341168457
EURN_ENB,0.001996340597869128
EURN_ENB,0.001057450796469858
EURN_ENB,0.0014959104218181293
EURN_ENB,0.0012272172776378765
EURN_ENB,0.0007041726494624676
EURN_ENB,0.011543760296729379
EURN_ENB,0.0024868374490248355
EURN_ENB,0.0012040691108594875
EURN_ENB,0.003559026799438519
EURN_ENB,0.010403280658123593
EURN_ENB,0.009302928017472298
EURN_ENB,0.0012533826539961501
EURN_ENB,0.011516976760018192
HAL_EQNR,0.49555698072195514
HAL_EQNR,0.36515420507972973
HAL_EQNR,0.21400980692614907
HAL_EQNR,0.21997506830613528
HAL_EQNR,0.2424138578519543
HAL_EQNR,0.21849389144840997
HAL_EQNR,0.23010107915651312
HAL_EQNR,0.09826221034727661
HAL_EQNR,0.027253152323711654
HAL_EQNR,0.014387397206204817
HAL_EQNR,0.008500834675644406
HAL_EQNR,0.005373407472730929
HAL_EQNR,0.03598648946063832
HAL_EQNR,0.024876153942592554
HAL_EQNR,0.026840859286884896
HAL_EQNR,0.054952268193617364
HAL_EQNR,0.01812707088899216
HAL_EQNR,0.005511233928144879
HAL_EQNR,0.012640983274361044
HAL_EQNR,0.16401377756056013
HAL_EQNR,0.14806715573693413
HAL_EQNR,0.5977521520747113
HAL_EQNR,0.456733818335093
HAL_EQNR,0.5032183826445046
HAL_EQNR,0.21231637149632965
HAL_EQNR,0.37804050876804746
HAL_EQNR,0.5743062244471384
HAL_EQNR,0.8124694395574401
HAL_EQNR,0.9142292571470361
HAL_EQNR,0.9445497289345415
HAL_EQNR,0.9201441308643299
HAL_EQNR,0.7233470809445459
HAL_EQNR,0.5280463022848595
HAL_EQNR,0.7236112141179964
HAL_EQNR,0.3509606924641516
HAL_EQNR,0.22040457041381206
HAL_EQNR,0.287874831185059
HAL_EQNR,0.04976492942494559
HAL_EQNR,0.09237448659478631
HAL_EQNR,0.06717708885538475
HAL_EQNR,0.014464479230026028
HAL_EQNR,0.024810832396296823
HAL_EQNR,0.022786036766892576
HAL_EQNR,0.033273839863011606
HAL_EQNR,0.07569397651091435
HAL_EQNR,0.05697390621627546
HAL_EQNR,0.05215766813506763
HAL_EQNR,0.06981069261449346
HAL_EQNR,0.025558042932451727
HAL_EQNR,0.045365508938170596
HAL_EQNR,0.07929544874194483
SWN_EQT,0.0899497371147085
SWN_EQT,0.0953991215439633
SWN_EQT,0.09889833731735537
SWN_EQT,0.08621912630935152
SWN_EQT,0.07887644257366394
SWN_EQT,0.07484504649086976
SWN_EQT,0.0820163166042307
SWN_EQT,0.09823775895202974
SWN_EQT,0.08136353677435343
SWN_EQT,0.08627261149841847
SWN_EQT,0.07130361769004684
SWN_EQT,0.060467510336455914
SWN_EQT,0.026360128272517283
SWN_EQT,0.09432432293897708
SWN_EQT,0.10183796580233806
SWN_EQT,0.06872128479791415
SWN_EQT,0.09317570908450262
SWN_EQT,0.050912239757715264
SWN_EQT,0.0537946461614907
SWN_EQT,0.03653275860727256
SWN_EQT,0.045819799816505934
SWN_EQT,0.07198493655517291
SWN_EQT,0.03450528804382356
SWN_EQT,0.052588360865543464
SWN_EQT,0.020725809091055758
SWN_EQT,0.031861262443590305
SWN_EQT,0.01787355317732799
SWN_EQT,0.03215013062411411
SWN_EQT,0.031726201504014215
SWN_EQT,0.0317488099573745
SWN_EQT,0.02126651893692252
SWN_EQT,0.017333566061268867
SWN_EQT,0.1400564270124861
SWN_EQT,0.23917598887014613
SWN_EQT,0.24945735475444153
SWN_EQT,0.26071823418854945
SWN_EQT,0.2442381679427304
SWN_EQT,0.2686940265846116
SWN_EQT,0.2558900619293902
SWN_EQT,0.25840493765719447
SWN_EQT,0.2639492265160142
SWN_EQT,0.33032982444058157
SWN_EQT,0.41017113869370225
SWN_EQT,0.41580968123910556
SWN_EQT,0.7036550847539634
SWN_EQT,0.7795335760589046
SWN_EQT,0.8504797350381279
SWN_EQT,0.40846384275474457
SWN_EQT,0.2815448930640905
SWN_EQT,0.31248616720532063
SWN_EQT,0.6880833450045584
STNG_GPRK,0.11076304036467932
STNG_GPRK,0.24010413316177937
STNG_GPRK,0.15810947547466098
STNG_GPRK,0.10113147694878799
STNG_GPRK,0.12194683565952746
STNG_GPRK,0.11760902129267076
STNG_GPRK,0.08338812763027253
STNG_GPRK,0.06779801587885839
STNG_GPRK,0.06747937344047028
STNG_GPRK,0.03777010485796324
STNG_GPRK,0.06541206422968075
STNG_GPRK,0.11208663551864195
STNG_GPRK,0.07436499118517996
STNG_GPRK,0.07453035906803253
STNG_GPRK,0.10938537932795867
STNG_GPRK,0.11779508519976628
STNG_GPRK,0.08911500772851666
STNG_GPRK,0.06468403982744463
STNG_GPRK,0.07823941300764081
STNG_GPRK,0.0668458357013987
STNG_GPRK,0.08831432333030181
STNG_GPRK,0.08171470461874492
STNG_GPRK,0.08485475635729323
STNG_GPRK,0.10863400150111585
STNG_GPRK,0.08803111297263727
STNG_GPRK,0.06660805124058101
STNG_GPRK,0.049039150582970495
STNG_GPRK,0.037039544059383304
STNG_GPRK,0.04105930283258455
STNG_GPRK,0.033352031603658676
STNG_GPRK,0.033505655775755254
STNG_GPRK,0.04359470394320328
STNG_GPRK,0.058991871638460425
STNG_GPRK,0.05238191392212673
STNG_GPRK,0.05210813868628912
STNG_GPRK,0.05051015468057207
STNG_GPRK,0.02827739352658201
STNG_GPRK,0.030777427768959455
STNG_GPRK,0.02877201756481082
STNG_GPRK,0.04521560720689259
STNG_GPRK,0.024338550287011575
STNG_GPRK,0.0451904148471585
STNG_GPRK,0.04992090345353627
STNG_GPRK,0.045088234234811335
STNG_GPRK,0.05887620162404039
STNG_GPRK,0.08279311769617331
STNG_GPRK,0.09016738527004364
STNG_GPRK,0.16682900702458148
STNG_GPRK,0.4349164782204847
STNG_GPRK,0.4473154561798255
STNG_GPRK,0.7741913173863039
MPC_HAL,0.1337636463263442
MPC_HAL,0.08669716776126463
MPC_HAL,0.07288425867300062
MPC_HAL,0.09474133813817892
MPC_HAL,0.15279211243084434
MPC_HAL,0.14510964539821858
MPC_HAL,0.21629792594881542
MPC_HAL,0.13088050949973662
MPC_HAL,0.08363518023396471
MPC_HAL,0.07777587383118009
MPC_HAL,0.06413868327661336
MPC_HAL,0.06007774130936516
MPC_HAL,0.04614590037103902
MPC_HAL,0.06282057483922658
MPC_HAL,0.08552194081963954
MPC_HAL,0.06163902472501183
MPC_HAL,0.07037320730565064
MPC_HAL,0.028228843115574734
MPC_HAL,0.039398411425864706
MPC_HAL,0.10852390978686138
MPC_HAL,0.05046791047521032
MPC_HAL,0.044513420946843595
MPC_HAL,0.04438552775536675
MPC_HAL,0.19623286484912622
MPC_HAL,0.1267892673071917
MPC_HAL,0.16414882587795365
MPC_HAL,0.3341495004952584
MPC_HAL,0.31033858358251754
MPC_HAL,0.3540340833906949
MPC_HAL,0.34886477964756496
MPC_HAL,0.3182422210820216
MPC_HAL,0.31963176893011125
MPC_HAL,0.33086397668643364
MPC_HAL,0.4554849631164841
MPC_HAL,0.3773209677462931
MPC_HAL,0.2996738449222321
MPC_HAL,0.36214451576277595
MPC_HAL,0.2632582703235826
MPC_HAL,0.12814456977940347
MPC_HAL,0.17016298935674967
MPC_HAL,0.04558719709468931
MPC_HAL,0.02430518625467123
MPC_HAL,0.07618562415338498
MPC_HAL,0.02657516659561821
MPC_HAL,0.027046421051444437
MPC_HAL,0.021333560413983238
MPC_HAL,0.013332862613468851
MPC_HAL,0.030846079286054547
MPC_HAL,0.03520469646226706
MPC_HAL,0.025707240709997657
MPC_HAL,0.1511843206525993
OXY_HP,0.03490247327370944
OXY_HP,0.06029499923539591
OXY_HP,0.04643530197448419
OXY_HP,0.04347072630050652
OXY_HP,0.04190041468496397
OXY_HP,0.04353838788224791
OXY_HP,0.03885112138755708
OXY_HP,0.037370218043342514
OXY_HP,0.04965653558843452
OXY_HP,0.06505359007247193
OXY_HP,0.05541682778136791
OXY_HP,0.058844292303202
OXY_HP,0.02845724101894648
OXY_HP,0.02060837863596126
OXY_HP,0.013873286369390307
OXY_HP,0.009433334414136277
OXY_HP,0.018954120836420882
OXY_HP,0.01970778620793141
OXY_HP,0.023640830719769676
OXY_HP,0.01912916998924876
OXY_HP,0.02195363036729377
OXY_HP,0.011939400059977071
OXY_HP,0.004754918619681729
OXY_HP,0.0021218120784769015
OXY_HP,0.006209853826576774
OXY_HP,0.022122247586312115
OXY_HP,0.017865323871654366
OXY_HP,0.016721930257434743
OXY_HP,0.03206206831344986
OXY_HP,0.03480702931691684
OXY_HP,0.0329104365276363
OXY_HP,0.03135890645520907
OXY_HP,0.037663592699849875
OXY_HP,0.010041076512051519
OXY_HP,0.007467751067163465
OXY_HP,0.004451486659427001
OXY_HP,0.01292446065420933
OXY_HP,0.007354810171561999
OXY_HP,0.014628350318118943
OXY_HP,0.00884390596225805
OXY_HP,0.004551708662561299
OXY_HP,0.1978818286068501
OXY_HP,0.2044579829006964
OXY_HP,0.20884428022842233
OXY_HP,0.12169557945655696
OXY_HP,0.1439791823658187
OXY_HP,0.12441822122530966
OXY_HP,0.05314457765396919
OXY_HP,0.2357580410093642
OXY_HP,0.17272414957919557
OXY_HP,0.3376516339214902
STNG_INT,0.026328607284821268
STNG_INT,0.10333537630803658
STNG_INT,0.07721498283512608
STNG_INT,0.04931007655007022
STNG_INT,0.03058953301186243
STNG_INT,0.03296211764460286
STNG_INT,0.036549969979645464
STNG_INT,0.04214317711389286
STNG_INT,0.07902516034607882
STNG_INT,0.0577719531927865
STNG_INT,0.09980017067606439
STNG_INT,0.1854749252912285
STNG_INT,0.16370933134373905
STNG_INT,0.15227969921223583
STNG_INT,0.1494608071334937
STNG_INT,0.1213783190255136
STNG_INT,0.12410835998350828
STNG_INT,0.07156424064438352
STNG_INT,0.060035047681039684
STNG_INT,0.02941101766249702
STNG_INT,0.02078801658000612
STNG_INT,0.0064681138306043
STNG_INT,0.019218765796347004
STNG_INT,0.06651463955790309
STNG_INT,0.0463787655235383
STNG_INT,0.04878289178166488
STNG_INT,0.06399164796496243
STNG_INT,0.04448666052571363
STNG_INT,0.045702626924914155
STNG_INT,0.06235782339410283
STNG_INT,0.042486590319493214
STNG_INT,0.04924908546934721
STNG_INT,0.04401987258794819
STNG_INT,0.04413764899996109
STNG_INT,0.04757011374945295
STNG_INT,0.035732441228290904
STNG_INT,0.05376842799116772
STNG_INT,0.04938867618428469
STNG_INT,0.05362292842266227
STNG_INT,0.04395488000118606
STNG_INT,0.036773023879050765
STNG_INT,0.028917548282451622
STNG_INT,0.020595058400565698
STNG_INT,0.030960023078782477
STNG_INT,0.045488042651626794
STNG_INT,0.2669658637821925
STNG_INT,0.3767023156052485
STNG_INT,0.7062939155670735
STNG_INT,0.8282738155357873
STNG_INT,0.7061363820527693
STNG_INT,0.8682036772432622
STNG_KMI,0.06061960195878352
STNG_KMI,0.16337974124486399
STNG_KMI,0.08853997944645481
STNG_KMI,0.0489383276715053
STNG_KMI,0.04303692060005499
STNG_KMI,0.037691035933235015
STNG_KMI,0.02670867786893227
STNG_KMI,0.029228005435859676
STNG_KMI,0.03622236052918894
STNG_KMI,0.03250519753861495
STNG_KMI,0.03621847758114091
STNG_KMI,0.04777566576569975
STNG_KMI,0.050781387800685966
STNG_KMI,0.03848762204492495
STNG_KMI,0.03233480561370362
STNG_KMI,0.030343830664431495
STNG_KMI,0.023800787944783516
STNG_KMI,0.010923919748620201
STNG_KMI,0.005597950123624289
STNG_KMI,0.002491712772415614
STNG_KMI,0.0026723700281100385
STNG_KMI,0.0015781157154741109
STNG_KMI,0.007424924577760426
STNG_KMI,0.005249287990142518
STNG_KMI,0.0136747141239618
STNG_KMI,0.019749005411662236
STNG_KMI,0.030435613205775112
STNG_KMI,0.02354267883646928
STNG_KMI,0.017858459614497647
STNG_KMI,0.024907179237018098
STNG_KMI,0.02255588293773146
STNG_KMI,0.039844122873878576
STNG_KMI,0.04042174076120554
STNG_KMI,0.04153844550176248
STNG_KMI,0.054258564193280165
STNG_KMI,0.06775064308711876
STNG_KMI,0.09388064555226522
STNG_KMI,0.1735261920988213
STNG_KMI,0.16690453371603847
STNG_KMI,0.16633319209029923
STNG_KMI,0.14305151835987862
STNG_KMI,0.18883227785799994
STNG_KMI,0.17630661883400223
STNG_KMI,0.1796580219123357
STNG_KMI,0.15931516247814703
STNG_KMI,0.15226175488974358
STNG_KMI,0.11942971123980645
STNG_KMI,0.15784186627213376
STNG_KMI,0.2915930002995122
STNG_KMI,0.2499511004416367
STNG_KMI,0.3537086116897728
STNG_KOS,0.046251766213876715
STNG_KOS,0.1112433315913347
STNG_KOS,0.07913854466434672
STNG_KOS,0.05395763778680944
STNG_KOS,0.07290254447317843
STNG_KOS,0.09066049352054356
STNG_KOS,0.08663771392515152
STNG_KOS,0.08477681982829488
STNG_KOS,0.08397851463362171
STNG_KOS,0.07606795674549188
STNG_KOS,0.10377498554490483
STNG_KOS,0.125753957388198
STNG_KOS,0.11450031986312625
STNG_KOS,0.10943157332563141
STNG_KOS,0.09330490122385887
STNG_KOS,0.09347033796902421
STNG_KOS,0.09944086676812691
STNG_KOS,0.10681026121631776
STNG_KOS,0.11205049331440486
STNG_KOS,0.1066189843583299
STNG_KOS,0.11537942211328506
STNG_KOS,0.12895711924814535
STNG_KOS,0.12968621637494476
STNG_KOS,0.1397362639048561
STNG_KOS,0.09647280528355096
STNG_KOS,0.06162041509378807
STNG_KOS,0.04422634543392916
STNG_KOS,0.03468493167232002
STNG_KOS,0.017889445686628504
STNG_KOS,0.01615069319371005
STNG_KOS,0.027134960744271994
STNG_KOS,0.018987350593634794
STNG_KOS,0.03114659083994332
STNG_KOS,0.027710384452822766
STNG_KOS,0.03301348190293631
STNG_KOS,0.039494153733348185
STNG_KOS,0.02219945264438534
STNG_KOS,0.04318459435265877
STNG_KOS,0.033560967291118536
STNG_KOS,0.04174038438074969
STNG_KOS,0.019435109112372614
STNG_KOS,0.07092567597903152
STNG_KOS,0.10548816661651322
STNG_KOS,0.12300495434071107
STNG_KOS,0.09071369247422639
STNG_KOS,0.056951125500619385
STNG_KOS,0.04543164183383725
STNG_KOS,0.04730218665114073
STNG_KOS,0.06965457631355765
STNG_KOS,0.08072898538177031
STNG_KOS,0.19251614541379874
PBA_OII,0.06211306508240144
PBA_OII,0.052055819917756686
PBA_OII,0.05726963795968032
PBA_OII,0.05773376846336491
PBA_OII,0.0812779495547456
PBA_OII,0.09818290449145112
PBA_OII,0.09338489971983271
PBA_OII,0.10182757448062713
PBA_OII,0.0913949750959957
PBA_OII,0.0776419756907844
PBA_OII,0.08360451836687005
PBA_OII,0.07452618245065215
PBA_OII,0.08893295815770502
PBA_OII,0.07659339977819535
PBA_OII,0.06083425263960187
PBA_OII,0.06096343470526957
PBA_OII,0.0568128500111804
PBA_OII,0.06994013344111102
PBA_OII,0.07186580421537053
PBA_OII,0.08053897904982432
PBA_OII,0.0690375875384628
PBA_OII,0.07328701406572184
PBA_OII,0.06117008360558499
PBA_OII,0.06342201226072859
PBA_OII,0.05447299974991241
PBA_OII,0.038837678477830345
PBA_OII,0.020584651705702634
PBA_OII,0.00740908439940696
PBA_OII,0.003600859807035535
PBA_OII,0.014548880483250383
PBA_OII,0.008564744351776829
PBA_OII,0.005752431416674521
PBA_OII,0.013321218869505293
PBA_OII,0.01581955556098432
PBA_OII,0.005807690615157876
PBA_OII,0.004812032162668931
PBA_OII,0.013420373250706158
PBA_OII,0.012497075176634601
PBA_OII,0.01618550333344845
PBA_OII,0.01701481195860556
PBA_OII,0.023748926279865783
PBA_OII,0.031349407989033864
PBA_OII,0.02324793425684458
PBA_OII,0.10160568078559434
PBA_OII,0.16984796595307095
PBA_OII,0.19605525541953028
PBA_OII,0.3015940679307975
PBA_OII,0.6209408606862732
PBA_OII,0.3036881183485074
PBA_OII,0.5217548808155861
PBA_OII,0.6304824378413444
STNG_OKE,0.0379751346603849
STNG_OKE,0.10654031054500795
STNG_OKE,0.047106583168096614
STNG_OKE,0.025209875265666558
STNG_OKE,0.022242573226099766
STNG_OKE,0.0197030848609741
STNG_OKE,0.01229373253699592
STNG_OKE,0.012037033375414168
STNG_OKE,0.0075429735905684185
STNG_OKE,0.005945890720159202
STNG_OKE,0.010971997569138603
STNG_OKE,0.016213580914431775
STNG_OKE,0.015613273946002005
STNG_OKE,0.016716901172628605
STNG_OKE,0.01533153649403394
STNG_OKE,0.015537762869408207
STNG_OKE,0.014635884825535793
STNG_OKE,0.013854343110558408
STNG_OKE,0.01549879837460498
STNG_OKE,0.011456750373597942
STNG_OKE,0.011844251002804512
STNG_OKE,0.011480858198500532
STNG_OKE,0.01681288850919431
STNG_OKE,0.01944644987378858
STNG_OKE,0.01972804487455165
STNG_OKE,0.023764996801807256
STNG_OKE,0.02922838620148999
STNG_OKE,0.02870962429998691
STNG_OKE,0.01915248006362094
STNG_OKE,0.028432294875485063
STNG_OKE,0.033902800236220235
STNG_OKE,0.05885316962749139
STNG_OKE,0.10508764995814335
STNG_OKE,0.11467549740575955
STNG_OKE,0.18488777807150147
STNG_OKE,0.2027325853151622
STNG_OKE,0.1954169934434291
STNG_OKE,0.272789008445836
STNG_OKE,0.2452763804544696
STNG_OKE,0.24866577569692366
STNG_OKE,0.23220648940900568
STNG_OKE,0.27863651822262936
STNG_OKE,0.2424389272232998
STNG_OKE,0.22101220483690576
STNG_OKE,0.20081802276297706
STNG_OKE,0.19609943561279003
STNG_OKE,0.17482916004065513
STNG_OKE,0.2667966919638505
STNG_OKE,0.354377900373673
STNG_OKE,0.3029522355523638
STNG_OKE,0.46892252723579836
RIG_OXY,0.040573857909957343
RIG_OXY,0.04816291999608189
RIG_OXY,0.028355452684137732
RIG_OXY,0.014247049162872743
RIG_OXY,0.021258201067335128
RIG_OXY,0.01208672632043377
RIG_OXY,0.03622465075171495
RIG_OXY,0.041807292564371816
RIG_OXY,0.04576640177575946
RIG_OXY,0.02880630086898595
RIG_OXY,0.042503158665592226
RIG_OXY,0.05044897654453848
RIG_OXY,0.04786502072188572
RIG_OXY,0.04434296812865194
RIG_OXY,0.044729889389838635
RIG_OXY,0.03954664540610859
RIG_OXY,0.024211406915049322
RIG_OXY,0.0205330700657263
RIG_OXY,0.016602269480915935
RIG_OXY,0.026237152028639965
RIG_OXY,0.03034644269552266
RIG_OXY,0.02090865781648529
RIG_OXY,0.014856619395582693
RIG_OXY,0.009468785315264787
RIG_OXY,0.027764695618862814
RIG_OXY,0.012163354749565633
RIG_OXY,0.008713450491634835
RIG_OXY,0.0006662848854695788
RIG_OXY,0.00010642015543897411
RIG_OXY,8.204680250764806e-05
RIG_OXY,0.00031268540823874234
RIG_OXY,0.0024042667443510803
RIG_OXY,0.006629718555252847
RIG_OXY,0.011308744744178137
RIG_OXY,0.015132561127710633
RIG_OXY,0.02191691729921241
RIG_OXY,0.03107127322850038
RIG_OXY,0.053559254957791694
RIG_OXY,0.13568546228429867
RIG_OXY,0.2569446554103706
RIG_OXY,0.44290882129669085
RIG_OXY,0.47530587425396215
RIG_OXY,0.6095551230022562
RIG_OXY,0.4406587821276343
RIG_OXY,0.6266131723808475
RIG_OXY,0.8144145233222846
RIG_OXY,0.6195620125186142
RIG_OXY,0.3901038055870694
RIG_OXY,0.451047634062789
RIG_OXY,0.7135236113830684
RIG_OXY,0.6925069612343111
VET_PBR,0.9235774606447826
VET_PBR,0.8532657078358621
VET_PBR,0.8524833878603657
VET_PBR,0.8546933929101165
VET_PBR,0.8000208592720202
VET_PBR,0.6330169972417466
VET_PBR,0.62789063986104
VET_PBR,0.521939121881293
VET_PBR,0.4561022151613722
VET_PBR,0.4394593060659067
VET_PBR,0.5829870257127391
VET_PBR,0.6531100658501489
VET_PBR,0.6549536102605907
VET_PBR,0.7529051379336613
VET_PBR,0.6986687931443253
VET_PBR,0.4957459676255019
VET_PBR,0.4156234241470281
VET_PBR,0.4134545237837657
VET_PBR,0.3739890468146846
VET_PBR,0.0497306474201422
VET_PBR,0.04818673391157832
VET_PBR,0.02023486000790727
VET_PBR,0.0169884738231354
VET_PBR,0.061335942818430994
VET_PBR,0.039163078105208415
VET_PBR,0.0026767066860209927
VET_PBR,0.0010383094158835174
VET_PBR,0.0003493801179325927
VET_PBR,0.032226909676911566
VET_PBR,0.11784399197611117
VET_PBR,0.0856770504755453
VET_PBR,0.027286666408029254
VET_PBR,0.032431870498247896
VET_PBR,0.030093039820159016
VET_PBR,0.06534891997867719
VET_PBR,0.08582541080763523
VET_PBR,0.06347599416437893
VET_PBR,0.059435827632051665
VET_PBR,0.0523942635633531
VET_PBR,0.0461272600213404
VET_PBR,0.05506822311843249
VET_PBR,0.004676368754338963
VET_PBR,0.012218262582918284
VET_PBR,0.0008840158058313526
VET_PBR,0.009606809068006258
VET_PBR,0.016912232179023406
VET_PBR,0.005773228550237407
VET_PBR,0.08711234711068438
VET_PBR,0.05215428527021153
VET_PBR,0.16558268007423382
VET_PBR,0.4305694223702115
STNG_PBR-A,0.07708394844400769
STNG_PBR-A,0.18228443869367034
STNG_PBR-A,0.10011314532239435
STNG_PBR-A,0.06810821365071006
STNG_PBR-A,0.07496583228977209
STNG_PBR-A,0.06641256623193344
STNG_PBR-A,0.054761337281429505
STNG_PBR-A,0.04721016563255826
STNG_PBR-A,0.041314667035113356
STNG_PBR-A,0.03960532904325971
STNG_PBR-A,0.09130673851201271
STNG_PBR-A,0.1320113497311477
STNG_PBR-A,0.1108705044350567
STNG_PBR-A,0.12246943277012157
STNG_PBR-A,0.09241986332130508
STNG_PBR-A,0.061066075831288785
STNG_PBR-A,0.0677769426904953
STNG_PBR-A,0.06694971453970722
STNG_PBR-A,0.06910705263982353
STNG_PBR-A,0.022027201358961454
STNG_PBR-A,0.02404326683386655
STNG_PBR-A,0.030072967426927243
STNG_PBR-A,0.05578230083160941
STNG_PBR-A,0.08880414495961492
STNG_PBR-A,0.06800861985908087
STNG_PBR-A,0.060629638835964624
STNG_PBR-A,0.0662868703589304
STNG_PBR-A,0.06242798767026262
STNG_PBR-A,0.050665349833616535
STNG_PBR-A,0.04456584633037493
STNG_PBR-A,0.06389175065397806
STNG_PBR-A,0.07126143433378712
STNG_PBR-A,0.08425142846970562
STNG_PBR-A,0.07500904246675814
STNG_PBR-A,0.10130252398705752
STNG_PBR-A,0.1284021505940925
STNG_PBR-A,0.09730267100451229
STNG_PBR-A,0.17440408545705016
STNG_PBR-A,0.2107576521668646
STNG_PBR-A,0.2472983352068705
STNG_PBR-A,0.21304382243950098
STNG_PBR-A,0.2989355750047914
STNG_PBR-A,0.2615777290107242
STNG_PBR-A,0.2759260742314746
STNG_PBR-A,0.2080209690828514
STNG_PBR-A,0.2111937815979258
STNG_PBR-A,0.16119627922849616
STNG_PBR-A,0.28776598995637714
STNG_PBR-A,0.31826282467194716
STNG_PBR-A,0.2236662075388679
STNG_PBR-A,0.42357312723392687
STNG_PSX,0.04322756286923858
STNG_PSX,0.13353525393622956
STNG_PSX,0.07490421195331338
STNG_PSX,0.03574842603309411
STNG_PSX,0.033563636598595264
STNG_PSX,0.03711451278815296
STNG_PSX,0.03297416055247195
STNG_PSX,0.04164875940406258
STNG_PSX,0.04985200695052705
STNG_PSX,0.036710740676381755
STNG_PSX,0.06303403156924654
STNG_PSX,0.0840184793861602
STNG_PSX,0.07376554376458996
STNG_PSX,0.0666069218137766
STNG_PSX,0.07033566310567357
STNG_PSX,0.07719452599829897
STNG_PSX,0.07378771995451586
STNG_PSX,0.07473761347843158
STNG_PSX,0.0759723902699053
STNG_PSX,0.07430132572209414
STNG_PSX,0.0744749839592066
STNG_PSX,0.07429209164520001
STNG_PSX,0.0802764752158538
STNG_PSX,0.07194003517031175
STNG_PSX,0.06169576254084645
STNG_PSX,0.044571476153860416
STNG_PSX,0.04007517269505737
STNG_PSX,0.03511745320889041
STNG_PSX,0.012571098565476594
STNG_PSX,0.010768941413207257
STNG_PSX,0.016011918285498437
STNG_PSX,0.01703361548140518
STNG_PSX,0.021923152113466366
STNG_PSX,0.020996635146811295
STNG_PSX,0.0216476378032369
STNG_PSX,0.023823511641368745
STNG_PSX,0.016388700946094136
STNG_PSX,0.06924794876814618
STNG_PSX,0.054712485137217846
STNG_PSX,0.09809560825082375
STNG_PSX,0.04224998135521429
STNG_PSX,0.049445448106320226
STNG_PSX,0.036916563162871806
STNG_PSX,0.03297734059045024
STNG_PSX,0.03077149048842882
STNG_PSX,0.037046509047272205
STNG_PSX,0.03116537407702282
STNG_PSX,0.04513559305549762
STNG_PSX,0.1474087312602328
STNG_PSX,0.18063744923577385
STNG_PSX,0.3242716765691612
VLO_RIG,0.026067676156918202
VLO_RIG,0.02342203650248401
VLO_RIG,0.016660518790674945
VLO_RIG,0.013873984136549175
VLO_RIG,0.01810740611431757
VLO_RIG,0.012198694711843603
VLO_RIG,0.030081815998996987
VLO_RIG,0.0392226885299843
VLO_RIG,0.019631841058607068
VLO_RIG,0.012146472091884778
VLO_RIG,0.023663967191244927
VLO_RIG,0.018573143574577705
VLO_RIG,0.02292299507586551
VLO_RIG,0.020919864086296383
VLO_RIG,0.020738838683504675
VLO_RIG,0.030857692679688766
VLO_RIG,0.028883162363631545
VLO_RIG,0.027789954635044096
VLO_RIG,0.032913232922753916
VLO_RIG,0.04503032956630718
VLO_RIG,0.06247805351079841
VLO_RIG,0.08831121374242729
VLO_RIG,0.09397717548259943
VLO_RIG,0.09100740521071798
VLO_RIG,0.04836409731679696
VLO_RIG,0.04426936121863962
VLO_RIG,0.05309344490569459
VLO_RIG,0.06571772509109843
VLO_RIG,0.06147098378614335
VLO_RIG,0.048048464133309286
VLO_RIG,0.07078645540907041
VLO_RIG,0.0654667304220979
VLO_RIG,0.044591033990117664
VLO_RIG,0.07372789852553492
VLO_RIG,0.02683389899476111
VLO_RIG,0.03625698515669387
VLO_RIG,0.0723410670852846
VLO_RIG,0.11553403715144445
VLO_RIG,0.07402891615206288
VLO_RIG,0.22452296938504124
VLO_RIG,0.08179350869396823
VLO_RIG,0.12719591794944307
VLO_RIG,0.2652873565291982
VLO_RIG,0.27472496866897367
VLO_RIG,0.43942511834718906
VLO_RIG,0.9256103152155246
VLO_RIG,0.8678747640521549
VLO_RIG,0.9834354395579048
VLO_RIG,0.4477701548040317
VLO_RIG,0.6420815578947898
VLO_RIG,0.7326769130027764
STNG_SFL,0.001149648179626721
STNG_SFL,0.030197519206021987
STNG_SFL,0.010946762633845144
STNG_SFL,0.003025170652271019
STNG_SFL,0.0009769417078215152
STNG_SFL,0.0008648676607243014
STNG_SFL,0.0014456305581170134
STNG_SFL,0.0006958005908897923
STNG_SFL,0.0012575231213778615
STNG_SFL,0.0010593640265742885
STNG_SFL,0.0031530184595413018
STNG_SFL,0.004446607924386897
STNG_SFL,0.005627142892289921
STNG_SFL,0.00783834623213846
STNG_SFL,0.006625640070745796
STNG_SFL,0.006426507596380585
STNG_SFL,0.012198608947497323
STNG_SFL,0.01995731071515071
STNG_SFL,0.027258872685237658
STNG_SFL,0.025195466785559003
STNG_SFL,0.02051859691316448
STNG_SFL,0.0386684010909068
STNG_SFL,0.05631983046241309
STNG_SFL,0.1264758865700923
STNG_SFL,0.06701664598334005
STNG_SFL,0.050470102818967105
STNG_SFL,0.035820032485642646
STNG_SFL,0.02693854919165736
STNG_SFL,0.022392696319013597
STNG_SFL,0.021097863709212357
STNG_SFL,0.030456906182278563
STNG_SFL,0.0213129124178958
STNG_SFL,0.025423393333617584
STNG_SFL,0.030157089883537415
STNG_SFL,0.039432356497536875
STNG_SFL,0.03637709927759508
STNG_SFL,0.02839316938649667
STNG_SFL,0.057028642753263505
STNG_SFL,0.04655883121452673
STNG_SFL,0.03624556416849582
STNG_SFL,0.06262974090270279
STNG_SFL,0.12869518780633288
STNG_SFL,0.09860372587651428
STNG_SFL,0.089980803979469
STNG_SFL,0.0679282461634797
STNG_SFL,0.06540023603852761
STNG_SFL,0.048170704485171696
STNG_SFL,0.14776252386213296
STNG_SFL,0.40342210611241264
STNG_SFL,0.3707847266878872
STNG_SFL,0.6072116616816129
VET_TGS,0.10232792286670844
VET_TGS,0.0806821012847379
VET_TGS,0.07827346924887553
VET_TGS,0.09450187191203535
VET_TGS,0.08774559865308246
VET_TGS,0.09806400880363564
VET_TGS,0.08967018742577126
VET_TGS,0.0774309977647817
VET_TGS,0.08304041960971159
VET_TGS,0.09398844000089634
VET_TGS,0.07552247334605738
VET_TGS,0.05973120676817225
VET_TGS,0.05241510037151312
VET_TGS,0.030595202975863805
VET_TGS,0.040074468485494744
VET_TGS,0.03411014508517312
VET_TGS,0.047231741996466514
VET_TGS,0.048428710773204445
VET_TGS,0.04708178912836414
VET_TGS,0.0521599402591445
VET_TGS,0.028866421454073362
VET_TGS,0.013843626881669248
VET_TGS,0.013269604696494916
VET_TGS,0.05452658041721112
VET_TGS,0.027331101659523408
VET_TGS,0.002622629414756016
VET_TGS,0.016302768302806733
VET_TGS,0.00766734937652301
VET_TGS,0.004983730140348168
VET_TGS,0.012122774237575929
VET_TGS,0.0582235387256664
VET_TGS,0.03884482852584188
VET_TGS,0.04927901991814181
VET_TGS,0.048108428249316625
VET_TGS,0.06472309169073
VET_TGS,0.07243191527338076
VET_TGS,0.11603959185830115
VET_TGS,0.19460539307223484
VET_TGS,0.24490180103180598
VET_TGS,0.3587472240465859
VET_TGS,0.34340876985433844
VET_TGS,0.42940996367930717
VET_TGS,0.6653465874994394
VET_TGS,0.5253733198458922
VET_TGS,0.6958295282110136
VET_TGS,0.7606065880794413
VET_TGS,0.7734656857933688
VET_TGS,0.928052718428699
VET_TGS,0.6404877208253066
VET_TGS,0.9080242530560738
VET_TGS,0.9713266132953193
