HMN_ACGL,2017-08-04_2020-07-28,0.28615952
HMN_ACGL,2017-08-18_2020-08-11,0.28608704
HMN_ACGL,2017-09-01_2020-08-25,0.28557587
HMN_ACGL,2017-09-18_2020-09-09,0.2842102
HMN_ACGL,2017-10-02_2020-09-23,0.28887177
HMN_ACGL,2017-10-16_2020-10-07,0.2955551
HMN_ACGL,2017-10-30_2020-10-21,0.2987404
HMN_ACGL,2017-11-13_2020-11-04,0.30147934
HMN_ACGL,2017-11-28_2020-11-18,0.30181503
HMN_ACGL,2017-12-12_2020-12-03,0.30410767
HMN_ACGL,2017-12-27_2020-12-17,0.3080368
HMN_ACGL,2018-01-11_2021-01-04,0.31246567
HMN_ACGL,2018-01-26_2021-01-19,0.31790924
HMN_ACGL,2018-02-09_2021-02-02,0.31742096
HMN_ACGL,2018-02-26_2021-02-17,0.31676483
HMN_ACGL,2018-03-12_2021-03-03,0.31710815
HMN_ACGL,2018-03-26_2021-03-17,0.326931
HMN_ACGL,2018-04-10_2021-03-31,0.3357582
HMN_ACGL,2018-04-24_2021-04-15,0.34965515
HMN_ACGL,2018-05-08_2021-04-29,0.358963
HMN_ACGL,2018-05-22_2021-05-13,0.36608505
HMN_ACGL,2018-06-06_2021-05-27,0.3746643
HMN_ACGL,2018-06-20_2021-06-11,0.38471222
HMN_ACGL,2018-07-05_2021-06-25,0.3993492
HMN_ACGL,2018-07-19_2021-07-12,0.41067505
HMN_ACGL,2018-08-02_2021-07-26,0.41670227
HMN_ACGL,2018-08-16_2021-08-09,0.4220276
HMN_ACGL,2018-08-30_2021-08-23,0.4283867
HMN_ACGL,2018-09-14_2021-09-07,0.43943024
HMN_ACGL,2018-09-28_2021-09-21,0.45070267
HMN_ACGL,2018-10-12_2021-10-05,0.46240616
HMN_ACGL,2018-10-26_2021-10-19,0.4656868
HMN_ACGL,2018-11-09_2021-11-02,0.4668808
HMN_ACGL,2018-11-26_2021-11-16,0.46878052
HMN_ACGL,2018-12-11_2021-12-01,0.4649124
HMN_ACGL,2018-12-26_2021-12-15,0.4560852
HMN_ACGL,2019-01-10_2021-12-30,0.44916153
HMN_ACGL,2019-01-25_2022-01-13,0.44577026
HMN_ACGL,2019-02-08_2022-01-28,0.43727875
HMN_ACGL,2019-02-25_2022-02-11,0.42479324
HMN_ACGL,2019-03-11_2022-02-28,0.4170456
HMN_ACGL,2019-03-25_2022-03-14,0.41010284
HMN_ACGL,2019-04-08_2022-03-28,0.39983368
HMN_ACGL,2019-04-23_2022-04-11,0.3906021
HMN_ACGL,2019-05-07_2022-04-26,0.3830948
HMN_ACGL,2019-05-21_2022-05-10,0.37597275
HMN_ACGL,2019-06-05_2022-05-24,0.36938095
HMN_ACGL,2019-06-19_2022-06-08,0.3626976
HMN_ACGL,2019-07-03_2022-06-23,0.35401535
HMN_ACGL,2019-07-18_2022-07-08,0.34959793
HMN_ACGL,2019-08-01_2022-07-22,0.34145355
SPNT_AEG,2017-08-04_2020-07-28,2.3207016
SPNT_AEG,2017-08-18_2020-08-11,2.3215828
SPNT_AEG,2017-09-01_2020-08-25,2.2937737
SPNT_AEG,2017-09-18_2020-09-09,2.2696915
SPNT_AEG,2017-10-02_2020-09-23,2.2470856
SPNT_AEG,2017-10-16_2020-10-07,2.2432137
SPNT_AEG,2017-10-30_2020-10-21,2.2175179
SPNT_AEG,2017-11-13_2020-11-04,2.1813393
SPNT_AEG,2017-11-28_2020-11-18,2.143196
SPNT_AEG,2017-12-12_2020-12-03,2.103176
SPNT_AEG,2017-12-27_2020-12-17,2.0704918
SPNT_AEG,2018-01-11_2021-01-04,2.0504723
SPNT_AEG,2018-01-26_2021-01-19,2.027073
SPNT_AEG,2018-02-09_2021-02-02,2.0028954
SPNT_AEG,2018-02-26_2021-02-17,1.9766808
SPNT_AEG,2018-03-12_2021-03-03,1.9305496
SPNT_AEG,2018-03-26_2021-03-17,1.8730888
SPNT_AEG,2018-04-10_2021-03-31,1.8399963
SPNT_AEG,2018-04-24_2021-04-15,1.8255882
SPNT_AEG,2018-05-08_2021-04-29,1.8129654
SPNT_AEG,2018-05-22_2021-05-13,1.7898636
SPNT_AEG,2018-06-06_2021-05-27,1.7505646
SPNT_AEG,2018-06-20_2021-06-11,1.7006073
SPNT_AEG,2018-07-05_2021-06-25,1.6715698
SPNT_AEG,2018-07-19_2021-07-12,1.6465607
SPNT_AEG,2018-08-02_2021-07-26,1.6223488
SPNT_AEG,2018-08-16_2021-08-09,1.5764999
SPNT_AEG,2018-08-30_2021-08-23,1.5009308
SPNT_AEG,2018-09-14_2021-09-07,1.4178276
SPNT_AEG,2018-09-28_2021-09-21,1.3265228
SPNT_AEG,2018-10-12_2021-10-05,1.24403
SPNT_AEG,2018-10-26_2021-10-19,1.1787071
SPNT_AEG,2018-11-09_2021-11-02,1.1222572
SPNT_AEG,2018-11-26_2021-11-16,1.0937691
SPNT_AEG,2018-12-11_2021-12-01,1.0532455
SPNT_AEG,2018-12-26_2021-12-15,1.0153313
SPNT_AEG,2019-01-10_2021-12-30,0.9667282
SPNT_AEG,2019-01-25_2022-01-13,0.88249207
SPNT_AEG,2019-02-08_2022-01-28,0.78116226
SPNT_AEG,2019-02-25_2022-02-11,0.6848335
SPNT_AEG,2019-03-11_2022-02-28,0.6209526
SPNT_AEG,2019-03-25_2022-03-14,0.5891075
SPNT_AEG,2019-04-08_2022-03-28,0.5439224
SPNT_AEG,2019-04-23_2022-04-11,0.46881866
SPNT_AEG,2019-05-07_2022-04-26,0.37738037
SPNT_AEG,2019-05-21_2022-05-10,0.31705093
SPNT_AEG,2019-06-05_2022-05-24,0.2579155
SPNT_AEG,2019-06-19_2022-06-08,0.18680573
SPNT_AEG,2019-07-03_2022-06-23,0.15011597
SPNT_AEG,2019-07-18_2022-07-08,0.1269226
SPNT_AEG,2019-08-01_2022-07-22,0.11445999
HMN_AGO,2017-08-04_2020-07-28,0.23015594
HMN_AGO,2017-08-18_2020-08-11,0.22395325
HMN_AGO,2017-09-01_2020-08-25,0.21809006
HMN_AGO,2017-09-18_2020-09-09,0.21198082
HMN_AGO,2017-10-02_2020-09-23,0.21892738
HMN_AGO,2017-10-16_2020-10-07,0.22646713
HMN_AGO,2017-10-30_2020-10-21,0.23096085
HMN_AGO,2017-11-13_2020-11-04,0.23614502
HMN_AGO,2017-11-28_2020-11-18,0.23667717
HMN_AGO,2017-12-12_2020-12-03,0.23576927
HMN_AGO,2017-12-27_2020-12-17,0.23292351
HMN_AGO,2018-01-11_2021-01-04,0.23081398
HMN_AGO,2018-01-26_2021-01-19,0.2330494
HMN_AGO,2018-02-09_2021-02-02,0.23267937
HMN_AGO,2018-02-26_2021-02-17,0.2319889
HMN_AGO,2018-03-12_2021-03-03,0.23025513
HMN_AGO,2018-03-26_2021-03-17,0.23556519
HMN_AGO,2018-04-10_2021-03-31,0.23962784
HMN_AGO,2018-04-24_2021-04-15,0.24339104
HMN_AGO,2018-05-08_2021-04-29,0.24235725
HMN_AGO,2018-05-22_2021-05-13,0.23852158
HMN_AGO,2018-06-06_2021-05-27,0.23557663
HMN_AGO,2018-06-20_2021-06-11,0.23220253
HMN_AGO,2018-07-05_2021-06-25,0.23009491
HMN_AGO,2018-07-19_2021-07-12,0.22670364
HMN_AGO,2018-08-02_2021-07-26,0.22452545
HMN_AGO,2018-08-16_2021-08-09,0.22207451
HMN_AGO,2018-08-30_2021-08-23,0.2201519
HMN_AGO,2018-09-14_2021-09-07,0.2202797
HMN_AGO,2018-09-28_2021-09-21,0.21857262
HMN_AGO,2018-10-12_2021-10-05,0.21805382
HMN_AGO,2018-10-26_2021-10-19,0.21605873
HMN_AGO,2018-11-09_2021-11-02,0.21080971
HMN_AGO,2018-11-26_2021-11-16,0.20764351
HMN_AGO,2018-12-11_2021-12-01,0.20181274
HMN_AGO,2018-12-26_2021-12-15,0.1971283
HMN_AGO,2019-01-10_2021-12-30,0.19351387
HMN_AGO,2019-01-25_2022-01-13,0.18961334
HMN_AGO,2019-02-08_2022-01-28,0.18433285
HMN_AGO,2019-02-25_2022-02-11,0.1819439
HMN_AGO,2019-03-11_2022-02-28,0.18018055
HMN_AGO,2019-03-25_2022-03-14,0.18024254
HMN_AGO,2019-04-08_2022-03-28,0.17957401
HMN_AGO,2019-04-23_2022-04-11,0.17938042
HMN_AGO,2019-05-07_2022-04-26,0.17915058
HMN_AGO,2019-05-21_2022-05-10,0.1764059
HMN_AGO,2019-06-05_2022-05-24,0.17286205
HMN_AGO,2019-06-19_2022-06-08,0.16899872
HMN_AGO,2019-07-03_2022-06-23,0.16248894
HMN_AGO,2019-07-18_2022-07-08,0.15963936
HMN_AGO,2019-08-01_2022-07-22,0.1531601
HMN_AIG,2017-08-04_2020-07-28,0.203619
HMN_AIG,2017-08-18_2020-08-11,0.21081352
HMN_AIG,2017-09-01_2020-08-25,0.21438026
HMN_AIG,2017-09-18_2020-09-09,0.2192936
HMN_AIG,2017-10-02_2020-09-23,0.23068237
HMN_AIG,2017-10-16_2020-10-07,0.24308586
HMN_AIG,2017-10-30_2020-10-21,0.253767
HMN_AIG,2017-11-13_2020-11-04,0.25882912
HMN_AIG,2017-11-28_2020-11-18,0.2584076
HMN_AIG,2017-12-12_2020-12-03,0.25635338
HMN_AIG,2017-12-27_2020-12-17,0.2560215
HMN_AIG,2018-01-11_2021-01-04,0.25572968
HMN_AIG,2018-01-26_2021-01-19,0.25901413
HMN_AIG,2018-02-09_2021-02-02,0.26923943
HMN_AIG,2018-02-26_2021-02-17,0.27738
HMN_AIG,2018-03-12_2021-03-03,0.2817955
HMN_AIG,2018-03-26_2021-03-17,0.28549957
HMN_AIG,2018-04-10_2021-03-31,0.28966904
HMN_AIG,2018-04-24_2021-04-15,0.2917633
HMN_AIG,2018-05-08_2021-04-29,0.2932186
HMN_AIG,2018-05-22_2021-05-13,0.2924118
HMN_AIG,2018-06-06_2021-05-27,0.28804588
HMN_AIG,2018-06-20_2021-06-11,0.28269005
HMN_AIG,2018-07-05_2021-06-25,0.27874565
HMN_AIG,2018-07-19_2021-07-12,0.27462578
HMN_AIG,2018-08-02_2021-07-26,0.2733612
HMN_AIG,2018-08-16_2021-08-09,0.27193642
HMN_AIG,2018-08-30_2021-08-23,0.26756287
HMN_AIG,2018-09-14_2021-09-07,0.26366997
HMN_AIG,2018-09-28_2021-09-21,0.25745392
HMN_AIG,2018-10-12_2021-10-05,0.25384903
HMN_AIG,2018-10-26_2021-10-19,0.24937057
HMN_AIG,2018-11-09_2021-11-02,0.24246597
HMN_AIG,2018-11-26_2021-11-16,0.23769188
HMN_AIG,2018-12-11_2021-12-01,0.23147202
HMN_AIG,2018-12-26_2021-12-15,0.224926
HMN_AIG,2019-01-10_2021-12-30,0.21837807
HMN_AIG,2019-01-25_2022-01-13,0.2120657
HMN_AIG,2019-02-08_2022-01-28,0.20572758
HMN_AIG,2019-02-25_2022-02-11,0.20187187
HMN_AIG,2019-03-11_2022-02-28,0.19927311
HMN_AIG,2019-03-25_2022-03-14,0.19776917
HMN_AIG,2019-04-08_2022-03-28,0.1947174
HMN_AIG,2019-04-23_2022-04-11,0.19263268
HMN_AIG,2019-05-07_2022-04-26,0.19067955
HMN_AIG,2019-05-21_2022-05-10,0.1885624
HMN_AIG,2019-06-05_2022-05-24,0.18628597
HMN_AIG,2019-06-19_2022-06-08,0.18480492
HMN_AIG,2019-07-03_2022-06-23,0.18318462
HMN_AIG,2019-07-18_2022-07-08,0.18319988
HMN_AIG,2019-08-01_2022-07-22,0.18123245
EIG_ARGO,2017-08-04_2020-07-28,0.24262238
EIG_ARGO,2017-08-18_2020-08-11,0.2462101
EIG_ARGO,2017-09-01_2020-08-25,0.24935627
EIG_ARGO,2017-09-18_2020-09-09,0.25352287
EIG_ARGO,2017-10-02_2020-09-23,0.26190567
EIG_ARGO,2017-10-16_2020-10-07,0.26935673
EIG_ARGO,2017-10-30_2020-10-21,0.27434826
EIG_ARGO,2017-11-13_2020-11-04,0.27918434
EIG_ARGO,2017-11-28_2020-11-18,0.28302193
EIG_ARGO,2017-12-12_2020-12-03,0.28863716
EIG_ARGO,2017-12-27_2020-12-17,0.29278183
EIG_ARGO,2018-01-11_2021-01-04,0.29677773
EIG_ARGO,2018-01-26_2021-01-19,0.29889107
EIG_ARGO,2018-02-09_2021-02-02,0.30216503
EIG_ARGO,2018-02-26_2021-02-17,0.3052206
EIG_ARGO,2018-03-12_2021-03-03,0.30647564
EIG_ARGO,2018-03-26_2021-03-17,0.30648518
EIG_ARGO,2018-04-10_2021-03-31,0.3051939
EIG_ARGO,2018-04-24_2021-04-15,0.30478
EIG_ARGO,2018-05-08_2021-04-29,0.30449104
EIG_ARGO,2018-05-22_2021-05-13,0.3053751
EIG_ARGO,2018-06-06_2021-05-27,0.30633163
EIG_ARGO,2018-06-20_2021-06-11,0.30702686
EIG_ARGO,2018-07-05_2021-06-25,0.30692863
EIG_ARGO,2018-07-19_2021-07-12,0.30613422
EIG_ARGO,2018-08-02_2021-07-26,0.30477142
EIG_ARGO,2018-08-16_2021-08-09,0.3039198
EIG_ARGO,2018-08-30_2021-08-23,0.30366707
EIG_ARGO,2018-09-14_2021-09-07,0.302207
EIG_ARGO,2018-09-28_2021-09-21,0.3004217
EIG_ARGO,2018-10-12_2021-10-05,0.29938126
EIG_ARGO,2018-10-26_2021-10-19,0.2995882
EIG_ARGO,2018-11-09_2021-11-02,0.29788113
EIG_ARGO,2018-11-26_2021-11-16,0.2968626
EIG_ARGO,2018-12-11_2021-12-01,0.29725266
EIG_ARGO,2018-12-26_2021-12-15,0.29918385
EIG_ARGO,2019-01-10_2021-12-30,0.30141068
EIG_ARGO,2019-01-25_2022-01-13,0.30279064
EIG_ARGO,2019-02-08_2022-01-28,0.3037281
EIG_ARGO,2019-02-25_2022-02-11,0.3025446
EIG_ARGO,2019-03-11_2022-02-28,0.3004322
EIG_ARGO,2019-03-25_2022-03-14,0.29928398
EIG_ARGO,2019-04-08_2022-03-28,0.2993679
EIG_ARGO,2019-04-23_2022-04-11,0.3012581
EIG_ARGO,2019-05-07_2022-04-26,0.3022852
EIG_ARGO,2019-05-21_2022-05-10,0.30604076
EIG_ARGO,2019-06-05_2022-05-24,0.30739784
EIG_ARGO,2019-06-19_2022-06-08,0.3118744
EIG_ARGO,2019-07-03_2022-06-23,0.31466866
EIG_ARGO,2019-07-18_2022-07-08,0.31081963
EIG_ARGO,2019-08-01_2022-07-22,0.3000269
HMN_AXS,2017-08-04_2020-07-28,0.28352356
HMN_AXS,2017-08-18_2020-08-11,0.29133606
HMN_AXS,2017-09-01_2020-08-25,0.2990265
HMN_AXS,2017-09-18_2020-09-09,0.29972076
HMN_AXS,2017-10-02_2020-09-23,0.30565262
HMN_AXS,2017-10-16_2020-10-07,0.3125496
HMN_AXS,2017-10-30_2020-10-21,0.3170166
HMN_AXS,2017-11-13_2020-11-04,0.3218193
HMN_AXS,2017-11-28_2020-11-18,0.32601166
HMN_AXS,2017-12-12_2020-12-03,0.33154297
HMN_AXS,2017-12-27_2020-12-17,0.3369522
HMN_AXS,2018-01-11_2021-01-04,0.34157562
HMN_AXS,2018-01-26_2021-01-19,0.34666443
HMN_AXS,2018-02-09_2021-02-02,0.34420013
HMN_AXS,2018-02-26_2021-02-17,0.3451767
HMN_AXS,2018-03-12_2021-03-03,0.3471794
HMN_AXS,2018-03-26_2021-03-17,0.34765244
HMN_AXS,2018-04-10_2021-03-31,0.34756088
HMN_AXS,2018-04-24_2021-04-15,0.34811783
HMN_AXS,2018-05-08_2021-04-29,0.34833908
HMN_AXS,2018-05-22_2021-05-13,0.34631348
HMN_AXS,2018-06-06_2021-05-27,0.34424973
HMN_AXS,2018-06-20_2021-06-11,0.34334564
HMN_AXS,2018-07-05_2021-06-25,0.34329605
HMN_AXS,2018-07-19_2021-07-12,0.3419838
HMN_AXS,2018-08-02_2021-07-26,0.3410797
HMN_AXS,2018-08-16_2021-08-09,0.34159088
HMN_AXS,2018-08-30_2021-08-23,0.3413353
HMN_AXS,2018-09-14_2021-09-07,0.34060287
HMN_AXS,2018-09-28_2021-09-21,0.3361473
HMN_AXS,2018-10-12_2021-10-05,0.33140564
HMN_AXS,2018-10-26_2021-10-19,0.331604
HMN_AXS,2018-11-09_2021-11-02,0.33319855
HMN_AXS,2018-11-26_2021-11-16,0.3340683
HMN_AXS,2018-12-11_2021-12-01,0.33379745
HMN_AXS,2018-12-26_2021-12-15,0.3309288
HMN_AXS,2019-01-10_2021-12-30,0.32839584
HMN_AXS,2019-01-25_2022-01-13,0.32658386
HMN_AXS,2019-02-08_2022-01-28,0.3223648
HMN_AXS,2019-02-25_2022-02-11,0.3227501
HMN_AXS,2019-03-11_2022-02-28,0.32499695
HMN_AXS,2019-03-25_2022-03-14,0.32816315
HMN_AXS,2019-04-08_2022-03-28,0.33050537
HMN_AXS,2019-04-23_2022-04-11,0.33277893
HMN_AXS,2019-05-07_2022-04-26,0.33547974
HMN_AXS,2019-05-21_2022-05-10,0.3345604
HMN_AXS,2019-06-05_2022-05-24,0.33452225
HMN_AXS,2019-06-19_2022-06-08,0.3334236
HMN_AXS,2019-07-03_2022-06-23,0.331295
HMN_AXS,2019-07-18_2022-07-08,0.33041763
HMN_AXS,2019-08-01_2022-07-22,0.32870483
HMN_CNA,2017-08-04_2020-07-28,0.5256424
HMN_CNA,2017-08-18_2020-08-11,0.5263214
HMN_CNA,2017-09-01_2020-08-25,0.5158539
HMN_CNA,2017-09-18_2020-09-09,0.49860382
HMN_CNA,2017-10-02_2020-09-23,0.5052948
HMN_CNA,2017-10-16_2020-10-07,0.5159302
HMN_CNA,2017-10-30_2020-10-21,0.5169678
HMN_CNA,2017-11-13_2020-11-04,0.51849365
HMN_CNA,2017-11-28_2020-11-18,0.51501465
HMN_CNA,2017-12-12_2020-12-03,0.5063858
HMN_CNA,2017-12-27_2020-12-17,0.5057144
HMN_CNA,2018-01-11_2021-01-04,0.50800323
HMN_CNA,2018-01-26_2021-01-19,0.5157623
HMN_CNA,2018-02-09_2021-02-02,0.52708435
HMN_CNA,2018-02-26_2021-02-17,0.52817535
HMN_CNA,2018-03-12_2021-03-03,0.5252991
HMN_CNA,2018-03-26_2021-03-17,0.5304413
HMN_CNA,2018-04-10_2021-03-31,0.5335617
HMN_CNA,2018-04-24_2021-04-15,0.5291519
HMN_CNA,2018-05-08_2021-04-29,0.51568985
HMN_CNA,2018-05-22_2021-05-13,0.49632263
HMN_CNA,2018-06-06_2021-05-27,0.47226334
HMN_CNA,2018-06-20_2021-06-11,0.4498253
HMN_CNA,2018-07-05_2021-06-25,0.43463516
HMN_CNA,2018-07-19_2021-07-12,0.42047882
HMN_CNA,2018-08-02_2021-07-26,0.4128914
HMN_CNA,2018-08-16_2021-08-09,0.4103737
HMN_CNA,2018-08-30_2021-08-23,0.41181183
HMN_CNA,2018-09-14_2021-09-07,0.41464996
HMN_CNA,2018-09-28_2021-09-21,0.41327667
HMN_CNA,2018-10-12_2021-10-05,0.41443634
HMN_CNA,2018-10-26_2021-10-19,0.41181183
HMN_CNA,2018-11-09_2021-11-02,0.40773773
HMN_CNA,2018-11-26_2021-11-16,0.406559
HMN_CNA,2018-12-11_2021-12-01,0.40151215
HMN_CNA,2018-12-26_2021-12-15,0.39343643
HMN_CNA,2019-01-10_2021-12-30,0.38690948
HMN_CNA,2019-01-25_2022-01-13,0.3808136
HMN_CNA,2019-02-08_2022-01-28,0.3736763
HMN_CNA,2019-02-25_2022-02-11,0.3695984
HMN_CNA,2019-03-11_2022-02-28,0.36639023
HMN_CNA,2019-03-25_2022-03-14,0.36421967
HMN_CNA,2019-04-08_2022-03-28,0.35772705
HMN_CNA,2019-04-23_2022-04-11,0.35268784
HMN_CNA,2019-05-07_2022-04-26,0.34763718
HMN_CNA,2019-05-21_2022-05-10,0.34328842
HMN_CNA,2019-06-05_2022-05-24,0.33952332
HMN_CNA,2019-06-19_2022-06-08,0.33538437
HMN_CNA,2019-07-03_2022-06-23,0.32958984
HMN_CNA,2019-07-18_2022-07-08,0.3260193
HMN_CNA,2019-08-01_2022-07-22,0.3195572
HMN_EIG,2017-08-04_2020-07-28,0.4676056
HMN_EIG,2017-08-18_2020-08-11,0.456604
HMN_EIG,2017-09-01_2020-08-25,0.4415512
HMN_EIG,2017-09-18_2020-09-09,0.4243698
HMN_EIG,2017-10-02_2020-09-23,0.43746185
HMN_EIG,2017-10-16_2020-10-07,0.46191406
HMN_EIG,2017-10-30_2020-10-21,0.47561646
HMN_EIG,2017-11-13_2020-11-04,0.4853592
HMN_EIG,2017-11-28_2020-11-18,0.48464966
HMN_EIG,2017-12-12_2020-12-03,0.46394348
HMN_EIG,2017-12-27_2020-12-17,0.44380188
HMN_EIG,2018-01-11_2021-01-04,0.42037964
HMN_EIG,2018-01-26_2021-01-19,0.40058136
HMN_EIG,2018-02-09_2021-02-02,0.38404083
HMN_EIG,2018-02-26_2021-02-17,0.37638855
HMN_EIG,2018-03-12_2021-03-03,0.37243652
HMN_EIG,2018-03-26_2021-03-17,0.3723526
HMN_EIG,2018-04-10_2021-03-31,0.37913513
HMN_EIG,2018-04-24_2021-04-15,0.38319397
HMN_EIG,2018-05-08_2021-04-29,0.3844452
HMN_EIG,2018-05-22_2021-05-13,0.383049
HMN_EIG,2018-06-06_2021-05-27,0.37874603
HMN_EIG,2018-06-20_2021-06-11,0.37380219
HMN_EIG,2018-07-05_2021-06-25,0.36672974
HMN_EIG,2018-07-19_2021-07-12,0.3577118
HMN_EIG,2018-08-02_2021-07-26,0.3540039
HMN_EIG,2018-08-16_2021-08-09,0.35142517
HMN_EIG,2018-08-30_2021-08-23,0.3480301
HMN_EIG,2018-09-14_2021-09-07,0.34440613
HMN_EIG,2018-09-28_2021-09-21,0.33826447
HMN_EIG,2018-10-12_2021-10-05,0.33905792
HMN_EIG,2018-10-26_2021-10-19,0.34467316
HMN_EIG,2018-11-09_2021-11-02,0.35930634
HMN_EIG,2018-11-26_2021-11-16,0.37464905
HMN_EIG,2018-12-11_2021-12-01,0.38245392
HMN_EIG,2018-12-26_2021-12-15,0.3842392
HMN_EIG,2019-01-10_2021-12-30,0.38625336
HMN_EIG,2019-01-25_2022-01-13,0.38876343
HMN_EIG,2019-02-08_2022-01-28,0.38981628
HMN_EIG,2019-02-25_2022-02-11,0.4024887
HMN_EIG,2019-03-11_2022-02-28,0.40701294
HMN_EIG,2019-03-25_2022-03-14,0.41235352
HMN_EIG,2019-04-08_2022-03-28,0.4180832
HMN_EIG,2019-04-23_2022-04-11,0.42434692
HMN_EIG,2019-05-07_2022-04-26,0.43197632
HMN_EIG,2019-05-21_2022-05-10,0.43681335
HMN_EIG,2019-06-05_2022-05-24,0.4357834
HMN_EIG,2019-06-19_2022-06-08,0.43249512
HMN_EIG,2019-07-03_2022-06-23,0.42542267
HMN_EIG,2019-07-18_2022-07-08,0.42121887
HMN_EIG,2019-08-01_2022-07-22,0.40649796
MET_ESGR,2017-08-04_2020-07-28,0.12412834
MET_ESGR,2017-08-18_2020-08-11,0.1254158
MET_ESGR,2017-09-01_2020-08-25,0.12644958
MET_ESGR,2017-09-18_2020-09-09,0.12755775
MET_ESGR,2017-10-02_2020-09-23,0.12796402
MET_ESGR,2017-10-16_2020-10-07,0.12958622
MET_ESGR,2017-10-30_2020-10-21,0.13064003
MET_ESGR,2017-11-13_2020-11-04,0.13071346
MET_ESGR,2017-11-28_2020-11-18,0.1323824
MET_ESGR,2017-12-12_2020-12-03,0.1323967
MET_ESGR,2017-12-27_2020-12-17,0.13334751
MET_ESGR,2018-01-11_2021-01-04,0.13370037
MET_ESGR,2018-01-26_2021-01-19,0.13574505
MET_ESGR,2018-02-09_2021-02-02,0.13908386
MET_ESGR,2018-02-26_2021-02-17,0.14604568
MET_ESGR,2018-03-12_2021-03-03,0.15840244
MET_ESGR,2018-03-26_2021-03-17,0.17246056
MET_ESGR,2018-04-10_2021-03-31,0.18486881
MET_ESGR,2018-04-24_2021-04-15,0.19716644
MET_ESGR,2018-05-08_2021-04-29,0.20790195
MET_ESGR,2018-05-22_2021-05-13,0.21938801
MET_ESGR,2018-06-06_2021-05-27,0.2298975
MET_ESGR,2018-06-20_2021-06-11,0.24059677
MET_ESGR,2018-07-05_2021-06-25,0.24710274
MET_ESGR,2018-07-19_2021-07-12,0.2528658
MET_ESGR,2018-08-02_2021-07-26,0.2542534
MET_ESGR,2018-08-16_2021-08-09,0.25330067
MET_ESGR,2018-08-30_2021-08-23,0.25673866
MET_ESGR,2018-09-14_2021-09-07,0.26245213
MET_ESGR,2018-09-28_2021-09-21,0.26704216
MET_ESGR,2018-10-12_2021-10-05,0.27079058
MET_ESGR,2018-10-26_2021-10-19,0.27421188
MET_ESGR,2018-11-09_2021-11-02,0.27737045
MET_ESGR,2018-11-26_2021-11-16,0.280128
MET_ESGR,2018-12-11_2021-12-01,0.28181744
MET_ESGR,2018-12-26_2021-12-15,0.28199625
MET_ESGR,2019-01-10_2021-12-30,0.2825303
MET_ESGR,2019-01-25_2022-01-13,0.28425837
MET_ESGR,2019-02-08_2022-01-28,0.28513002
MET_ESGR,2019-02-25_2022-02-11,0.2869401
MET_ESGR,2019-03-11_2022-02-28,0.287086
MET_ESGR,2019-03-25_2022-03-14,0.28467083
MET_ESGR,2019-04-08_2022-03-28,0.28669834
MET_ESGR,2019-04-23_2022-04-11,0.2896843
MET_ESGR,2019-05-07_2022-04-26,0.29308128
MET_ESGR,2019-05-21_2022-05-10,0.29594994
MET_ESGR,2019-06-05_2022-05-24,0.29938173
MET_ESGR,2019-06-19_2022-06-08,0.30294752
MET_ESGR,2019-07-03_2022-06-23,0.3051219
MET_ESGR,2019-07-18_2022-07-08,0.30701542
MET_ESGR,2019-08-01_2022-07-22,0.3072424
HMN_GL,2017-08-04_2020-07-28,0.2769928
HMN_GL,2017-08-18_2020-08-11,0.27259827
HMN_GL,2017-09-01_2020-08-25,0.2669258
HMN_GL,2017-09-18_2020-09-09,0.25989914
HMN_GL,2017-10-02_2020-09-23,0.25984573
HMN_GL,2017-10-16_2020-10-07,0.26285553
HMN_GL,2017-10-30_2020-10-21,0.26435852
HMN_GL,2017-11-13_2020-11-04,0.26698303
HMN_GL,2017-11-28_2020-11-18,0.26652908
HMN_GL,2017-12-12_2020-12-03,0.26461792
HMN_GL,2017-12-27_2020-12-17,0.26556396
HMN_GL,2018-01-11_2021-01-04,0.26623154
HMN_GL,2018-01-26_2021-01-19,0.2683487
HMN_GL,2018-02-09_2021-02-02,0.26893234
HMN_GL,2018-02-26_2021-02-17,0.26568604
HMN_GL,2018-03-12_2021-03-03,0.26146698
HMN_GL,2018-03-26_2021-03-17,0.26353836
HMN_GL,2018-04-10_2021-03-31,0.26667023
HMN_GL,2018-04-24_2021-04-15,0.2677498
HMN_GL,2018-05-08_2021-04-29,0.26194763
HMN_GL,2018-05-22_2021-05-13,0.25341415
HMN_GL,2018-06-06_2021-05-27,0.24359894
HMN_GL,2018-06-20_2021-06-11,0.2359848
HMN_GL,2018-07-05_2021-06-25,0.23623657
HMN_GL,2018-07-19_2021-07-12,0.237957
HMN_GL,2018-08-02_2021-07-26,0.2389679
HMN_GL,2018-08-16_2021-08-09,0.24011612
HMN_GL,2018-08-30_2021-08-23,0.24146271
HMN_GL,2018-09-14_2021-09-07,0.24472046
HMN_GL,2018-09-28_2021-09-21,0.24702454
HMN_GL,2018-10-12_2021-10-05,0.24837112
HMN_GL,2018-10-26_2021-10-19,0.24827194
HMN_GL,2018-11-09_2021-11-02,0.2483635
HMN_GL,2018-11-26_2021-11-16,0.24850082
HMN_GL,2018-12-11_2021-12-01,0.24781036
HMN_GL,2018-12-26_2021-12-15,0.24762344
HMN_GL,2019-01-10_2021-12-30,0.24773026
HMN_GL,2019-01-25_2022-01-13,0.24676132
HMN_GL,2019-02-08_2022-01-28,0.24205017
HMN_GL,2019-02-25_2022-02-11,0.23892212
HMN_GL,2019-03-11_2022-02-28,0.23740768
HMN_GL,2019-03-25_2022-03-14,0.23582458
HMN_GL,2019-04-08_2022-03-28,0.23254395
HMN_GL,2019-04-23_2022-04-11,0.23056412
HMN_GL,2019-05-07_2022-04-26,0.22929382
HMN_GL,2019-05-21_2022-05-10,0.22793198
HMN_GL,2019-06-05_2022-05-24,0.22792435
HMN_GL,2019-06-19_2022-06-08,0.22797394
HMN_GL,2019-07-03_2022-06-23,0.22764587
HMN_GL,2019-07-18_2022-07-08,0.22661209
HMN_GL,2019-08-01_2022-07-22,0.22220612
SPNT_PRA,2017-08-04_2020-07-28,0.2292862
SPNT_PRA,2017-08-18_2020-08-11,0.22217798
SPNT_PRA,2017-09-01_2020-08-25,0.21448135
SPNT_PRA,2017-09-18_2020-09-09,0.20814896
SPNT_PRA,2017-10-02_2020-09-23,0.20307493
SPNT_PRA,2017-10-16_2020-10-07,0.19935083
SPNT_PRA,2017-10-30_2020-10-21,0.19296098
SPNT_PRA,2017-11-13_2020-11-04,0.18623257
SPNT_PRA,2017-11-28_2020-11-18,0.17780471
SPNT_PRA,2017-12-12_2020-12-03,0.16921139
SPNT_PRA,2017-12-27_2020-12-17,0.16299176
SPNT_PRA,2018-01-11_2021-01-04,0.15942407
SPNT_PRA,2018-01-26_2021-01-19,0.15496159
SPNT_PRA,2018-02-09_2021-02-02,0.1505611
SPNT_PRA,2018-02-26_2021-02-17,0.14660048
SPNT_PRA,2018-03-12_2021-03-03,0.14248705
SPNT_PRA,2018-03-26_2021-03-17,0.1376028
SPNT_PRA,2018-04-10_2021-03-31,0.13446689
SPNT_PRA,2018-04-24_2021-04-15,0.13155985
SPNT_PRA,2018-05-08_2021-04-29,0.12830997
SPNT_PRA,2018-05-22_2021-05-13,0.1255095
SPNT_PRA,2018-06-06_2021-05-27,0.122578144
SPNT_PRA,2018-06-20_2021-06-11,0.11921811
SPNT_PRA,2018-07-05_2021-06-25,0.1171689
SPNT_PRA,2018-07-19_2021-07-12,0.11479831
SPNT_PRA,2018-08-02_2021-07-26,0.111944914
SPNT_PRA,2018-08-16_2021-08-09,0.107818365
SPNT_PRA,2018-08-30_2021-08-23,0.10318637
SPNT_PRA,2018-09-14_2021-09-07,0.098750114
SPNT_PRA,2018-09-28_2021-09-21,0.09405255
SPNT_PRA,2018-10-12_2021-10-05,0.09041476
SPNT_PRA,2018-10-26_2021-10-19,0.0893271
SPNT_PRA,2018-11-09_2021-11-02,0.08829117
SPNT_PRA,2018-11-26_2021-11-16,0.08880448
SPNT_PRA,2018-12-11_2021-12-01,0.09052014
SPNT_PRA,2018-12-26_2021-12-15,0.092452765
SPNT_PRA,2019-01-10_2021-12-30,0.09481764
SPNT_PRA,2019-01-25_2022-01-13,0.09619689
SPNT_PRA,2019-02-08_2022-01-28,0.09700942
SPNT_PRA,2019-02-25_2022-02-11,0.09664774
SPNT_PRA,2019-03-11_2022-02-28,0.095811605
SPNT_PRA,2019-03-25_2022-03-14,0.09475851
SPNT_PRA,2019-04-08_2022-03-28,0.093915224
SPNT_PRA,2019-04-23_2022-04-11,0.09207749
SPNT_PRA,2019-05-07_2022-04-26,0.08880043
SPNT_PRA,2019-05-21_2022-05-10,0.08740544
SPNT_PRA,2019-06-05_2022-05-24,0.088419914
SPNT_PRA,2019-06-19_2022-06-08,0.08937788
SPNT_PRA,2019-07-03_2022-06-23,0.09045744
SPNT_PRA,2019-07-18_2022-07-08,0.08951759
SPNT_PRA,2019-08-01_2022-07-22,0.08973646
