ticker_x,ticker_y,trade_date,adf_pass_rate,adf_pass_rate_recent,last_residual,beta,intercept,residual_mean_max,residual_quantile,betas_rsquared,arima_forecast,corr_smb,corr_hml,corr_rmw,corr_cma,corr_vix,corr_oil,corr_sp500,corr_usd,corr_yield,corr_copper,return_one_month,residual_one_month,return_two_month,residual_two_month,return_three_month,residual_three_month,data_window_start,subindustry
ANSS,CRM,2018-05-30,0.647,0.667,2.755,0.593,20.171,3.47,3.761,0.014,0.618,0.027,0.032,0.061,0.025,0.009,0.036,0.012,-0.037,-0.044,-0.04,0.001,2.725,-0.024,3.945,-0.049,5.202,2013-06-13,software_and_services
ANSS,MA,2018-05-30,0.843,0.833,2.984,1.081,-5.49,3.47,3.761,0.085,0.627,0.019,0.034,-0.011,0.03,0.016,-0.007,0.003,0.05,0.021,-0.006,0.015,2.024,-0.0,3.012,0.006,2.609,2013-06-13,software_and_services
ANSS,NICE,2018-05-30,0.608,1.0,3.218,0.451,21.785,3.47,3.761,0.022,0.482,0.062,-0.055,0.049,0.019,-0.038,0.018,0.016,0.108,-0.027,-0.023,0.035,1.307,-0.003,3.403,0.008,2.794,2013-06-13,software_and_services
BLKB,CRM,2018-05-30,0.804,0.0,3.77,0.959,15.433,3.47,3.761,0.258,1.151,-0.022,0.056,-0.029,-0.028,0.001,-0.005,-0.055,0.026,-0.043,-0.051,-0.011,4.198,0.01,3.36,-0.084,7.121,2013-06-13,software_and_services
BLKB,V,2018-05-30,0.843,0.833,3.395,1.062,8.713,3.47,3.761,0.348,0.493,-0.059,-0.035,0.056,-0.019,-0.007,-0.009,0.013,-0.075,0.007,0.024,0.008,3.011,0.028,1.97,-0.039,5.329,2013-06-13,software_and_services
CDNS,CTXS,2018-05-30,0.529,0.0,2.556,1.427,28.763,3.47,3.761,0.285,1.76,0.065,0.003,-0.03,-0.026,0.023,0.039,-0.006,0.007,-0.002,0.003,0.023,1.888,-0.008,2.793,0.002,2.504,2013-06-13,software_and_services
CTSH,WNS,2018-05-30,0.824,0.833,4.065,0.704,-10.246,3.47,3.761,0.006,0.703,-0.003,0.012,0.018,-0.033,-0.009,0.015,0.01,-0.032,0.005,0.076,0.014,3.472,0.059,1.653,0.016,3.399,2013-06-13,software_and_services
DOX,NICE,2018-05-30,0.745,0.833,2.55,2.639,-73.427,3.47,3.761,0.008,0.231,-0.01,0.049,0.069,0.051,0.012,0.001,-0.037,0.058,0.05,0.061,-0.01,3.125,-0.018,3.535,-0.057,5.67,2013-06-13,software_and_services
EBIX,FICO,2018-05-30,0.961,0.667,3.338,1.618,41.128,3.47,3.761,0.808,0.791,-0.056,-0.055,0.018,-0.094,0.004,-0.022,-0.006,-0.007,0.067,-0.026,-0.022,4.19,-0.035,4.691,-0.118,7.923,2013-06-13,software_and_services
EBIX,GIB,2018-05-30,0.941,0.833,2.759,0.364,28.936,3.47,3.761,0.611,0.339,0.035,0.037,-0.008,-0.004,0.004,0.038,-0.007,-0.02,0.027,0.034,-0.013,3.276,-0.012,3.239,-0.036,4.206,2013-06-13,software_and_services
EEFT,FISV,2018-05-30,0.627,0.0,2.551,0.687,0.851,3.47,3.761,0.903,1.822,-0.015,0.018,-0.036,0.02,0.022,-0.02,-0.014,0.037,0.016,-0.03,0.0,2.541,0.038,1.769,0.035,1.814,2013-06-13,software_and_services
EEFT,VRSN,2018-05-30,0.647,0.0,3.139,1.168,-2.86,3.47,3.761,0.857,2.66,-0.039,-0.053,0.062,-0.063,0.001,-0.004,-0.05,-0.028,0.01,-0.014,-0.021,3.533,-0.016,3.432,-0.049,4.041,2013-06-13,software_and_services
EXLS,VRSN,2018-05-30,0.569,0.0,3.248,1.955,-7.378,3.47,3.761,0.263,1.816,-0.044,-0.021,-0.003,-0.003,0.007,-0.095,-0.031,-0.009,-0.055,-0.082,-0.029,4.108,-0.042,4.475,-0.081,5.632,2013-06-13,software_and_services
FIS,INTU,2018-05-30,0.725,0.0,3.04,1.99,-29.74,3.47,3.761,0.0,1.714,-0.036,0.046,-0.047,0.04,-0.031,-0.045,0.035,0.032,0.036,-0.019,0.006,2.786,0.005,2.818,-0.015,3.666,2013-06-13,software_and_services
FTNT,MMS,2018-05-30,1.0,1.0,-3.229,2.82,34.97,3.47,3.761,0.479,-0.237,0.018,0.039,-0.018,0.036,-0.033,0.02,0.028,-0.009,0.014,-0.011,0.006,-3.083,0.015,-2.842,-0.08,-5.284,2013-06-13,software_and_services
G,VRSN,2018-05-30,0.588,0.833,3.757,4.752,-30.601,3.47,3.761,0.112,0.714,-0.07,0.065,0.014,0.028,0.04,0.002,-0.011,0.025,0.041,0.008,-0.049,6.031,-0.057,6.404,-0.106,8.683,2013-06-13,software_and_services
MMS,NICE,2018-05-30,0.98,0.833,3.483,1.469,-11.389,3.47,3.761,0.175,2.007,0.007,0.081,-0.005,-0.056,0.009,0.051,-0.029,-0.016,0.038,0.057,0.019,3.09,0.001,3.46,-0.014,3.769,2013-06-13,software_and_services
MSTR,NICE,2018-05-30,0.51,0.0,2.519,-0.338,128.893,3.47,3.761,0.136,0.868,0.038,0.0,0.042,0.023,0.002,-0.007,-0.019,0.018,0.031,-0.008,0.057,2.115,-0.028,2.714,-0.219,4.065,2013-06-13,software_and_services
BIG,POOL,2018-05-30,0.569,0.0,2.765,2.597,-5.31,2.911,2.765,0.0,2.234,-0.035,0.015,-0.004,-0.022,0.008,-0.06,-0.028,-0.016,-0.005,0.001,-0.033,3.183,-0.014,2.942,-0.007,2.855,2013-06-13,retailing
APA,CLB,2018-05-30,0.569,0.333,2.887,0.549,76.688,4.364,3.888,0.314,0.586,0.039,0.056,-0.019,-0.001,-0.044,0.064,0.092,-0.026,0.048,0.043,0.024,2.438,0.12,0.659,0.078,1.429,2013-06-13,energy
BKR,SNP,2018-05-30,0.745,0.0,2.892,0.455,36.374,4.364,3.888,0.954,0.402,-0.048,0.011,-0.025,-0.006,0.037,-0.017,-0.024,0.049,0.017,0.009,0.039,2.436,-0.012,3.029,-0.055,3.545,2013-06-13,energy
CPG,OXY,2018-05-30,0.725,0.0,3.691,0.415,53.05,4.364,3.888,0.954,3.142,-0.017,0.025,-0.048,0.006,0.011,0.02,-0.031,-0.027,-0.028,-0.018,-0.005,3.774,-0.006,3.792,0.029,3.223,2013-06-13,energy
CVE,HES,2018-05-30,0.549,0.333,2.61,1.706,27.912,4.364,3.888,0.878,0.915,0.001,-0.056,-0.033,-0.03,0.04,-0.02,-0.064,-0.001,-0.013,0.012,-0.072,3.749,-0.06,3.564,-0.082,3.916,2013-06-13,energy
CVE,OXY,2018-05-30,0.765,0.0,3.631,0.526,51.326,4.364,3.888,0.933,2.988,-0.015,-0.07,-0.035,-0.03,-0.008,0.0,-0.042,0.007,-0.028,-0.011,-0.004,3.694,-0.003,3.675,0.031,3.119,2013-06-13,energy
DHT,DINO,2018-05-30,0.569,0.0,3.869,3.344,25.546,4.364,3.888,0.764,0.437,0.069,0.014,0.027,0.059,0.006,0.083,0.01,-0.062,-0.021,0.031,0.137,2.755,0.036,3.575,0.057,3.409,2013-06-13,energy
DRQ,HES,2018-05-30,0.569,0.333,2.763,0.488,20.384,4.364,3.888,0.738,1.19,-0.062,0.02,0.03,-0.013,0.011,-0.068,-0.034,0.006,-0.011,0.006,-0.035,3.344,-0.016,3.021,-0.03,3.259,2013-06-13,energy
E,EC,2018-05-30,0.627,0.0,2.642,0.813,-11.825,4.364,3.888,0.185,1.365,0.01,0.12,-0.153,0.17,0.016,0.02,-0.004,0.006,0.078,0.043,0.037,1.563,0.038,1.541,0.022,2.009,2013-06-13,energy
E,GPRK,2018-05-30,0.804,1.0,2.911,1.028,-18.244,4.364,3.888,0.017,0.29,0.018,0.035,-0.001,0.026,-0.026,0.065,-0.008,0.0,-0.038,0.006,-0.088,5.837,-0.076,5.441,-0.022,3.631,2013-06-13,energy
ENB,SNP,2018-05-30,0.706,0.0,3.169,0.501,36.417,4.364,3.888,0.926,0.021,0.02,0.019,0.106,-0.014,0.034,-0.017,-0.056,0.029,0.025,0.04,0.062,2.469,0.012,3.036,-0.026,3.465,2013-06-13,energy
EOG,PBR-A,2018-05-30,0.804,1.0,-3.032,0.18,-7.889,4.364,3.888,0.103,-0.552,0.03,-0.02,0.031,-0.003,-0.011,-0.056,0.043,0.013,-0.003,0.027,-0.069,-4.945,-0.049,-4.399,-0.028,-3.827,2013-06-13,energy
EQT,OXY,2018-05-30,0.608,0.0,3.418,0.036,56.034,4.364,3.888,0.674,2.336,0.003,0.003,-0.01,-0.007,0.012,0.029,0.023,0.002,-0.005,0.041,0.0,3.413,-0.0,3.422,0.038,2.846,2013-06-13,energy
ERF,PBR-A,2018-05-30,0.843,1.0,-3.159,0.924,-0.367,4.364,3.888,0.683,-0.44,0.025,0.017,-0.028,-0.039,0.031,0.001,-0.053,0.007,0.049,0.002,-0.072,-4.832,-0.015,-3.508,-0.071,-4.811,2013-06-13,energy
ERF,SNP,2018-05-30,0.51,0.667,2.533,3.022,29.594,4.364,3.888,0.18,0.528,-0.029,0.018,0.041,0.014,0.004,0.027,-0.005,0.018,-0.005,-0.004,0.044,0.972,0.012,2.101,-0.028,3.507,2013-06-13,energy
FTI,MRO,2018-05-30,0.686,0.667,2.89,1.069,-8.323,4.364,3.888,0.234,0.673,-0.046,-0.025,0.07,-0.022,-0.022,-0.058,-0.013,0.097,-0.032,-0.034,0.01,2.614,0.033,2.009,-0.003,2.98,2013-06-13,energy
FTI,NOV,2018-05-30,1.0,1.0,2.506,1.219,8.722,4.364,3.888,0.512,0.156,-0.04,0.034,0.046,0.009,-0.032,-0.031,0.014,0.01,0.007,-0.006,-0.025,3.403,-0.072,5.071,-0.081,5.366,2013-06-13,energy
GPRE,SNP,2018-05-30,0.647,0.0,2.819,0.439,41.684,4.364,3.888,0.964,2.783,0.049,-0.0,-0.005,-0.017,0.049,-0.014,-0.022,0.015,0.077,-0.062,0.036,2.422,-0.036,3.211,-0.066,3.547,2013-06-13,energy
HES,RRC,2018-05-30,0.588,0.333,-2.518,0.819,-10.243,4.364,3.888,0.635,-1.981,0.005,0.044,0.047,0.037,0.012,-0.03,-0.059,0.008,-0.052,-0.015,-0.039,-2.81,-0.067,-3.012,-0.055,-2.929,2013-06-13,energy
OKE,PBR-A,2018-05-30,0.745,0.667,-2.737,0.228,-1.332,4.364,3.888,0.262,-0.37,-0.052,-0.003,-0.002,0.005,-0.022,0.029,-0.002,0.057,0.026,-0.027,-0.078,-4.398,-0.004,-2.83,-0.051,-3.819,2013-06-13,energy
PBA,SNP,2018-05-30,0.843,0.0,2.805,1.803,10.548,4.364,3.888,0.895,1.695,-0.042,0.041,0.035,0.055,-0.052,0.075,0.025,-0.009,0.021,0.005,0.029,2.013,0.003,2.715,-0.029,3.603,2013-06-13,energy
PBA,UGP,2018-05-30,0.569,0.5,-5.274,0.302,2.166,4.364,3.888,0.539,-4.958,-0.003,0.056,-0.046,-0.006,-0.035,0.037,-0.013,0.021,0.016,0.007,-0.04,-5.947,-0.06,-6.269,-0.099,-6.921,2013-06-13,energy
PBR,SU,2018-05-30,0.824,0.833,2.878,1.447,14.57,4.364,3.888,0.707,1.39,-0.022,-0.022,-0.033,0.019,-0.012,0.005,0.003,-0.063,-0.001,0.047,-0.05,4.013,-0.045,3.903,-0.066,4.381,2013-06-13,energy
PBR-A,SU,2018-05-30,0.961,1.0,3.479,1.507,15.414,4.364,3.888,0.539,1.645,-0.048,0.001,0.111,0.039,0.025,0.013,0.005,0.02,0.057,0.01,-0.041,4.42,-0.035,4.287,-0.063,4.94,2013-06-13,energy
PBR-A,TS,2018-05-30,0.961,0.833,2.772,1.659,14.689,4.364,3.888,0.957,0.677,0.013,-0.006,0.001,0.003,0.015,-0.047,-0.038,-0.042,-0.04,0.011,-0.03,3.439,0.028,2.15,0.009,2.571,2013-06-13,energy
PBR-A,TTE,2018-05-30,0.745,0.0,2.676,1.642,39.086,4.364,3.888,0.873,0.576,0.01,0.027,-0.046,0.008,0.025,0.022,0.015,0.008,-0.007,0.031,-0.023,3.326,-0.043,3.876,-0.067,4.549,2013-06-13,energy
PTEN,SU,2018-05-30,0.529,0.0,2.636,0.587,13.431,4.364,3.888,0.975,2.485,0.013,-0.001,0.018,0.007,0.032,0.004,-0.083,0.02,-0.023,0.019,-0.037,3.156,-0.096,3.986,-0.076,3.705,2013-06-13,energy
RES,SU,2018-05-30,0.824,0.333,4.116,0.806,11.161,4.364,3.888,0.691,3.417,0.031,0.02,-0.001,0.049,0.045,-0.026,-0.123,0.06,-0.07,-0.04,-0.046,5.113,-0.083,5.891,-0.077,5.769,2013-06-13,energy
RES,TTE,2018-05-30,0.608,0.0,2.789,0.744,36.655,4.364,3.888,0.468,1.377,0.001,0.02,0.043,-0.044,-0.025,0.032,0.014,0.017,0.018,-0.026,-0.024,3.289,-0.074,4.369,-0.074,4.354,2013-06-13,energy
SNP,UGP,2018-05-30,0.529,0.0,-4.054,0.085,4.538,4.364,3.888,0.348,-0.041,-0.004,-0.028,-0.015,0.006,-0.027,-0.045,0.017,-0.02,-0.028,0.002,-0.03,-4.361,-0.061,-4.676,-0.138,-5.468,2013-06-13,energy
SNP,YPF,2018-05-30,0.745,0.167,-2.831,0.224,8.941,4.364,3.888,0.046,-1.06,-0.031,-0.009,-0.059,0.022,0.014,-0.029,-0.015,-0.008,-0.008,0.032,-0.09,-4.063,-0.055,-3.575,-0.1,-4.203,2013-06-13,energy
ABEV,DAR,2018-05-30,1.0,1.0,3.97,3.304,-1.567,4.312,4.426,0.242,0.793,-0.005,-0.021,-0.017,0.019,-0.011,0.0,-0.016,-0.028,-0.022,-0.053,-0.072,5.865,-0.025,4.622,-0.087,6.259,2013-06-13,consumer_staples
ABEV,DEO,2018-05-30,0.569,0.167,4.411,16.607,24.329,4.312,4.426,0.072,3.336,-0.007,-0.024,-0.032,-0.012,-0.013,0.002,0.034,-0.046,0.002,-0.019,-0.028,5.223,0.0,4.397,-0.029,5.263,2013-06-13,consumer_staples
ABEV,NUS,2018-05-30,0.608,0.667,5.105,14.577,-25.934,4.312,4.426,0.082,2.742,-0.004,-0.038,0.035,0.005,-0.031,-0.003,0.036,0.048,-0.004,-0.017,-0.026,5.713,0.065,3.572,-0.045,6.167,2013-06-13,consumer_staples
ADM,BRFS,2018-05-30,0.725,0.0,-2.547,0.051,11.97,4.312,4.426,0.006,-1.967,0.014,0.003,-0.054,0.037,-0.006,0.059,-0.008,-0.019,-0.011,0.037,-0.151,-2.912,0.035,-2.464,-0.159,-2.931,2013-06-13,consumer_staples
AKO-A,DEO,2018-05-30,0.51,0.0,2.839,2.862,49.895,4.312,4.426,0.068,1.579,-0.01,0.029,0.069,0.061,-0.014,0.023,0.02,0.044,0.026,-0.043,-0.021,3.402,-0.02,3.379,-0.007,3.035,2013-06-13,consumer_staples
AKO-A,MGPI,2018-05-30,0.529,0.667,3.804,5.132,-55.1,4.312,4.426,0.031,1.173,0.006,-0.003,-0.012,-0.046,0.035,-0.013,-0.07,0.02,-0.004,0.02,-0.068,5.61,0.001,3.769,0.038,2.783,2013-06-13,consumer_staples
AKO-B,DEO,2018-05-30,0.608,0.333,2.879,2.886,42.439,4.312,4.426,0.076,0.798,0.014,0.012,-0.0,0.019,-0.004,-0.004,0.006,0.009,-0.0,0.013,-0.04,4.189,-0.016,3.387,-0.012,3.276,2013-06-13,consumer_staples
AKO-B,IPAR,2018-05-30,0.549,1.0,4.469,1.523,-1.134,4.312,4.426,0.045,1.037,0.068,-0.013,-0.006,-0.006,0.025,0.021,0.002,-0.019,-0.044,-0.027,-0.052,5.996,-0.07,6.557,-0.151,8.939,2013-06-13,consumer_staples
AKO-B,MGPI,2018-05-30,0.647,1.0,2.912,4.82,-60.809,4.312,4.426,0.002,0.449,-0.054,-0.016,0.029,-0.01,-0.059,0.026,0.064,-0.0,0.016,-0.026,-0.095,5.225,0.009,2.682,0.03,2.171,2013-06-13,consumer_staples
BF-A,USNA,2018-05-30,0.784,0.5,3.189,1.351,25.369,4.312,4.426,0.018,0.927,0.044,0.01,-0.004,0.036,-0.063,0.036,0.081,-0.012,-0.045,0.013,-0.039,4.325,-0.094,5.92,-0.112,6.446,2013-06-13,consumer_staples
BF-B,USNA,2018-05-30,0.686,0.167,3.548,1.459,11.314,4.312,4.426,0.003,1.772,-0.015,-0.024,0.009,-0.055,-0.027,0.007,0.003,0.068,0.03,0.005,-0.052,4.902,-0.11,6.439,-0.123,6.765,2013-06-13,consumer_staples
BGS,GIS,2018-05-30,0.686,0.833,-2.649,0.812,26.378,4.312,4.426,0.159,-0.693,0.009,-0.007,-0.017,-0.031,0.006,-0.013,-0.006,-0.007,-0.031,-0.018,-0.014,-2.95,0.012,-2.408,0.017,-2.305,2013-06-13,consumer_staples
BGS,TAP,2018-05-30,0.608,0.833,-2.595,1.853,31.535,4.312,4.426,0.17,-0.383,-0.016,0.002,-0.007,-0.006,0.079,-0.05,-0.067,0.021,0.027,-0.028,0.002,-2.558,-0.01,-2.783,0.009,-2.424,2013-06-13,consumer_staples
BGS,TAP-A,2018-05-30,0.588,1.0,-2.737,1.737,36.137,4.312,4.426,0.299,-0.241,0.064,0.05,-0.088,0.009,-0.005,0.059,0.023,0.017,0.019,0.049,0.022,-2.343,-0.029,-3.239,0.022,-2.345,2013-06-13,consumer_staples
BTI,CVGW,2018-05-30,0.745,0.0,2.84,1.468,-0.668,4.312,4.426,0.573,2.388,-0.003,0.033,-0.054,0.019,-0.04,0.057,0.058,-0.056,0.038,-0.027,-0.037,3.307,0.01,2.711,-0.095,4.035,2013-06-13,consumer_staples
BUD,EL,2018-05-30,0.608,0.0,2.567,0.011,92.723,4.312,4.426,0.761,1.36,0.051,0.021,-0.033,0.042,-0.024,-0.021,-0.002,0.013,0.002,-0.02,0.057,2.157,0.113,1.756,0.073,2.041,2013-06-13,consumer_staples
CALM,USNA,2018-05-30,0.745,0.0,4.288,0.459,46.891,4.312,4.426,0.771,2.387,-0.012,-0.05,-0.12,0.039,0.001,0.028,-0.023,0.036,0.014,0.036,0.003,4.249,-0.12,5.762,-0.119,5.751,2013-06-13,consumer_staples
CASY,WDFC,2018-05-30,0.51,0.167,3.195,0.448,51.893,4.312,4.426,0.787,3.158,-0.009,0.034,0.019,-0.023,0.004,0.022,0.001,-0.002,-0.002,-0.077,-0.023,3.532,-0.086,4.476,-0.144,5.346,2013-06-13,consumer_staples
CCU,DEO,2018-05-30,0.745,0.833,3.361,4.833,15.398,4.312,4.426,0.089,0.852,0.008,-0.018,-0.039,0.009,-0.07,0.012,0.053,-0.051,-0.004,-0.023,-0.011,3.833,0.018,2.58,0.044,1.464,2013-06-13,consumer_staples
CHD,CL,2018-05-30,0.51,0.667,-2.534,0.999,18.187,4.312,4.426,0.115,-0.347,0.027,-0.022,-0.006,-0.004,-0.017,0.029,-0.005,-0.017,0.019,-0.026,-0.041,-4.63,-0.043,-4.741,-0.053,-5.234,2013-06-13,consumer_staples
CL,CVGW,2018-05-30,0.882,0.0,2.776,1.764,-48.069,4.312,4.426,0.515,1.992,0.037,-0.013,0.027,0.048,-0.011,-0.016,0.03,-0.027,-0.025,-0.019,-0.026,3.242,0.003,2.715,-0.045,3.579,2013-06-13,consumer_staples
CL,MGPI,2018-05-30,0.765,0.0,2.907,3.177,-153.446,4.312,4.426,0.213,2.57,-0.016,-0.058,-0.028,0.0,-0.014,-0.026,0.014,0.009,0.004,-0.035,-0.004,2.963,0.051,2.126,0.086,1.591,2013-06-13,consumer_staples
CL,SYY,2018-05-30,0.804,0.5,3.457,1.179,-28.87,4.312,4.426,0.136,3.158,0.054,0.016,0.02,0.015,0.01,-0.002,-0.02,0.005,0.006,0.003,-0.012,3.726,0.014,3.14,-0.038,4.324,2013-06-13,consumer_staples
COKE,USNA,2018-05-30,0.529,0.0,4.09,-0.079,80.789,4.312,4.426,0.86,3.43,0.031,0.014,-0.076,-0.013,0.007,-0.046,-0.034,0.062,-0.024,-0.097,0.008,4.012,-0.15,5.507,-0.184,5.828,2013-06-13,consumer_staples
CVGW,USNA,2018-05-30,0.667,0.0,4.047,0.567,32.242,4.312,4.426,0.181,3.388,0.001,0.037,-0.068,0.025,0.003,0.04,-0.042,0.052,0.024,-0.019,0.028,3.531,-0.079,5.504,-0.057,5.096,2013-06-13,consumer_staples
HSY,MGPI,2018-05-30,0.706,0.0,2.951,1.616,-99.668,4.312,4.426,0.114,2.618,0.012,-0.038,0.012,-0.015,0.032,0.04,-0.021,0.021,0.005,-0.001,0.006,2.872,0.071,1.986,0.121,1.315,2013-06-13,consumer_staples
IMKTA,USNA,2018-05-30,0.745,0.0,4.25,-0.17,73.0,4.312,4.426,0.634,0.481,0.009,0.065,-0.012,0.055,-0.014,0.065,-0.007,0.04,0.012,-0.021,0.009,4.165,-0.133,5.549,-0.16,5.815,2013-06-13,consumer_staples
K,TAP,2018-05-30,0.686,0.333,-3.317,1.836,-28.169,4.312,4.426,0.13,-0.778,0.076,-0.01,-0.006,0.026,0.02,-0.007,-0.023,0.074,0.02,-0.06,-0.008,-3.544,-0.031,-4.176,-0.031,-4.176,2013-06-13,consumer_staples
K,WDFC,2018-05-30,0.51,0.0,2.742,0.606,64.641,4.312,4.426,0.909,2.568,0.025,-0.072,-0.011,-0.093,-0.069,0.04,0.048,-0.02,-0.016,-0.022,-0.029,3.149,-0.1,4.134,-0.173,5.147,2013-06-13,consumer_staples
KR,USNA,2018-05-30,0.647,0.0,4.214,-0.615,84.165,4.312,4.426,0.528,0.032,0.003,0.029,0.045,-0.006,-0.059,0.068,0.062,-0.011,-0.016,0.043,-0.006,4.272,-0.171,5.797,-0.198,6.046,2013-06-13,consumer_staples
MED,MGPI,2018-05-30,0.51,0.0,-4.461,0.952,4.47,4.312,4.426,0.104,-3.941,0.011,-0.001,0.061,0.027,-0.033,0.067,0.038,0.078,-0.008,0.001,-0.035,-5.187,-0.131,-7.196,-0.382,-12.417,2013-06-13,consumer_staples
MKC,WDFC,2018-05-30,0.843,0.5,3.43,2.553,-11.621,4.312,4.426,0.422,0.501,-0.0,-0.018,-0.06,0.0,0.004,0.021,-0.018,-0.011,-0.002,-0.019,0.023,2.318,-0.015,4.163,-0.032,4.989,2013-06-13,consumer_staples
MKC-V,WDFC,2018-05-30,0.863,0.5,3.452,2.606,-13.069,4.312,4.426,0.424,0.427,0.004,-0.032,0.008,-0.027,-0.025,0.009,0.017,-0.029,-0.044,-0.038,0.022,2.395,-0.012,4.033,-0.029,4.839,2013-06-13,consumer_staples
MNST,USNA,2018-05-30,0.863,0.0,4.504,0.603,36.558,4.312,4.426,0.61,0.045,-0.005,0.012,-0.012,-0.002,0.038,0.015,-0.017,-0.035,-0.016,0.044,0.028,4.118,-0.069,5.446,-0.078,5.561,2013-06-13,consumer_staples
PRMW,WDFC,2018-05-30,0.686,0.0,2.521,4.167,46.292,4.312,4.426,0.658,1.094,-0.015,-0.027,0.065,-0.043,0.022,-0.004,-0.01,-0.029,-0.006,-0.065,-0.028,3.188,-0.102,4.907,-0.179,6.733,2013-06-13,consumer_staples
RAD,USNA,2018-05-30,0.569,0.0,4.091,-0.078,75.616,4.312,4.426,0.22,0.214,0.041,-0.008,0.057,0.083,0.01,0.045,0.006,0.006,-0.015,-0.021,0.01,3.987,-0.135,5.529,-0.145,5.63,2013-06-13,consumer_staples
SJM,WDFC,2018-05-30,0.784,0.333,3.237,0.475,49.474,4.312,4.426,0.904,3.146,0.016,-0.041,-0.002,-0.025,0.009,-0.005,0.002,-0.006,0.036,0.015,-0.039,3.849,-0.105,4.898,-0.188,6.202,2013-06-13,consumer_staples
TSN,WDFC,2018-05-30,0.588,0.333,3.602,1.02,42.765,4.312,4.426,0.627,1.635,-0.009,0.031,0.013,-0.003,-0.002,-0.001,0.001,0.054,-0.01,-0.045,-0.041,4.811,-0.155,8.212,-0.199,9.528,2013-06-13,consumer_staples
ABCB,EFSC,2018-05-30,0.608,1.0,2.643,0.89,-0.472,4.344,3.849,0.373,0.161,0.042,0.002,-0.008,0.043,-0.037,0.013,0.005,0.034,-0.008,-0.094,-0.012,3.501,-0.082,8.589,-0.07,7.73,2013-06-13,banks
ASB,USB,2018-05-30,0.608,0.5,-4.183,1.733,9.371,4.344,3.849,0.354,-1.739,-0.002,0.011,0.016,0.034,-0.014,0.025,0.053,0.021,0.043,0.021,0.003,-3.993,0.04,-1.98,0.055,-1.185,2013-06-13,banks
AUB,FULT,2018-05-30,0.529,0.0,-3.505,0.402,2.145,4.344,3.849,0.058,-1.945,0.04,0.013,-0.018,0.055,0.01,0.036,0.018,-0.003,0.004,-0.0,-0.003,-3.631,0.009,-3.137,0.016,-2.835,2013-06-13,banks
AUB,PPBI,2018-05-30,0.725,0.833,-3.144,1.392,-9.583,4.344,3.849,0.49,-0.443,0.053,-0.026,-0.014,-0.023,-0.033,0.035,0.029,0.088,0.057,0.035,0.0,-3.131,-0.032,-4.935,-0.032,-4.914,2013-06-13,banks
AUB,WAFD,2018-05-30,0.843,0.5,-4.083,0.875,2.238,4.344,3.849,0.211,-2.021,-0.007,0.0,0.023,-0.073,0.023,0.04,-0.014,0.036,0.005,0.041,0.029,-2.665,0.022,-3.004,0.019,-3.164,2013-06-13,banks
BAC,UMPQ,2018-05-30,0.863,0.0,3.362,0.384,6.638,4.344,3.849,0.336,1.181,0.021,0.009,0.013,0.101,-0.023,0.018,-0.001,-0.024,-0.007,0.043,0.015,2.711,0.081,-0.099,0.087,-0.353,2013-06-13,banks
BANF,USB,2018-05-30,0.706,0.5,-3.569,0.507,21.691,4.344,3.849,0.25,-1.026,0.001,-0.024,0.011,0.014,-0.002,0.004,0.018,-0.039,-0.01,0.043,0.003,-3.458,0.026,-2.419,0.034,-2.074,2013-06-13,banks
BAP,BMA,2018-05-30,0.686,0.5,-2.734,0.514,3.179,4.344,3.849,0.106,-0.934,-0.038,0.015,0.008,-0.072,-0.019,0.024,-0.019,0.037,0.014,-0.012,-0.08,-4.075,-0.061,-3.745,-0.193,-5.956,2013-06-13,banks
BBD,BNS,2018-05-30,0.725,1.0,2.914,3.978,20.382,4.344,3.849,0.257,0.676,0.005,-0.001,-0.021,0.034,-0.067,-0.0,0.039,0.055,0.02,-0.012,0.004,2.782,0.032,1.943,-0.027,3.73,2013-06-13,banks
BBD,CIB,2018-05-30,0.941,0.5,2.947,2.725,18.696,4.344,3.849,0.511,0.17,0.09,-0.02,0.002,-0.09,-0.075,-0.022,0.079,0.073,0.016,0.02,-0.06,4.118,0.003,2.887,-0.006,3.058,2013-06-13,banks
BBD,OFG,2018-05-30,0.588,0.0,2.519,0.664,5.429,4.344,3.849,0.283,1.274,-0.019,0.013,-0.018,-0.027,-0.017,0.019,0.037,-0.037,0.07,0.108,-0.028,2.797,-0.113,3.644,-0.144,3.949,2013-06-13,banks
BBD,RY,2018-05-30,0.686,0.667,3.176,5.146,25.478,4.344,3.849,0.004,0.979,0.011,-0.056,0.007,0.001,-0.028,0.021,0.02,-0.033,-0.03,-0.0,-0.032,4.089,-0.008,3.405,-0.084,5.562,2013-06-13,banks
BBD,TD,2018-05-30,0.588,0.5,4.243,3.569,19.237,4.344,3.849,0.001,2.714,0.022,-0.004,0.038,-0.048,-0.002,0.011,-0.023,-0.007,-0.013,-0.056,-0.016,4.664,0.011,3.938,-0.063,5.924,2013-06-13,banks
BCH,BSAC,2018-05-30,0.686,1.0,3.472,1.091,-3.456,4.344,3.849,0.106,0.287,-0.03,-0.024,-0.014,-0.066,-0.01,0.014,0.014,-0.044,0.009,0.039,0.019,1.68,-0.002,3.65,0.005,3.03,2013-06-13,banks
BHLB,SBCF,2018-05-30,0.784,0.667,3.197,0.966,-7.236,4.344,3.849,0.444,0.623,0.065,-0.047,-0.05,-0.042,0.006,0.002,-0.033,0.038,0.022,-0.023,0.009,2.682,0.052,0.138,0.034,1.233,2013-06-13,banks
BKU,SBNY,2018-05-30,0.549,0.0,-2.727,2.023,67.134,4.344,3.849,0.0,-1.394,-0.064,-0.015,0.098,0.022,-0.006,-0.023,-0.014,0.021,0.012,-0.063,0.003,-2.656,-0.056,-4.007,-0.032,-3.447,2013-06-13,banks
BMA,HDB,2018-05-30,0.647,0.667,3.919,0.339,12.467,4.344,3.849,0.7,1.246,-0.027,0.018,0.053,-0.025,0.008,0.013,-0.018,-0.035,-0.022,0.027,-0.066,5.286,-0.039,4.72,-0.121,6.405,2013-06-13,banks
BNS,TD,2018-05-30,0.647,0.0,3.118,0.895,1.022,4.344,3.849,0.25,1.934,-0.056,0.017,-0.023,0.005,-0.012,0.032,0.022,0.042,0.039,-0.019,-0.015,3.992,-0.013,3.92,-0.028,4.807,2013-06-13,banks
BOH,BRKL,2018-05-30,0.686,0.5,3.265,0.242,-3.943,4.344,3.849,0.03,0.861,-0.008,0.027,0.022,0.033,0.026,-0.028,-0.055,0.006,0.001,-0.027,-0.032,5.273,-0.033,5.368,-0.008,3.762,2013-06-13,banks
BOKF,FITB,2018-05-30,0.804,0.833,-2.508,0.331,-2.501,4.344,3.849,0.011,-0.443,0.033,-0.025,-0.033,-0.006,-0.045,-0.014,0.061,0.02,-0.003,0.039,0.017,-1.512,0.01,-1.896,-0.011,-3.156,2013-06-13,banks
BRKL,COLB,2018-05-30,0.902,0.833,-2.942,2.39,2.847,4.344,3.849,0.774,-0.68,-0.022,-0.043,-0.047,-0.061,-0.016,-0.002,0.02,-0.012,-0.051,-0.013,-0.035,-4.834,-0.025,-4.292,-0.004,-3.183,2013-06-13,banks
BRKL,CVBF,2018-05-30,0.941,0.667,-2.828,1.32,2.312,4.344,3.849,0.02,-0.638,-0.032,-0.008,0.051,0.033,-0.006,-0.03,-0.024,0.021,0.016,-0.009,-0.037,-4.932,0.004,-2.591,0.018,-1.803,2013-06-13,banks
BRKL,WABC,2018-05-30,0.627,1.0,-2.833,2.63,16.516,4.344,3.849,0.178,-0.371,-0.012,-0.045,-0.014,0.044,-0.012,-0.045,-0.051,0.02,-0.092,-0.071,-0.019,-3.856,0.02,-1.783,0.057,0.153,2013-06-13,banks
BSBR,CBSH,2018-05-30,0.725,0.833,3.646,2.69,27.217,4.344,3.849,0.062,0.355,0.02,0.014,-0.031,0.081,0.011,-0.013,0.008,0.005,-0.014,-0.042,-0.04,5.077,0.002,3.577,-0.082,6.545,2013-06-13,banks
BSBR,FCNCA,2018-05-30,0.667,0.833,2.594,31.42,148.8,4.344,3.849,0.0,0.46,-0.024,0.059,0.021,0.032,0.067,-0.03,-0.057,0.019,0.026,0.01,-0.005,2.736,0.074,0.646,-0.078,4.649,2013-06-13,banks
BSBR,FFBC,2018-05-30,0.608,0.5,3.047,1.887,9.955,4.344,3.849,0.02,0.554,-0.038,-0.044,-0.023,-0.012,-0.058,0.04,0.055,0.037,0.016,-0.018,-0.043,4.176,0.062,1.432,-0.018,3.523,2013-06-13,banks
BSBR,IBOC,2018-05-30,0.765,0.667,2.627,2.709,14.892,4.344,3.849,0.054,0.41,-0.016,-0.008,-0.042,-0.022,0.025,-0.016,-0.032,0.016,0.031,-0.003,-0.044,3.719,0.025,2.013,-0.062,4.148,2013-06-13,banks
BSBR,TD,2018-05-30,0.686,0.0,2.603,2.98,22.588,4.344,3.849,0.552,1.02,0.001,-0.013,-0.021,-0.024,-0.025,0.058,0.056,-0.027,0.034,-0.026,-0.03,3.485,0.021,1.963,-0.055,4.235,2013-06-13,banks
BSBR,WSBC,2018-05-30,0.549,0.667,3.472,2.155,19.607,4.344,3.849,0.015,0.858,-0.017,-0.018,0.063,-0.001,-0.102,-0.027,-0.024,0.074,-0.058,0.017,-0.028,4.25,-0.002,3.517,-0.054,4.985,2013-06-13,banks
BUSE,FULT,2018-05-30,0.667,0.833,-3.124,0.495,2.132,4.344,3.849,0.016,-0.371,0.04,0.058,0.056,0.046,0.034,-0.013,-0.015,-0.052,-0.026,-0.021,-0.024,-4.7,0.005,-2.788,0.02,-1.792,2013-06-13,banks
BUSE,WAFD,2018-05-30,0.529,0.833,-3.345,1.065,2.448,4.344,3.849,0.021,-0.367,-0.035,0.01,-0.006,0.005,-0.004,-0.031,-0.039,0.009,-0.011,0.007,0.009,-2.718,0.019,-1.975,0.024,-1.637,2013-06-13,banks
C,UMPQ,2018-05-30,0.686,0.0,3.931,0.2,3.712,4.344,3.849,0.377,2.766,0.048,0.01,-0.046,-0.015,-0.056,-0.017,0.042,0.031,-0.014,0.011,0.023,3.151,0.087,1.037,0.096,0.728,2013-06-13,banks
CADE,SBCF,2018-05-30,0.706,1.0,2.783,1.154,-6.478,4.344,3.849,0.005,0.662,0.015,-0.051,-0.023,0.004,-0.031,-0.016,-0.013,0.021,-0.063,0.004,-0.014,3.434,0.026,1.592,0.008,2.412,2013-06-13,banks
CADE,WBS,2018-05-30,0.784,1.0,2.534,2.167,-10.279,4.344,3.849,0.119,0.581,0.013,0.014,0.01,0.021,0.024,0.008,-0.008,-0.029,0.046,0.026,-0.002,2.655,-0.026,4.195,-0.005,2.854,2013-06-13,banks
CATY,SBCF,2018-05-30,0.725,0.667,2.751,0.919,-7.136,4.344,3.849,0.169,0.819,-0.13,0.016,0.005,0.01,-0.001,0.034,0.019,-0.009,-0.056,-0.088,-0.031,4.176,0.029,1.411,-0.005,2.963,2013-06-13,banks
CFR,HWC,2018-05-30,0.588,0.0,-2.828,0.574,-7.326,4.344,3.849,0.03,-1.14,-0.012,0.051,-0.086,-0.014,-0.022,0.006,0.012,0.034,-0.011,-0.008,0.0,-2.821,0.013,-2.278,0.018,-2.03,2013-06-13,banks
CFR,KB,2018-05-30,0.549,0.333,-2.924,0.566,-5.082,4.344,3.849,0.057,-1.403,0.078,0.003,-0.03,-0.023,-0.045,0.001,0.108,-0.008,0.056,0.114,0.012,-2.567,0.016,-2.476,0.005,-2.795,2013-06-13,banks
CHCO,SBCF,2018-05-30,0.745,1.0,3.269,0.451,-2.42,4.344,3.849,0.17,0.724,-0.013,0.0,-0.023,0.037,-0.035,-0.031,0.045,0.072,0.11,0.114,-0.003,3.439,0.087,-1.939,0.044,0.635,2013-06-13,banks
CHCO,USB,2018-05-30,0.686,0.833,-3.512,0.523,15.103,4.344,3.849,0.439,-1.119,0.01,-0.153,0.154,-0.225,0.027,-0.017,-0.028,-0.061,-0.116,-0.112,-0.005,-3.745,0.0,-3.489,0.016,-2.737,2013-06-13,banks
CMA,KB,2018-05-30,0.549,0.5,-2.953,0.583,5.176,4.344,3.849,0.211,-1.171,-0.034,0.048,0.007,0.069,0.009,0.012,-0.059,0.005,0.017,-0.005,-0.006,-3.138,-0.015,-3.436,-0.039,-4.24,2013-06-13,banks
CMA,MTB,2018-05-30,0.961,0.833,-2.699,1.476,49.644,4.344,3.849,0.009,-0.571,0.007,-0.02,-0.015,0.02,-0.014,-0.007,0.029,-0.057,0.05,0.014,-0.0,-2.713,-0.001,-2.777,-0.004,-2.931,2013-06-13,banks
CMA,UMPQ,2018-05-30,0.686,0.0,2.629,0.129,7.313,4.344,3.849,0.357,0.731,0.006,0.021,0.052,-0.012,-0.016,-0.024,0.065,-0.014,-0.008,-0.03,0.011,2.124,0.065,-0.273,0.079,-0.904,2013-06-13,banks
CVBF,EFSC,2018-05-30,0.588,0.167,2.661,2.69,-13.589,4.344,3.849,0.4,1.031,-0.009,0.025,0.008,-0.007,-0.017,0.031,0.009,0.029,0.009,-0.007,-0.016,3.311,-0.011,3.093,-0.001,2.705,2013-06-13,banks
CVBF,SBCF,2018-05-30,0.941,0.667,3.688,1.488,-5.941,4.344,3.849,0.536,1.223,-0.073,-0.04,-0.008,-0.05,-0.014,0.006,0.027,-0.024,0.084,0.056,-0.028,4.938,0.048,1.533,0.016,2.97,2013-06-13,banks
CVBF,SNV,2018-05-30,0.706,0.0,2.698,2.363,-7.957,4.344,3.849,0.311,1.332,0.032,0.037,0.018,0.013,0.005,-0.064,-0.066,0.055,0.004,0.054,-0.009,3.125,0.047,0.493,0.05,0.321,2013-06-13,banks
CVBF,WBS,2018-05-30,0.902,0.5,3.867,2.798,-9.315,4.344,3.849,0.57,1.21,0.018,0.042,0.027,0.042,-0.018,-0.03,-0.007,0.006,-0.028,0.017,-0.015,4.85,-0.005,4.159,0.003,3.689,2013-06-13,banks
EFSC,PPBI,2018-05-30,0.588,0.5,-3.565,0.911,-1.951,4.344,3.849,0.441,-1.214,0.147,0.04,-0.104,0.066,-0.038,-0.041,0.031,0.025,0.069,0.081,-0.026,-4.821,-0.068,-6.931,-0.049,-5.97,2013-06-13,banks
FBNC,TCBK,2018-05-30,0.608,0.333,-2.952,0.757,10.597,4.344,3.849,0.08,-0.661,0.015,-0.008,-0.014,0.041,0.011,-0.023,-0.033,-0.041,-0.028,-0.027,-0.004,-3.131,-0.004,-3.164,-0.008,-3.367,2013-06-13,banks
FCNCA,USB,2018-05-30,0.804,0.0,-2.811,0.072,17.957,4.344,3.849,0.345,-1.388,0.042,0.02,-0.014,0.048,0.003,-0.006,0.007,0.016,-0.1,0.063,0.033,-1.495,0.066,-0.184,0.021,-1.978,2013-06-13,banks
FFBC,WAFD,2018-05-30,0.647,0.333,-3.515,1.126,3.362,4.344,3.849,0.076,-2.099,0.007,0.061,0.015,0.006,0.006,-0.004,0.016,-0.012,-0.011,-0.046,0.012,-2.946,0.033,-2.014,0.026,-2.325,2013-06-13,banks
FHN,UMPQ,2018-05-30,0.51,0.0,3.139,0.85,1.892,4.344,3.849,0.524,2.906,-0.024,0.011,0.025,-0.039,0.011,0.003,0.019,0.041,0.016,0.052,0.009,2.889,0.036,2.122,0.057,1.511,2013-06-13,banks
FITB,TFC,2018-05-30,0.706,1.0,3.221,1.3,9.278,4.344,3.849,0.152,0.065,0.026,0.032,0.014,0.018,-0.223,0.004,0.018,0.043,-0.056,0.015,0.003,2.878,0.009,2.202,-0.004,3.671,2013-06-13,banks
FITB,UMPQ,2018-05-30,0.706,0.0,3.748,0.451,4.842,4.344,3.849,0.116,1.525,-0.016,-0.002,0.026,-0.023,-0.013,0.015,0.019,0.033,0.028,0.024,0.001,3.688,0.046,1.609,0.052,1.347,2013-06-13,banks
FITB,WSBC,2018-05-30,0.882,0.833,3.147,0.994,11.225,4.344,3.849,0.029,0.693,-0.034,-0.029,-0.002,0.016,0.042,0.012,-0.036,-0.084,-0.056,0.02,-0.007,3.498,-0.032,4.743,-0.038,5.042,2013-06-13,banks
FITB,ZION,2018-05-30,0.941,0.833,3.654,2.014,-6.198,4.344,3.849,0.001,0.389,-0.0,-0.036,0.012,-0.02,-0.063,0.014,0.029,-0.03,-0.034,-0.021,-0.007,4.315,0.017,2.109,0.003,3.341,2013-06-13,banks
FNB,SBCF,2018-05-30,0.569,0.0,2.982,3.515,-17.875,4.344,3.849,0.0,2.384,-0.046,0.084,-0.018,0.056,-0.006,0.03,0.018,0.008,-0.026,-0.028,0.001,2.956,0.021,2.506,0.001,2.952,2013-06-13,banks
FNB,WBS,2018-05-30,0.588,0.167,3.009,7.211,-38.174,4.344,3.849,0.078,2.198,-0.035,-0.02,-0.053,0.009,-0.052,0.098,0.054,0.014,-0.005,0.023,0.013,2.658,-0.026,3.722,-0.01,3.288,2013-06-13,banks
FULT,OCFC,2018-05-30,0.922,0.833,3.089,1.757,-3.41,4.344,3.849,0.001,0.389,0.033,-0.005,-0.011,0.012,-0.001,0.068,0.023,0.016,0.031,0.045,-0.036,5.0,0.002,2.999,0.022,1.922,2013-06-13,banks
FULT,SASR,2018-05-30,0.824,0.333,2.711,2.52,-3.24,4.344,3.849,0.446,0.512,0.008,-0.032,-0.034,-0.014,-0.025,0.088,-0.043,0.047,0.05,0.063,-0.02,3.956,0.032,0.701,0.052,-0.504,2013-06-13,banks
GBCI,WAFD,2018-05-30,0.608,0.0,-2.525,0.935,0.758,4.344,3.849,0.0,-0.998,-0.02,-0.012,0.039,-0.042,-0.01,0.049,-0.016,-0.054,-0.032,0.036,0.008,-2.136,-0.039,-4.453,-0.053,-5.115,2013-06-13,banks
HBAN,UMPQ,2018-05-30,0.706,0.0,3.155,1.091,2.829,4.344,3.849,0.0,1.669,-0.012,-0.019,-0.017,-0.019,-0.023,-0.006,0.0,-0.032,0.068,0.083,0.024,2.088,0.072,0.008,0.1,-1.221,2013-06-13,banks
HSBC,UMPQ,2018-05-30,0.647,0.0,2.876,0.324,3.574,4.344,3.849,0.001,1.186,0.044,0.037,-0.03,0.018,-0.004,-0.034,-0.075,0.08,-0.03,0.018,0.007,2.62,0.049,1.196,0.032,1.776,2013-06-13,banks
HTH,IBOC,2018-05-30,0.549,0.0,2.75,1.582,-4.87,4.344,3.849,0.123,2.486,0.074,0.004,-0.042,0.007,-0.033,0.043,0.072,0.008,-0.012,-0.032,-0.018,3.129,-0.063,4.063,-0.086,4.548,2013-06-13,banks
HTH,UMPQ,2018-05-30,0.529,0.0,2.804,0.41,4.972,4.344,3.849,0.763,0.451,0.022,0.019,-0.032,-0.005,-0.023,-0.043,0.046,-0.021,0.003,0.052,0.007,2.699,0.021,2.481,0.029,2.36,2013-06-13,banks
HWC,UMPQ,2018-05-30,0.627,0.0,2.757,0.202,7.187,4.344,3.849,0.635,1.737,-0.017,0.003,-0.029,0.042,-0.025,-0.021,0.041,-0.027,0.026,0.045,0.0,2.756,0.055,1.258,0.066,0.966,2013-06-13,banks
ING,UMPQ,2018-05-30,0.745,0.0,3.899,0.834,4.491,4.344,3.849,0.547,3.559,0.053,-0.01,-0.007,0.014,0.016,-0.025,-0.024,-0.011,-0.041,-0.025,0.013,3.591,0.07,2.294,0.053,2.686,2013-06-13,banks
ITUB,TD,2018-05-30,0.588,0.167,3.484,4.403,18.956,4.344,3.849,0.071,1.131,0.002,0.002,-0.029,-0.017,-0.006,-0.049,-0.028,-0.013,-0.03,-0.026,-0.013,3.926,0.023,2.737,-0.06,5.455,2013-06-13,banks
JPM,UMPQ,2018-05-30,0.706,0.0,3.097,0.122,5.268,4.344,3.849,0.036,0.942,-0.012,-0.042,0.022,-0.064,0.01,0.012,-0.038,-0.007,-0.011,0.0,0.01,2.636,0.086,-0.798,0.091,-0.98,2013-06-13,banks
KB,UMPQ,2018-05-30,0.745,0.167,3.761,0.2,6.886,4.344,3.849,0.386,1.829,-0.06,0.05,0.054,0.039,-0.018,-0.019,-0.045,0.021,-0.019,-0.03,0.01,3.489,0.058,2.096,0.057,2.139,2013-06-13,banks
KB,WSBC,2018-05-30,0.51,0.5,3.013,0.43,16.123,4.344,3.849,0.204,1.317,0.046,-0.023,-0.002,0.03,-0.071,0.05,0.046,0.064,0.003,-0.042,0.001,2.996,-0.029,3.783,-0.044,4.164,2013-06-13,banks
KEY,UMPQ,2018-05-30,0.686,0.0,3.127,0.682,4.814,4.344,3.849,0.326,2.271,0.026,0.029,-0.011,0.033,0.006,-0.008,-0.01,0.015,-0.085,0.033,0.022,2.416,0.084,0.368,0.095,0.003,2013-06-13,banks
KEY,WSBC,2018-05-30,0.647,0.667,3.493,1.573,10.238,4.344,3.849,0.391,0.983,0.04,0.028,-0.026,0.009,-0.013,0.063,0.032,-0.054,-0.052,0.026,0.013,2.862,0.006,3.213,0.005,3.237,2013-06-13,banks
MTB,RF,2018-05-30,0.824,0.667,2.653,0.129,-5.233,4.344,3.849,0.19,0.396,0.031,-0.052,0.023,-0.01,-0.011,-0.008,0.012,-0.031,0.013,0.006,-0.007,3.159,-0.004,2.996,-0.013,3.672,2013-06-13,banks
MTB,UMPQ,2018-05-30,0.667,0.0,3.498,0.084,3.38,4.344,3.849,0.214,1.837,-0.054,0.079,0.007,0.052,-0.048,-0.015,-0.012,0.018,-0.026,0.043,0.011,3.072,0.058,1.155,0.069,0.713,2013-06-13,banks
MTB,WSBC,2018-05-30,0.902,0.833,3.377,0.188,7.597,4.344,3.849,0.0,1.0,-0.002,0.05,-0.083,0.012,0.009,-0.016,0.022,0.023,0.042,0.018,0.002,3.261,-0.017,4.24,-0.018,4.248,2013-06-13,banks
MTG,UMPQ,2018-05-30,0.843,0.0,3.822,0.791,6.202,4.344,3.849,0.433,3.538,0.035,-0.002,-0.07,0.009,0.055,-0.017,-0.07,-0.004,-0.028,-0.018,0.03,3.208,0.114,1.515,0.123,1.35,2013-06-13,banks
MUFG,UMPQ,2018-05-30,0.745,0.0,3.556,2.155,2.511,4.344,3.849,0.1,3.093,-0.039,-0.039,-0.013,-0.043,0.038,-0.022,-0.032,0.036,-0.024,-0.098,-0.003,3.632,0.069,2.04,0.06,2.227,2013-06-13,banks
ONB,USB,2018-05-30,0.549,0.5,-3.117,2.373,8.899,4.344,3.849,0.014,-0.548,-0.101,-0.024,0.016,-0.064,0.128,-0.075,-0.095,-0.033,-0.019,-0.044,-0.017,-4.169,0.004,-2.886,0.008,-2.645,2013-06-13,banks
ONB,WSBC,2018-05-30,0.902,0.333,3.004,2.146,2.188,4.344,3.849,0.119,1.5,0.027,-0.019,0.009,0.012,0.014,0.015,-0.019,-0.03,0.024,0.028,0.03,1.292,0.011,2.351,0.015,2.121,2013-06-13,banks
PNC,UMPQ,2018-05-30,0.725,0.0,3.327,0.094,4.764,4.344,3.849,0.151,1.279,0.041,-0.032,0.039,-0.027,0.024,-0.016,0.007,0.037,-0.097,0.02,-0.001,3.375,0.06,0.799,0.068,0.46,2013-06-13,banks
PPBI,RNST,2018-05-30,0.529,0.833,2.981,0.568,17.017,4.344,3.849,0.673,0.768,-0.02,-0.004,-0.047,0.043,-0.025,0.013,0.0,-0.036,-0.061,-0.008,0.007,2.672,0.011,2.506,-0.003,3.095,2013-06-13,banks
RDN,SIVB,2018-05-30,0.588,0.0,4.081,13.589,-45.312,4.344,3.849,0.179,1.055,-0.021,0.026,-0.036,0.004,0.001,0.025,0.014,0.009,0.055,0.001,0.046,3.443,0.092,2.806,0.074,3.054,2013-06-13,banks
RDN,TFC,2018-05-30,0.549,0.0,2.648,1.566,11.258,4.344,3.849,0.005,2.014,-0.03,0.047,-0.056,0.111,-0.022,-0.012,0.02,0.001,0.061,0.039,0.031,2.1,0.078,1.285,0.09,1.068,2013-06-13,banks
RDN,UMPQ,2018-05-30,0.863,0.0,3.536,0.537,5.623,4.344,3.849,0.097,3.327,-0.006,0.014,-0.014,0.004,0.016,-0.004,-0.006,-0.037,0.006,0.034,0.026,3.069,0.112,1.538,0.142,1.012,2013-06-13,banks
RDN,WBS,2018-05-30,0.51,0.0,3.099,1.986,8.63,4.344,3.849,0.033,2.692,-0.052,0.031,-0.039,0.027,-0.015,-0.057,0.01,0.013,0.053,-0.011,0.006,3.007,0.044,2.431,0.07,2.053,2013-06-13,banks
RDN,WSBC,2018-05-30,0.529,0.0,3.132,1.157,13.343,4.344,3.849,0.174,2.506,-0.045,0.044,0.037,-0.003,-0.009,0.041,0.02,-0.042,-0.038,-0.06,0.017,2.837,0.022,2.743,0.039,2.465,2013-06-13,banks
RF,UMPQ,2018-05-30,0.686,0.0,2.822,0.654,6.731,4.344,3.849,0.212,0.984,0.014,-0.008,0.016,-0.035,0.008,-0.028,-0.035,0.043,-0.01,-0.028,0.017,2.113,0.067,-0.024,0.086,-0.832,2013-06-13,banks
SBCF,SRCE,2018-05-30,0.686,1.0,-3.972,1.747,2.416,4.344,3.849,0.037,-0.329,0.047,-0.001,0.034,0.002,0.0,0.05,0.006,0.018,-0.056,-0.027,-0.008,-4.523,0.074,0.982,0.024,-2.341,2013-06-13,banks
SBCF,WAL,2018-05-30,0.902,0.833,-2.713,2.013,1.664,4.344,3.849,0.461,-0.498,-0.024,0.053,-0.022,0.029,-0.03,0.074,0.005,0.07,0.113,0.015,-0.034,-4.597,0.011,-2.131,-0.021,-3.864,2013-06-13,banks
SMFG,UMPQ,2018-05-30,0.941,0.5,2.597,2.214,0.294,4.344,3.849,0.202,1.02,0.011,0.008,0.006,0.047,0.062,-0.014,-0.073,0.026,0.001,-0.031,-0.01,2.888,0.053,1.057,0.031,1.69,2013-06-13,banks
SRCE,USB,2018-05-30,0.686,0.167,-3.269,0.638,17.256,4.344,3.849,0.459,-0.763,0.046,-0.073,-0.05,0.037,0.039,-0.014,-0.091,-0.05,-0.067,0.003,-0.0,-3.269,0.015,-2.543,0.035,-1.504,2013-06-13,banks
TCBI,UMPQ,2018-05-30,0.686,0.0,2.515,0.108,6.491,4.344,3.849,0.309,1.559,0.075,0.051,-0.017,0.027,-0.042,0.017,0.066,-0.005,-0.038,0.003,0.004,2.369,0.036,1.289,0.046,0.963,2013-06-13,banks
TCBI,WSBC,2018-05-30,0.784,1.0,2.581,0.248,14.178,4.344,3.849,0.202,0.384,0.018,0.013,0.006,0.01,0.012,-0.019,-0.018,-0.021,-0.03,-0.01,-0.005,2.844,-0.046,4.945,-0.049,5.067,2013-06-13,banks
TFC,UMPQ,2018-05-30,0.686,0.0,2.663,0.345,1.704,4.344,3.849,0.03,1.012,-0.016,0.011,-0.053,0.003,-0.018,0.102,-0.013,-0.002,0.055,0.037,-0.001,2.713,0.035,0.879,0.049,0.122,2013-06-13,banks
USB,WSBC,2018-05-30,0.922,0.5,4.347,0.845,-3.434,4.344,3.849,0.17,2.77,-0.002,0.012,0.042,0.028,0.022,0.034,-0.01,0.02,0.031,0.028,0.013,3.795,0.012,3.819,0.019,3.528,2013-06-13,banks
ABR,ARI,2018-05-30,0.647,0.667,-2.645,1.562,2.608,4.167,4.217,0.32,-0.251,0.005,0.011,0.009,-0.059,0.004,-0.051,-0.047,-0.031,-0.069,-0.043,-0.042,-5.665,-0.067,-7.482,-0.103,-10.048,2013-06-13,diversified_financials
ABR,ICE,2018-05-30,0.647,0.833,-2.675,10.021,7.29,4.167,4.217,0.395,-0.309,0.045,0.044,0.009,0.005,-0.008,-0.016,0.046,0.06,0.051,-0.001,-0.031,-4.285,-0.076,-6.607,-0.124,-9.074,2013-06-13,diversified_financials
APO,BCOR,2018-05-30,0.667,0.0,4.81,1.047,-1.823,4.167,4.217,0.218,4.017,0.017,0.011,0.06,-0.065,-0.007,0.049,0.047,0.009,0.051,0.056,0.02,4.335,0.096,2.52,0.088,2.72,2013-06-13,diversified_financials
BCOR,IX,2018-05-30,0.51,0.833,-2.827,0.895,50.211,4.167,4.217,0.391,-0.331,0.069,-0.048,0.028,-0.036,0.016,0.024,0.006,-0.021,-0.052,-0.029,-0.026,-3.513,0.033,-1.945,-0.014,-3.204,2013-06-13,diversified_financials
BCOR,NTRS,2018-05-30,0.51,0.833,-3.442,1.842,43.901,4.167,4.217,0.144,-1.354,0.013,0.03,0.011,0.021,0.037,0.009,-0.084,-0.044,-0.038,-0.082,0.02,-2.871,0.074,-1.319,0.06,-1.716,2013-06-13,diversified_financials
BCOR,STT,2018-05-30,0.51,0.667,-4.883,1.979,36.305,4.167,4.217,0.133,-0.727,-0.055,-0.007,-0.065,0.038,0.007,-0.05,0.014,-0.0,0.019,0.106,0.002,-4.813,-0.013,-5.261,-0.018,-5.428,2013-06-13,diversified_financials
BEN,TROW,2018-05-30,0.549,0.0,3.057,1.29,27.27,4.167,4.217,0.766,0.991,0.031,0.008,0.002,-0.003,-0.089,-0.015,0.11,-0.043,0.099,-0.063,0.023,2.81,0.032,2.711,0.029,2.751,2013-06-13,diversified_financials
BRK-B,NNI,2018-05-30,0.647,1.0,2.546,0.285,-4.694,4.167,4.217,0.116,0.502,-0.102,-0.024,0.017,-0.064,0.13,-0.075,-0.096,-0.035,-0.02,-0.045,0.011,2.178,0.045,1.031,0.082,-0.207,2013-06-13,diversified_financials
CACC,TREE,2018-05-30,0.98,1.0,-2.777,1.641,-223.546,4.167,4.217,0.044,-0.287,-0.057,0.046,-0.007,0.075,0.015,0.011,0.007,-0.061,0.027,0.101,-0.059,-4.208,-0.081,-4.745,-0.209,-7.873,2013-06-13,diversified_financials
COF,EVR,2018-05-30,0.765,1.0,2.806,1.395,-43.293,4.167,4.217,0.107,0.726,0.0,0.0,0.032,-0.04,-0.028,0.046,-0.002,0.085,0.044,-0.03,-0.006,3.014,-0.019,3.432,0.036,1.605,2013-06-13,diversified_financials
GS,NTRS,2018-05-30,0.706,0.0,2.644,0.362,6.332,4.167,4.217,0.005,1.521,0.025,0.022,-0.037,0.019,0.027,-0.001,-0.025,-0.051,-0.065,-0.033,-0.013,3.124,-0.017,3.257,-0.006,2.843,2013-06-13,diversified_financials
GS,RILY,2018-05-30,0.941,1.0,2.648,0.08,-4.619,4.167,4.217,0.311,0.884,-0.034,0.023,-0.081,-0.062,0.004,0.018,0.019,0.041,0.075,-0.024,-0.043,3.567,0.016,2.303,-0.007,2.789,2013-06-13,diversified_financials
GS,SCHW,2018-05-30,0.706,0.0,3.526,0.233,-7.828,4.167,4.217,0.002,2.718,0.009,-0.052,-0.023,0.026,-0.023,0.043,0.037,0.085,0.02,-0.016,0.028,2.684,0.064,1.595,0.071,1.394,2013-06-13,diversified_financials
ICE,MSCI,2018-05-30,0.902,0.167,3.495,2.939,-69.506,4.167,4.217,0.141,0.862,-0.024,-0.035,0.031,-0.034,0.007,0.028,-0.027,-0.084,-0.037,0.038,0.012,2.929,0.008,3.136,-0.017,4.324,2013-06-13,diversified_financials
IVZ,KKR,2018-05-30,0.725,0.167,3.963,0.972,-8.23,4.167,4.217,0.636,2.64,0.051,-0.08,0.075,-0.135,0.022,0.04,-0.021,-0.038,-0.084,-0.091,-0.067,5.488,-0.116,6.602,-0.142,7.176,2013-06-13,diversified_financials
MFA,PMT,2018-05-30,0.824,0.0,2.86,0.472,-3.311,4.167,4.217,0.46,2.255,0.026,0.027,-0.004,0.011,-0.025,0.029,0.023,-0.043,-0.023,0.052,-0.015,3.29,-0.008,3.111,-0.042,4.109,2013-06-13,diversified_financials
MFA,TROW,2018-05-30,0.529,0.0,2.681,2.088,12.108,4.167,4.217,0.374,1.096,-0.008,0.009,0.019,0.072,-0.001,-0.052,-0.026,0.016,-0.057,0.002,0.024,2.372,0.031,2.293,0.024,2.379,2013-06-13,diversified_financials
MS,SCHW,2018-05-30,0.588,0.0,3.32,0.99,3.051,4.167,4.217,0.078,1.752,0.022,-0.025,0.035,0.008,0.009,-0.014,-0.036,0.013,0.006,-0.025,0.019,2.483,0.049,1.192,0.04,1.566,2013-06-13,diversified_financials
AA,CRS,2018-05-30,0.549,0.833,3.597,0.578,16.3,2.742,3.143,0.544,0.774,0.068,-0.021,-0.02,0.015,-0.029,-0.085,0.005,0.031,-0.031,0.027,0.072,1.555,0.014,3.215,-0.028,4.387,2013-06-13,metals_and_mining
AGI,CRS,2018-05-30,0.569,0.0,3.03,0.775,30.111,2.742,3.143,0.913,2.721,-0.075,-0.023,-0.029,-0.009,-0.002,-0.034,-0.017,-0.048,-0.062,0.035,0.123,1.956,0.077,2.356,-0.009,3.111,2013-06-13,metals_and_mining
AGI,RS,2018-05-30,0.549,0.0,2.612,3.142,45.976,2.742,3.143,0.426,1.994,-0.015,0.025,0.029,0.019,0.031,0.038,-0.018,0.006,-0.077,0.029,0.062,1.903,0.033,2.242,0.018,2.408,2013-06-13,metals_and_mining
ATI,CRS,2018-05-30,0.529,1.0,2.747,1.129,13.496,2.742,3.143,0.365,0.588,0.013,0.026,0.017,0.014,-0.019,0.007,0.036,-0.041,-0.027,0.032,0.043,1.66,0.049,1.518,-0.017,3.166,2013-06-13,metals_and_mining
BHP,CRS,2018-05-30,0.941,1.0,2.59,1.15,6.93,2.742,3.143,0.384,0.504,-0.005,-0.022,-0.02,-0.031,0.045,0.057,-0.088,-0.058,-0.039,-0.01,0.081,0.016,0.064,0.553,0.001,2.57,2013-06-13,metals_and_mining
BVN,CRS,2018-05-30,0.549,0.0,3.016,1.504,18.223,2.742,3.143,0.705,1.333,0.061,-0.007,-0.043,-0.025,0.031,0.007,-0.043,0.034,0.021,-0.015,0.057,2.022,0.024,2.597,-0.051,3.912,2013-06-13,metals_and_mining
GOLD,RS,2018-05-30,0.784,0.0,2.624,1.498,44.727,2.742,3.143,0.823,2.066,0.013,-0.004,-0.0,0.011,0.021,0.007,-0.052,-0.047,-0.006,0.01,0.049,2.032,0.002,2.605,0.008,2.531,2013-06-13,metals_and_mining
KGC,RS,2018-05-30,0.667,0.0,2.639,6.572,41.95,2.742,3.143,0.698,1.654,0.013,0.003,-0.006,0.006,0.146,-0.012,-0.157,-0.079,-0.173,-0.083,0.058,1.846,0.028,2.251,0.004,2.582,2013-06-13,metals_and_mining
RS,SID,2018-05-30,0.725,0.667,-2.878,0.049,-1.218,2.742,3.143,0.025,-1.282,0.002,0.107,-0.024,0.033,-0.03,0.003,0.032,-0.054,-0.015,0.017,0.041,-2.369,0.08,-1.882,0.054,-2.203,2013-06-13,metals_and_mining
AEE,D,2018-05-30,0.784,0.167,-3.911,0.595,32.827,3.862,3.97,0.466,-3.096,0.014,0.044,0.08,-0.01,0.02,0.004,-0.068,-0.011,-0.024,-0.037,0.035,-2.743,0.059,-1.968,0.044,-2.456,2013-06-13,utilities
AES,ELP,2018-05-30,0.706,0.5,-3.597,0.356,-0.757,3.862,3.97,0.001,-1.559,0.004,0.018,-0.008,-0.008,-0.02,0.038,0.029,0.062,0.03,-0.071,-0.088,-5.259,-0.07,-4.926,-0.15,-6.438,2013-06-13,utilities
ALE,D,2018-05-30,0.824,0.333,-3.789,0.407,38.171,3.862,3.97,0.027,-2.518,-0.023,-0.005,-0.072,-0.007,-0.005,-0.045,0.023,0.085,0.043,-0.053,0.051,-2.323,0.084,-1.363,0.086,-1.318,2013-06-13,utilities
ALE,DTE,2018-05-30,0.706,0.833,-4.064,1.018,15.131,3.862,3.97,0.011,-0.25,-0.008,-0.015,-0.007,-0.0,0.022,-0.05,0.004,-0.032,-0.025,-0.033,0.013,-2.749,0.04,-0.159,0.063,2.069,2013-06-13,utilities
AQN,D,2018-05-30,0.922,0.333,-3.033,3.311,35.891,3.862,3.97,0.266,-1.111,0.059,0.009,-0.033,-0.004,0.021,-0.001,-0.027,0.035,0.035,0.002,0.058,-1.311,0.078,-0.724,0.055,-1.388,2013-06-13,utilities
AQN,NEE,2018-05-30,0.882,0.0,3.194,4.032,-0.399,3.862,3.97,0.782,0.723,0.016,-0.01,0.063,-0.048,-0.004,0.048,-0.017,0.062,0.039,-0.035,-0.019,4.083,-0.005,3.422,0.007,2.859,2013-06-13,utilities
AWK,D,2018-05-30,0.529,0.0,-3.196,0.351,35.832,3.862,3.97,0.772,-2.012,-0.013,-0.022,-0.013,-0.005,-0.041,0.013,0.065,-0.019,-0.0,0.077,0.045,-1.903,0.065,-1.319,0.061,-1.439,2013-06-13,utilities
CIG,NRG,2018-05-30,0.51,0.0,2.571,5.255,8.228,3.862,3.97,0.991,1.574,-0.007,-0.022,-0.047,-0.048,0.001,-0.052,0.007,0.059,0.103,0.031,0.065,2.126,0.088,1.965,-0.024,2.735,2013-06-13,utilities
CMS,D,2018-05-30,0.569,0.0,-3.634,0.859,28.488,3.862,3.97,0.645,-2.679,-0.007,0.012,-0.012,-0.017,0.001,-0.071,0.023,0.008,-0.017,0.036,0.038,-2.274,0.059,-1.528,0.043,-2.115,2013-06-13,utilities
CMS,ED,2018-05-30,0.588,0.5,-3.23,1.547,5.086,3.862,3.97,0.123,-0.45,-0.03,0.016,-0.017,0.002,0.021,0.017,0.003,-0.073,-0.055,0.03,0.001,-3.08,-0.004,-3.701,-0.014,-4.892,2013-06-13,utilities
CNP,D,2018-05-30,0.608,0.167,-3.178,1.019,38.953,3.862,3.97,0.241,-1.386,-0.008,0.017,0.014,0.005,0.048,-0.058,-0.078,0.098,0.002,-0.015,0.036,-2.04,0.06,-1.265,0.059,-1.308,2013-06-13,utilities
CPK,D,2018-05-30,0.667,0.333,-3.762,0.406,34.716,3.862,3.97,0.792,-1.932,0.011,-0.028,0.062,0.079,0.018,-0.002,-0.013,-0.02,0.09,0.01,0.047,-2.349,0.063,-1.877,0.055,-2.116,2013-06-13,utilities
CWT,D,2018-05-30,0.686,0.333,-3.596,0.577,42.145,3.862,3.97,0.125,-1.76,0.033,0.057,-0.002,0.001,0.04,-0.031,-0.012,-0.019,0.012,-0.008,0.068,-1.699,0.089,-1.12,0.086,-1.215,2013-06-13,utilities
D,DTE,2018-05-30,0.863,0.167,3.449,1.756,-36.146,3.862,3.97,0.031,3.14,0.013,-0.004,0.058,0.01,-0.039,0.114,0.064,-0.017,0.021,0.053,0.031,2.378,0.038,2.139,0.022,2.692,2013-06-13,utilities
D,IDA,2018-05-30,0.745,0.0,4.006,1.721,-33.98,3.862,3.97,0.253,0.093,-0.026,0.004,-0.051,0.027,0.011,0.022,0.008,-0.034,-0.013,-0.019,0.043,2.712,0.06,2.218,0.04,2.807,2013-06-13,utilities
D,LNT,2018-05-30,0.784,0.0,3.42,0.817,-16.046,3.862,3.97,0.411,0.287,0.02,0.015,-0.023,0.078,-0.005,0.007,-0.036,0.044,-0.006,-0.009,0.031,2.476,0.051,1.854,0.044,2.044,2013-06-13,utilities
D,MGEE,2018-05-30,0.588,0.333,2.831,1.553,-41.395,3.862,3.97,0.01,1.378,-0.003,-0.066,-0.033,-0.094,0.028,-0.028,0.019,0.061,0.057,0.01,0.026,2.045,0.051,1.276,0.039,1.648,2013-06-13,utilities
D,NEE,2018-05-30,0.725,0.0,3.594,0.738,-15.694,3.862,3.97,0.056,0.607,-0.068,-0.022,-0.001,0.002,-0.028,0.064,0.066,-0.05,0.075,0.117,0.031,2.912,0.055,2.391,0.04,2.731,2013-06-13,utilities
D,PNW,2018-05-30,0.863,0.333,3.504,1.684,-36.946,3.862,3.97,0.077,2.387,-0.052,0.073,-0.012,-0.058,0.02,-0.006,-0.016,-0.016,-0.025,0.01,0.039,1.96,0.065,0.914,0.063,1.004,2013-06-13,utilities
D,POR,2018-05-30,0.902,0.5,3.59,0.756,-10.193,3.862,3.97,0.146,1.514,0.067,0.033,0.004,0.061,-0.02,-0.042,0.014,0.025,0.054,0.023,0.031,2.059,0.03,2.111,0.014,2.91,2013-06-13,utilities
D,SJW,2018-05-30,0.549,0.333,3.944,1.723,-61.632,3.862,3.97,0.042,3.852,-0.007,0.014,0.024,0.013,0.002,0.051,-0.031,-0.022,-0.111,-0.124,0.034,3.189,0.08,2.143,0.114,1.394,2013-06-13,utilities
D,SWX,2018-05-30,0.686,0.667,3.225,1.669,-38.28,3.862,3.97,0.062,1.523,0.007,-0.012,-0.006,-0.034,-0.006,0.005,0.013,0.045,0.029,0.063,0.038,1.924,0.065,1.018,0.058,1.253,2013-06-13,utilities
D,UGI,2018-05-30,0.804,0.333,3.945,0.914,-16.359,3.862,3.97,0.285,3.579,-0.053,0.028,0.043,0.009,-0.231,-0.014,0.032,0.036,-0.032,0.013,0.028,3.096,0.046,2.526,0.03,3.007,2013-06-13,utilities
ES,NJR,2018-05-30,0.98,0.833,4.332,0.876,-10.834,3.862,3.97,0.669,0.836,-0.024,-0.0,0.055,-0.014,0.013,-0.01,-0.023,0.001,-0.047,0.001,0.005,4.008,0.015,3.303,0.036,1.911,2013-06-13,utilities
ES,PNM,2018-05-30,0.51,0.833,3.202,0.931,-14.791,3.862,3.97,0.001,0.42,0.01,0.027,-0.057,0.013,-0.012,-0.029,-0.043,0.059,0.003,0.023,0.027,1.127,0.051,-0.671,0.06,-1.361,2013-06-13,utilities
EXC,FTS,2018-05-30,0.745,0.167,-2.978,1.13,1.924,3.862,3.97,0.085,-0.658,0.0,-0.038,0.035,-0.083,-0.02,-0.049,0.004,-0.038,-0.008,-0.021,-0.025,-4.196,-0.007,-3.305,-0.022,-4.039,2013-06-13,utilities
NJR,XEL,2018-05-30,0.51,0.667,-3.054,1.055,3.724,3.862,3.97,0.49,-0.663,0.018,-0.007,-0.05,-0.045,-0.056,0.045,0.084,0.009,0.019,0.013,-0.001,-3.129,0.002,-2.9,0.018,-1.877,2013-06-13,utilities
AAON,HEI-A,2018-05-30,0.549,0.0,3.481,1.706,-14.098,5.101,4.693,0.031,3.041,0.029,-0.016,-0.058,-0.035,0.089,-0.118,-0.087,0.015,-0.02,-0.061,0.041,2.814,0.071,2.307,0.033,2.942,2013-06-13,capital_goods
AAON,KAMN,2018-05-30,0.549,0.0,4.675,1.127,11.315,5.101,4.693,0.127,0.426,-0.05,-0.1,0.003,-0.024,-0.078,-0.03,0.03,0.025,-0.014,-0.016,0.048,3.68,0.137,1.845,0.18,0.942,2013-06-13,capital_goods
AAON,ROLL,2018-05-30,0.569,0.0,2.764,3.516,-11.762,5.101,4.693,0.048,2.017,0.04,0.002,-0.07,-0.032,-0.018,0.064,0.065,-0.025,0.032,0.015,0.011,2.551,0.019,2.384,0.05,1.768,2013-06-13,capital_goods
ABB,CAE,2018-05-30,0.608,0.333,4.798,0.943,-3.671,5.101,4.693,0.006,2.209,-0.067,-0.022,0.054,0.015,0.023,0.045,-0.04,-0.077,-0.041,0.032,-0.013,5.295,0.018,4.085,0.043,3.106,2013-06-13,capital_goods
ABB,FELE,2018-05-30,0.961,1.0,2.516,1.892,0.178,5.101,4.693,0.038,0.342,0.01,0.027,-0.023,0.033,-0.012,-0.06,-0.024,0.028,-0.02,0.026,-0.007,2.771,-0.002,2.592,-0.004,2.656,2013-06-13,capital_goods
ACM,KAMN,2018-05-30,0.647,0.0,3.989,1.606,-8.432,5.101,4.693,0.426,3.56,0.008,0.024,-0.006,-0.006,-0.012,0.042,0.022,0.001,0.006,0.033,0.007,3.848,0.05,2.927,0.061,2.707,2013-06-13,capital_goods
AGCO,OFLX,2018-05-30,0.529,1.0,2.767,1.313,-27.533,5.101,4.693,0.0,0.348,0.013,-0.001,-0.025,0.008,-0.004,-0.049,0.004,-0.001,-0.011,0.019,-0.075,4.961,-0.168,7.681,-0.124,6.394,2013-06-13,capital_goods
AIN,ALG,2018-05-30,0.745,1.0,-3.374,2.173,-20.012,5.101,4.693,0.0,-0.079,0.016,0.059,-0.032,0.036,-0.026,0.046,0.03,-0.028,-0.052,0.028,-0.011,-3.923,-0.052,-6.083,-0.134,-10.301,2013-06-13,capital_goods
AIN,HEI,2018-05-30,0.667,0.667,3.049,1.36,-16.97,5.101,4.693,0.011,0.576,-0.046,-0.022,0.024,-0.033,-0.015,0.013,0.008,-0.018,-0.023,0.013,-0.005,3.256,0.03,1.789,0.039,1.438,2013-06-13,capital_goods
AIN,KAMN,2018-05-30,0.941,0.667,5.339,0.759,11.0,5.101,4.693,0.516,3.722,0.025,-0.003,-0.049,-0.008,0.027,-0.003,-0.025,0.038,0.017,0.031,0.005,5.104,0.082,1.348,0.167,-2.824,2013-06-13,capital_goods
AIN,MMM,2018-05-30,0.569,0.333,-2.927,2.666,42.054,5.101,4.693,0.261,-0.518,-0.012,-0.046,-0.021,-0.049,0.024,-0.03,-0.019,0.058,0.053,0.061,0.007,-2.653,-0.006,-3.161,-0.092,-6.776,2013-06-13,capital_goods
AIR,VICR,2018-05-30,0.529,0.333,5.546,0.805,-9.336,5.101,4.693,0.531,4.834,0.008,-0.012,-0.041,-0.049,-0.033,-0.005,0.053,0.021,0.009,-0.056,0.017,5.089,-0.143,9.308,-0.193,10.608,2013-06-13,capital_goods
AL,FSS,2018-05-30,0.647,0.0,2.516,0.488,-0.801,5.101,4.693,0.014,0.881,-0.02,0.01,0.009,0.01,-0.008,0.015,0.009,-0.042,0.075,-0.011,-0.008,2.72,0.011,2.207,-0.012,2.833,2013-06-13,capital_goods
ALG,HEI,2018-05-30,0.922,0.5,5.018,0.609,-3.206,5.101,4.693,0.426,3.899,0.005,0.004,0.045,-0.044,0.025,0.022,-0.027,-0.015,0.033,-0.032,-0.016,5.537,-0.019,5.626,-0.096,8.094,2013-06-13,capital_goods
ALG,HEI-A,2018-05-30,0.941,0.5,4.683,0.503,-2.06,5.101,4.693,0.278,2.47,0.011,0.015,-0.005,0.025,0.048,0.006,-0.047,0.001,0.019,0.081,-0.029,5.632,-0.048,6.243,-0.106,8.124,2013-06-13,capital_goods
ALG,HON,2018-05-30,0.882,0.833,3.501,0.761,48.119,5.101,4.693,0.629,0.287,0.059,0.023,-0.062,0.033,-0.045,0.031,0.06,-0.048,-0.016,0.041,0.009,3.019,-0.048,6.106,-0.03,5.125,2013-06-13,capital_goods
ALG,IEX,2018-05-30,0.784,0.667,4.452,0.995,19.385,5.101,4.693,0.144,1.653,-0.032,0.031,0.006,-0.029,-0.005,0.001,0.003,0.003,0.088,-0.04,-0.005,4.684,-0.057,7.004,-0.04,6.232,2013-06-13,capital_goods
ALG,KAMN,2018-05-30,0.824,0.0,5.961,0.333,19.226,5.101,4.693,0.648,0.608,-0.001,0.028,-0.02,0.011,-0.033,-0.03,0.031,-0.059,-0.011,-0.013,-0.002,6.021,0.053,4.193,0.085,3.129,2013-06-13,capital_goods
ALG,LHX,2018-05-30,0.843,0.0,3.485,1.134,11.097,5.101,4.693,0.476,1.035,0.089,-0.024,-0.008,0.024,-0.017,-0.024,0.016,0.06,0.009,-0.08,0.0,3.482,-0.018,4.127,-0.028,4.49,2013-06-13,capital_goods
ALG,ROLL,2018-05-30,0.98,0.833,3.631,1.002,15.569,5.101,4.693,0.166,0.243,0.012,-0.013,-0.041,-0.042,0.011,0.022,-0.009,-0.016,-0.036,0.011,-0.06,6.641,-0.103,8.783,-0.09,8.154,2013-06-13,capital_goods
AMWD,FIX,2018-05-30,0.647,0.667,2.886,0.242,11.816,5.101,4.693,0.732,0.871,-0.029,0.006,0.065,-0.021,-0.016,0.039,0.005,-0.041,-0.032,-0.001,-0.019,3.297,-0.166,6.534,-0.178,6.805,2013-06-13,capital_goods
AOS,TDG,2018-05-30,0.745,0.5,2.897,3.36,58.423,5.101,4.693,0.068,0.843,-0.011,0.004,-0.036,-0.004,-0.052,-0.036,0.055,-0.012,0.015,0.056,-0.039,4.333,-0.089,6.19,-0.073,5.599,2013-06-13,capital_goods
APOG,HXL,2018-05-30,0.569,0.0,2.556,0.206,41.085,5.101,4.693,0.709,0.962,0.004,0.031,0.058,0.057,-0.062,0.028,0.066,0.029,-0.021,-0.038,0.077,1.803,0.049,2.075,0.058,1.994,2013-06-13,capital_goods
AXON,MIDD,2018-05-30,0.824,0.0,-2.757,0.388,110.5,5.101,4.693,0.354,-1.392,0.036,-0.018,-0.009,0.008,-0.049,-0.034,-0.009,-0.016,-0.017,-0.037,0.017,-2.581,-0.015,-2.913,0.144,-1.272,2013-06-13,capital_goods
B,BA,2018-05-30,0.588,0.0,2.725,5.474,-68.734,5.101,4.693,0.101,2.612,-0.015,0.014,0.042,0.025,0.0,-0.08,0.01,0.029,0.041,0.079,0.022,2.324,0.059,1.656,0.07,1.453,2013-06-13,capital_goods
B,LNN,2018-05-30,0.588,1.0,3.143,0.696,44.038,5.101,4.693,0.298,0.319,0.011,-0.033,-0.054,-0.04,-0.019,-0.032,-0.021,0.033,0.008,-0.007,0.012,2.736,0.1,-0.303,0.09,0.073,2013-06-13,capital_goods
BECN,BWXT,2018-05-30,0.784,0.333,3.871,1.38,-22.208,5.101,4.693,0.007,3.535,-0.029,0.035,0.01,0.007,0.027,-0.041,-0.042,0.077,0.008,-0.019,0.045,3.114,0.026,3.424,-0.014,4.117,2013-06-13,capital_goods
BECN,LII,2018-05-30,0.51,0.667,4.312,3.444,-6.672,5.101,4.693,0.009,2.434,-0.007,0.004,0.044,0.01,0.002,-0.001,0.005,0.038,0.082,0.055,0.037,3.394,-0.018,4.752,-0.085,6.391,2013-06-13,capital_goods
BECN,MAS,2018-05-30,0.627,1.0,3.042,0.648,2.023,5.101,4.693,0.083,0.77,-0.039,-0.034,0.057,0.026,-0.018,-0.008,-0.011,0.04,0.03,-0.024,0.016,2.578,-0.021,3.644,-0.051,4.499,2013-06-13,capital_goods
BECN,NOC,2018-05-30,0.569,0.5,3.691,5.69,-37.606,5.101,4.693,0.011,2.686,0.058,0.037,-0.038,-0.005,-0.006,-0.035,0.022,-0.003,-0.005,-0.027,0.04,2.951,0.061,2.551,0.011,3.494,2013-06-13,capital_goods
BECN,SXI,2018-05-30,0.686,1.0,2.882,1.009,38.529,5.101,4.693,0.0,0.489,-0.021,-0.013,0.034,-0.006,0.011,-0.001,-0.062,-0.034,0.025,-0.028,-0.009,3.105,-0.009,3.098,-0.043,3.939,2013-06-13,capital_goods
BLDP,GIC,2018-05-30,0.588,0.0,3.171,4.544,-1.594,5.101,4.693,0.511,1.802,-0.003,-0.005,0.024,0.022,0.003,0.011,-0.027,0.047,0.008,0.037,-0.096,4.33,-0.236,6.011,-0.112,4.516,2013-06-13,capital_goods
BLDP,LNN,2018-05-30,0.706,0.833,3.239,6.587,59.464,5.101,4.693,0.643,0.801,-0.018,0.024,0.047,-0.005,-0.053,0.026,0.016,0.025,0.058,0.053,0.004,3.16,0.078,1.526,0.055,2.027,2013-06-13,capital_goods
BLDR,PGTI,2018-05-30,0.882,0.167,3.26,0.626,3.858,5.101,4.693,0.341,1.274,-0.009,-0.065,0.013,-0.056,0.014,-0.065,0.007,-0.04,-0.012,0.021,-0.023,3.795,-0.141,6.522,-0.19,7.637,2013-06-13,capital_goods
BWXT,ESLT,2018-05-30,0.51,0.167,-2.652,1.575,37.418,5.101,4.693,0.45,-1.607,0.031,-0.015,-0.026,0.034,-0.018,0.012,0.007,-0.022,-0.024,-0.01,0.031,-1.895,0.025,-2.047,0.05,-1.441,2013-06-13,capital_goods
BWXT,OC,2018-05-30,0.725,0.0,-3.533,1.056,12.604,5.101,4.693,0.716,-2.485,-0.059,-0.002,0.005,-0.038,0.035,-0.038,-0.037,-0.006,0.036,-0.041,0.03,-2.806,0.013,-3.209,-0.027,-4.177,2013-06-13,capital_goods
CAE,ITW,2018-05-30,0.667,0.5,-5.739,8.571,-8.27,5.101,4.693,0.028,-2.915,-0.004,-0.026,-0.018,0.019,-0.009,0.005,-0.008,0.02,0.012,-0.05,0.006,-5.442,0.011,-5.191,0.014,-5.057,2013-06-13,capital_goods
CAE,OSK,2018-05-30,0.529,0.0,-4.049,5.649,-21.526,5.101,4.693,0.198,-2.101,-0.018,0.029,0.033,0.076,-0.043,0.088,0.096,-0.003,-0.01,-0.004,-0.01,-4.388,0.014,-3.58,0.012,-3.657,2013-06-13,capital_goods
CAT,HUBB,2018-05-30,0.51,0.0,-2.541,0.35,65.409,5.101,4.693,0.104,-1.142,0.016,-0.034,-0.024,-0.036,-0.022,0.047,0.026,0.052,0.039,-0.025,0.016,-2.144,0.091,-0.341,0.126,0.499,2013-06-13,capital_goods
CMI,GATX,2018-05-30,0.804,0.0,3.688,0.336,8.124,5.101,4.693,0.62,2.003,-0.042,-0.024,0.001,-0.019,-0.051,-0.023,0.01,0.017,0.011,-0.028,-0.001,3.721,-0.092,6.24,-0.103,6.53,2013-06-13,capital_goods
CMI,LNN,2018-05-30,0.98,0.833,4.178,0.325,37.399,5.101,4.693,0.867,0.696,0.009,0.009,-0.004,-0.024,-0.005,-0.001,0.01,0.088,0.018,-0.002,-0.006,4.389,0.053,2.41,0.052,2.447,2013-06-13,capital_goods
CR,HI,2018-05-30,0.922,0.5,2.965,0.41,5.69,5.101,4.693,0.008,0.717,-0.003,-0.024,0.068,-0.039,0.025,-0.002,-0.07,0.057,-0.03,0.016,-0.024,3.96,-0.007,3.256,-0.018,3.71,2013-06-13,capital_goods
CR,KAMN,2018-05-30,0.784,0.0,5.307,0.529,11.287,5.101,4.693,0.006,0.237,0.025,-0.004,-0.005,0.015,0.034,-0.08,-0.056,-0.009,-0.051,-0.031,-0.006,5.543,0.078,2.287,0.091,1.815,2013-06-13,capital_goods
CR,SPXC,2018-05-30,0.725,1.0,2.693,0.509,-9.903,5.101,4.693,0.145,0.335,0.018,0.014,-0.016,-0.008,0.014,-0.041,0.005,0.041,0.03,-0.012,-0.038,4.312,-0.0,2.706,0.044,0.813,2013-06-13,capital_goods
CSL,MIDD,2018-05-30,0.922,0.667,-3.107,1.073,18.824,5.101,4.693,0.022,-0.967,-0.041,-0.036,0.046,0.014,-0.032,-0.004,0.014,0.022,0.032,-0.006,0.01,-2.866,-0.067,-4.675,-0.004,-3.211,2013-06-13,capital_goods
CW,KAMN,2018-05-30,0.824,0.667,4.768,0.365,11.032,5.101,4.693,0.013,1.651,0.009,0.023,0.012,-0.029,0.024,-0.001,-0.031,-0.015,-0.038,0.02,-0.024,6.062,0.058,1.598,0.071,0.882,2013-06-13,capital_goods
CW,SSD,2018-05-30,0.529,1.0,2.933,0.381,6.58,5.101,4.693,0.112,0.291,-0.021,-0.017,0.043,-0.038,0.024,-0.075,-0.027,0.017,-0.026,0.019,-0.027,4.432,0.029,1.309,-0.094,8.215,2013-06-13,capital_goods
DCI,LNN,2018-05-30,0.647,0.333,2.73,1.125,34.393,5.101,4.693,0.524,0.405,0.018,-0.028,-0.052,-0.063,-0.015,0.06,0.028,0.033,0.03,0.053,0.001,2.685,0.062,0.635,0.068,0.432,2013-06-13,capital_goods
DOV,HUBB,2018-05-30,0.647,0.0,-2.66,0.975,41.391,5.101,4.693,0.529,-1.067,0.037,0.034,-0.016,0.002,-0.049,-0.003,0.049,0.009,0.045,0.081,0.01,-2.328,0.04,-1.321,0.052,-0.906,2013-06-13,capital_goods
DOV,KAMN,2018-05-30,0.608,0.5,4.693,0.695,5.027,5.101,4.693,0.017,3.3,-0.019,0.044,0.006,0.063,0.005,0.048,-0.02,0.081,0.059,-0.01,-0.017,5.486,0.072,1.368,0.094,0.306,2013-06-13,capital_goods
EMR,HUBB,2018-05-30,0.784,0.167,-3.316,1.299,32.152,5.101,4.693,0.268,-1.671,-0.037,0.023,0.106,0.015,0.037,-0.029,-0.036,0.031,0.028,0.013,-0.001,-3.344,0.055,-1.342,0.046,-1.679,2013-06-13,capital_goods
ENS,KAMN,2018-05-30,0.569,0.0,2.54,0.557,8.661,5.101,4.693,0.005,2.392,0.006,0.048,-0.021,-0.022,0.028,0.023,-0.005,0.085,0.064,0.017,-0.014,2.777,0.058,1.53,0.072,1.287,2013-06-13,capital_goods
ESE,HEI-A,2018-05-30,0.588,0.0,2.958,1.009,-13.113,5.101,4.693,0.174,1.923,0.046,-0.05,-0.075,0.009,0.026,0.032,-0.045,-0.03,-0.077,-0.14,0.003,2.906,0.013,2.68,-0.019,3.354,2013-06-13,capital_goods
ESE,HI,2018-05-30,0.667,0.0,2.809,0.531,5.552,5.101,4.693,0.0,1.977,-0.006,-0.041,-0.03,0.013,0.024,0.03,-0.037,-0.099,-0.025,0.065,0.005,2.673,0.005,2.666,0.032,1.971,2013-06-13,capital_goods
ETN,LNN,2018-05-30,0.745,0.833,2.805,1.402,26.049,5.101,4.693,0.466,0.32,0.026,0.027,0.013,-0.005,-0.033,0.011,0.038,0.016,-0.01,0.009,0.0,2.799,0.072,0.045,0.076,-0.122,2013-06-13,capital_goods
FELE,MGRC,2018-05-30,0.627,0.0,2.613,1.296,-14.478,5.101,4.693,0.036,1.548,0.05,-0.03,-0.057,0.024,-0.003,-0.029,-0.026,-0.002,-0.01,-0.026,-0.015,2.937,0.042,1.671,0.072,1.002,2013-06-13,capital_goods
FERG,MIDD,2018-05-30,0.647,0.0,-2.629,0.71,75.836,5.101,4.693,0.042,-1.096,-0.029,-0.068,-0.009,-0.04,0.095,0.013,-0.088,-0.069,-0.06,-0.035,0.024,-2.299,0.003,-2.59,0.14,-0.685,2013-06-13,capital_goods
FLR,GWW,2018-05-30,0.549,0.5,4.433,4.696,-17.393,5.101,4.693,0.049,1.199,0.01,0.057,-0.006,0.077,-0.052,-0.018,0.04,0.035,0.004,0.048,-0.01,4.711,-0.041,5.55,-0.022,5.021,2013-06-13,capital_goods
GBX,IEP,2018-05-30,0.647,0.0,2.533,0.295,23.572,5.101,4.693,0.73,1.206,0.071,-0.03,0.013,-0.02,-0.077,0.027,0.102,0.044,-0.01,0.053,-0.036,3.073,-0.048,3.242,-0.066,3.514,2013-06-13,capital_goods
HEI,KAMN,2018-05-30,0.647,1.0,3.16,0.544,21.06,5.101,4.693,0.476,0.567,0.021,-0.035,-0.027,-0.015,-0.004,-0.052,0.016,-0.058,-0.057,0.059,0.009,2.675,0.061,-0.076,0.141,-4.323,2013-06-13,capital_goods
HEI,MMM,2018-05-30,0.51,0.0,-3.656,1.813,81.517,5.101,4.693,0.411,-2.869,0.001,0.022,0.089,0.032,-0.024,-0.011,0.041,0.003,0.015,-0.022,0.001,-3.617,0.023,-3.011,-0.054,-5.153,2013-06-13,capital_goods
HEI-A,ITW,2018-05-30,0.588,0.0,-3.174,2.032,37.687,5.101,4.693,0.168,-1.829,-0.01,-0.009,0.027,-0.009,0.003,-0.011,-0.034,0.017,0.026,-0.013,-0.024,-3.868,-0.038,-4.29,-0.13,-7.005,2013-06-13,capital_goods
HEI-A,KAMN,2018-05-30,0.882,1.0,3.309,0.655,20.832,5.101,4.693,0.676,0.873,0.002,-0.015,-0.022,-0.047,-0.013,0.031,0.01,-0.073,0.019,0.031,0.018,2.474,0.08,-0.477,0.147,-3.634,2013-06-13,capital_goods
HEI-A,MRCY,2018-05-30,0.824,0.0,-3.309,0.974,-3.082,5.101,4.693,0.298,-2.69,0.093,0.033,-0.07,-0.019,0.026,-0.063,-0.053,-0.005,0.008,-0.032,0.004,-3.238,0.001,-3.285,0.024,-2.887,2013-06-13,capital_goods
HI,ITW,2018-05-30,0.765,0.0,-2.757,3.914,-11.967,5.101,4.693,0.046,-1.345,0.037,-0.008,-0.034,-0.003,0.012,0.041,-0.055,0.007,0.007,-0.042,-0.017,-3.341,-0.038,-4.052,-0.066,-5.013,2013-06-13,capital_goods
HI,KAMN,2018-05-30,0.863,1.0,4.591,1.285,4.113,5.101,4.693,0.023,-0.997,-0.033,0.01,-0.016,-0.015,0.027,0.055,-0.017,0.029,0.077,0.007,0.013,3.695,0.075,-0.512,0.094,-1.824,2013-06-13,capital_goods
HI,MGRC,2018-05-30,0.51,0.5,3.395,1.457,-14.208,5.101,4.693,0.089,0.745,0.036,-0.017,0.03,-0.003,0.01,-0.101,0.011,-0.036,-0.007,-0.009,0.007,3.068,0.065,0.56,0.098,-0.912,2013-06-13,capital_goods
HLIO,IEP,2018-05-30,0.588,0.0,2.662,0.168,27.339,5.101,4.693,0.283,1.175,0.028,-0.019,-0.122,0.057,-0.03,0.004,0.04,-0.022,0.008,0.038,-0.028,3.021,-0.08,3.7,-0.12,4.208,2013-06-13,capital_goods
HLIO,LNN,2018-05-30,1.0,1.0,2.853,0.731,47.237,5.101,4.693,0.266,0.476,0.006,0.005,-0.016,0.033,0.003,-0.053,-0.024,0.032,0.029,-0.025,0.008,2.61,0.068,0.896,0.046,1.537,2013-06-13,capital_goods
HON,SWK,2018-05-30,0.725,0.5,-2.973,1.219,-11.761,5.101,4.693,0.123,-0.687,-0.025,0.089,-0.041,0.137,-0.031,0.012,-0.0,0.017,0.017,0.033,-0.002,-3.109,-0.018,-4.038,-0.032,-4.867,2013-06-13,capital_goods
HRI,IEP,2018-05-30,0.608,0.167,3.172,0.286,21.119,5.101,4.693,0.769,1.082,-0.037,-0.061,-0.037,-0.053,-0.017,-0.015,0.017,-0.025,-0.027,-0.012,-0.018,3.522,-0.07,4.543,-0.119,5.507,2013-06-13,capital_goods
HUBB,KAMN,2018-05-30,0.843,0.333,4.83,0.557,-9.536,5.101,4.693,0.066,0.172,0.014,0.013,0.015,-0.007,0.023,-0.043,-0.043,-0.043,-0.075,-0.018,-0.002,4.882,0.097,2.217,0.124,1.498,2013-06-13,capital_goods
HUBB,LNN,2018-05-30,0.667,0.5,3.428,0.598,17.877,5.101,4.693,0.219,1.463,0.06,0.008,-0.003,-0.015,-0.06,0.008,0.041,0.038,0.107,0.058,0.003,3.353,0.096,0.781,0.102,0.627,2013-06-13,capital_goods
HUBB,SPXC,2018-05-30,0.902,0.5,3.362,0.559,-32.107,5.101,4.693,0.634,1.265,0.002,0.03,0.032,0.023,0.063,0.042,-0.069,-0.024,0.026,0.032,-0.028,4.095,0.038,2.346,0.097,0.781,2013-06-13,capital_goods
HUBB,TKR,2018-05-30,0.804,1.0,2.504,0.567,-19.492,5.101,4.693,0.564,0.446,0.033,0.019,0.043,0.038,0.033,0.009,-0.013,0.041,0.039,0.059,0.026,1.691,0.075,0.214,0.082,-0.018,2013-06-13,capital_goods
JCI,MWA,2018-05-30,0.804,1.0,2.706,0.34,-1.293,5.101,4.693,0.065,0.233,0.017,-0.024,0.01,-0.009,-0.007,0.018,-0.011,0.011,-0.005,-0.02,0.005,2.558,0.032,1.698,0.078,0.206,2013-06-13,capital_goods
JCI,WTS,2018-05-30,0.725,0.0,2.637,1.208,19.056,5.101,4.693,0.46,2.251,0.009,-0.053,0.038,0.005,0.04,0.018,-0.014,0.017,0.014,-0.027,-0.005,2.712,-0.024,3.018,0.006,2.542,2013-06-13,capital_goods
KAMN,LHX,2018-05-30,0.98,0.833,-4.242,3.164,-43.743,5.101,4.693,0.076,-0.102,-0.022,-0.007,0.04,0.013,0.042,-0.006,-0.04,0.008,-0.003,-0.013,-0.003,-4.393,0.058,-1.32,0.095,0.561,2013-06-13,capital_goods
KAMN,ROLL,2018-05-30,0.549,0.0,-3.611,2.669,-27.252,5.101,4.693,0.001,-3.099,0.038,0.046,0.067,0.044,0.055,0.034,-0.096,0.049,0.004,0.01,0.039,-2.127,0.117,0.832,0.139,1.669,2013-06-13,capital_goods
KMT,LNN,2018-05-30,0.843,1.0,3.506,1.024,45.752,5.101,4.693,0.145,0.573,0.022,0.027,-0.015,0.006,-0.048,-0.022,0.033,-0.05,-0.031,0.05,0.002,3.455,0.065,1.527,0.07,1.354,2013-06-13,capital_goods
KTOS,LNN,2018-05-30,0.647,1.0,2.787,2.575,55.582,5.101,4.693,0.825,0.228,-0.014,0.024,0.05,-0.052,-0.025,0.006,0.019,0.028,-0.054,-0.019,0.021,2.163,0.106,-0.296,0.097,-0.037,2013-06-13,capital_goods
LECO,LNN,2018-05-30,0.882,0.833,2.862,0.525,39.789,5.101,4.693,0.273,0.446,-0.012,0.003,0.03,0.011,-0.026,0.012,-0.004,0.027,0.012,0.003,0.006,2.658,0.074,0.448,0.061,0.859,2013-06-13,capital_goods
LII,MAS,2018-05-30,0.529,0.0,-3.048,0.176,5.093,5.101,4.693,0.539,-0.317,0.011,-0.038,0.019,0.007,0.008,0.05,-0.008,0.075,-0.012,0.006,0.018,-2.115,0.003,-2.869,-0.029,-4.602,2013-06-13,capital_goods
MGRC,OSK,2018-05-30,0.51,0.0,-3.141,1.601,6.449,5.101,4.693,0.054,-2.895,0.025,0.054,-0.052,0.052,0.008,0.024,-0.031,0.024,0.039,0.019,-0.031,-3.742,0.035,-2.47,0.037,-2.429,2013-06-13,capital_goods
MIDD,SXI,2018-05-30,0.627,0.667,3.008,0.482,26.135,5.101,4.693,0.352,1.361,-0.032,0.016,-0.016,-0.032,-0.023,0.023,0.027,-0.033,-0.067,-0.001,-0.002,3.041,-0.011,3.234,0.049,2.021,2013-06-13,capital_goods
MIDD,TDG,2018-05-30,0.608,0.0,3.552,1.258,56.934,5.101,4.693,0.801,0.601,0.016,0.0,-0.012,0.008,0.008,-0.001,-0.017,-0.085,-0.001,0.043,0.005,3.492,-0.065,4.416,0.009,3.435,2013-06-13,capital_goods
MIDD,WSO,2018-05-30,0.667,0.167,3.567,0.77,29.097,5.101,4.693,0.862,0.347,0.021,0.02,-0.035,0.0,-0.021,-0.05,0.047,-0.017,0.006,0.055,0.04,2.949,0.054,2.731,0.097,2.077,2013-06-13,capital_goods
MRCY,ROLL,2018-05-30,0.824,0.167,3.358,1.704,36.698,5.101,4.693,0.471,1.206,-0.02,0.016,0.006,-0.069,-0.019,0.046,0.001,0.101,0.063,-0.022,-0.033,4.207,-0.068,5.099,0.013,3.011,2013-06-13,capital_goods
PCAR,TREX,2018-05-30,0.588,0.0,3.009,0.738,-21.905,5.101,4.693,0.169,1.309,0.057,-0.012,-0.025,0.009,0.094,-0.076,-0.081,0.017,0.033,-0.019,-0.047,4.063,-0.028,3.636,-0.127,5.881,2013-06-13,capital_goods
SWK,TDG,2018-05-30,0.667,0.0,3.661,1.435,42.046,5.101,4.693,0.084,2.049,0.015,0.009,-0.031,0.025,-0.018,0.033,0.019,0.035,0.083,-0.012,-0.027,4.403,-0.05,5.055,-0.037,4.702,2013-06-13,capital_goods
TXT,VICR,2018-05-30,0.667,0.5,4.24,0.769,-19.635,5.101,4.693,0.209,1.245,0.075,-0.012,-0.022,0.046,0.011,0.027,0.035,-0.047,0.016,0.029,-0.007,4.473,-0.134,8.775,-0.155,9.5,2013-06-13,capital_goods
ALB,FUL,2018-05-30,1.0,1.0,2.532,0.228,24.997,3.07,3.302,0.071,0.024,-0.018,0.05,-0.085,0.007,0.012,0.006,-0.032,0.064,0.065,-0.016,-0.016,3.152,-0.055,4.633,-0.07,5.222,2013-06-13,chemicals
BAK,BCPC,2018-05-30,0.549,0.0,2.987,1.491,49.619,3.07,3.302,0.168,0.992,0.052,0.012,0.004,0.033,-0.017,-0.007,-0.008,0.038,0.007,-0.039,0.015,2.629,0.044,1.963,-0.006,3.122,2013-06-13,chemicals
BCPC,SMG,2018-05-30,0.922,0.333,-2.978,1.036,-3.316,3.07,3.302,0.519,-1.107,0.02,0.065,-0.011,0.038,0.007,-0.057,-0.011,0.031,0.069,0.067,-0.024,-3.606,-0.045,-4.187,-0.1,-5.644,2013-06-13,chemicals
CE,DD,2018-05-30,0.765,0.5,-3.616,0.757,16.962,3.07,3.302,0.384,-0.726,0.04,0.018,0.035,0.056,0.011,0.053,-0.03,-0.008,-0.025,-0.015,0.029,-2.241,0.022,-2.553,0.034,-1.979,2013-06-13,chemicals
NEU,SHI,2018-05-30,0.647,0.5,2.941,0.118,-9.717,3.07,3.302,0.33,2.798,0.023,-0.028,-0.029,0.007,-0.006,-0.009,-0.004,0.001,-0.027,0.038,0.087,1.571,0.067,1.896,0.079,1.695,2013-06-13,chemicals
PPG,SHW,2018-05-30,0.98,1.0,2.722,1.953,-89.615,3.07,3.302,0.056,0.816,-0.047,-0.01,-0.017,0.033,-0.008,-0.032,0.005,-0.045,0.02,-0.018,0.005,2.566,-0.008,2.964,-0.018,3.274,2013-06-13,chemicals
BWA,MGA,2018-05-30,0.647,0.667,4.418,0.882,5.888,3.655,4.317,0.03,2.279,-0.055,0.009,0.079,0.021,-0.034,-0.019,0.026,-0.038,-0.011,0.022,0.005,4.219,0.008,4.109,0.051,2.448,2013-06-13,automobiles_and_components
GM,LEA,2018-05-30,0.588,0.0,2.985,5.615,-41.094,3.655,4.317,0.007,1.433,0.03,0.002,0.023,-0.011,0.009,-0.063,-0.011,-0.017,-0.04,0.008,0.063,0.804,0.052,1.204,0.068,0.639,2013-06-13,automobiles_and_components
LCII,PATK,2018-05-30,0.608,0.0,3.909,0.588,-3.834,3.655,4.317,0.536,2.873,0.056,0.047,-0.054,0.012,0.009,0.013,-0.026,-0.039,-0.01,-0.002,0.05,2.616,0.021,3.373,0.0,3.899,2013-06-13,automobiles_and_components
ACLS,COHU,2018-05-30,0.765,0.667,3.308,0.659,3.678,4.109,3.882,0.184,1.115,0.047,-0.03,-0.04,-0.006,-0.008,0.062,0.027,0.024,0.039,0.057,-0.015,3.627,-0.022,3.79,-0.094,5.357,2013-06-13,semiconductors_and_semiconductor_equipment
ADI,SLAB,2018-05-30,0.745,0.833,2.692,1.339,-19.943,4.109,3.882,0.004,0.23,-0.006,0.014,-0.021,0.019,-0.012,0.001,0.009,-0.026,0.006,0.027,0.039,0.426,0.059,-0.697,0.071,-1.394,2013-06-13,semiconductors_and_semiconductor_equipment
ASX,COHU,2018-05-30,0.588,0.833,3.815,6.605,-16.439,4.109,3.882,0.017,1.165,0.07,0.014,-0.011,-0.01,0.014,-0.039,-0.01,-0.025,-0.012,-0.015,-0.023,4.2,0.001,3.798,-0.046,4.587,2013-06-13,semiconductors_and_semiconductor_equipment
CAMT,IMOS,2018-05-30,0.569,0.0,-2.608,0.698,8.928,4.109,3.882,0.179,-1.252,0.021,-0.016,-0.013,-0.014,-0.006,0.006,-0.008,0.038,-0.118,0.001,0.044,-2.106,-0.028,-2.924,-0.129,-4.076,2013-06-13,semiconductors_and_semiconductor_equipment
CAMT,TER,2018-05-30,0.549,0.5,-3.094,5.17,9.184,4.109,3.882,0.154,-1.435,-0.071,-0.001,-0.007,0.014,0.021,-0.032,-0.023,-0.019,-0.071,-0.066,0.028,-2.501,0.029,-2.475,-0.108,-5.421,2013-06-13,semiconductors_and_semiconductor_equipment
CAMT,UCTT,2018-05-30,0.667,0.0,-2.601,3.91,-0.663,4.109,3.882,0.256,-1.685,0.036,0.019,0.069,0.012,0.024,-0.016,-0.021,0.023,-0.018,-0.033,0.011,-2.486,-0.13,-3.994,-0.235,-5.126,2013-06-13,semiconductors_and_semiconductor_equipment
DIOD,IMOS,2018-05-30,0.765,0.0,-2.696,0.283,4.499,4.109,3.882,0.698,-1.548,0.034,-0.008,-0.045,-0.013,-0.0,-0.035,-0.004,0.014,-0.003,-0.024,0.005,-2.626,-0.044,-3.363,-0.089,-4.058,2013-06-13,semiconductors_and_semiconductor_equipment
DQ,WOLF,2018-05-30,0.51,0.833,2.898,1.745,18.811,4.109,3.882,0.29,0.387,0.0,-0.045,-0.0,-0.015,0.104,-0.02,-0.085,-0.028,-0.011,0.012,-0.041,3.848,-0.097,5.119,-0.078,4.691,2013-06-13,semiconductors_and_semiconductor_equipment
ENTG,TER,2018-05-30,0.667,0.333,-3.045,1.193,3.014,4.109,3.882,0.062,-1.162,-0.013,0.004,-0.023,0.038,-0.018,-0.035,0.005,-0.041,0.01,0.012,0.01,-2.698,0.067,-0.642,0.056,-1.031,2013-06-13,semiconductors_and_semiconductor_equipment
FORM,MKSI,2018-05-30,0.647,0.0,2.592,7.736,-24.326,4.109,3.882,0.109,1.265,0.031,0.007,-0.087,0.034,0.014,0.007,-0.011,-0.007,0.011,0.014,0.075,1.238,0.068,1.362,0.133,0.188,2013-06-13,semiconductors_and_semiconductor_equipment
FORM,TXN,2018-05-30,0.627,0.0,2.768,5.059,9.752,4.109,3.882,0.78,1.651,0.023,0.057,-0.013,0.018,0.049,0.054,0.015,-0.09,-0.019,-0.03,-0.002,2.799,-0.022,3.203,0.012,2.528,2013-06-13,semiconductors_and_semiconductor_equipment
IMOS,MRVL,2018-05-30,0.51,0.0,2.613,1.708,-5.562,4.109,3.882,0.65,2.023,-0.045,0.102,0.047,0.04,-0.015,0.016,0.008,0.075,0.068,0.108,0.019,2.393,0.011,2.479,0.01,2.489,2013-06-13,semiconductors_and_semiconductor_equipment
IMOS,MU,2018-05-30,0.745,0.0,3.882,4.573,-26.452,4.109,3.882,0.88,0.094,-0.018,0.028,-0.018,0.036,0.011,-0.068,-0.034,-0.014,-0.026,-0.078,0.097,2.842,0.081,3.02,0.07,3.128,2013-06-13,semiconductors_and_semiconductor_equipment
IMOS,UMC,2018-05-30,0.608,0.0,2.999,0.095,0.517,4.109,3.882,0.452,2.405,-0.017,0.044,-0.02,-0.043,0.011,0.008,-0.003,-0.091,-0.04,0.093,0.012,2.824,-0.029,3.414,-0.047,3.672,2013-06-13,semiconductors_and_semiconductor_equipment
KLIC,SMTC,2018-05-30,0.569,0.0,2.539,1.543,5.096,4.109,3.882,0.607,0.964,-0.013,0.035,0.055,0.037,0.042,-0.009,-0.072,0.085,0.082,0.04,-0.008,2.757,0.039,1.497,0.007,2.36,2013-06-13,semiconductors_and_semiconductor_equipment
MCHP,TSM,2018-05-30,0.725,0.667,-3.16,0.76,3.071,4.109,3.882,0.049,-0.63,-0.089,-0.088,-0.043,-0.048,0.079,-0.032,-0.056,0.005,0.053,-0.017,0.023,-2.063,0.077,0.485,0.121,2.605,2013-06-13,semiconductors_and_semiconductor_equipment
NXPI,SLAB,2018-05-30,0.569,1.0,2.629,1.21,-47.114,4.109,3.882,0.078,0.403,-0.083,0.016,-0.016,0.024,-0.017,0.002,0.003,-0.04,0.011,0.007,0.004,2.515,-0.048,4.002,-0.071,4.655,2013-06-13,semiconductors_and_semiconductor_equipment
ON,TSEM,2018-05-30,0.863,0.0,-3.027,1.321,1.558,4.109,3.882,0.474,-2.121,-0.052,0.021,0.037,0.005,0.023,0.039,0.003,-0.039,-0.046,0.015,0.009,-2.864,-0.019,-3.39,0.023,-2.584,2013-06-13,semiconductors_and_semiconductor_equipment
SLAB,TSEM,2018-05-30,0.529,0.333,-3.884,0.381,-4.563,4.109,3.882,0.428,-2.577,0.009,-0.031,0.061,0.024,-0.012,0.014,-0.002,-0.033,-0.044,-0.012,-0.017,-4.322,-0.011,-4.164,-0.009,-4.104,2013-06-13,semiconductors_and_semiconductor_equipment
TSM,TXN,2018-05-30,0.784,0.5,4.287,2.56,-1.172,4.109,3.882,0.59,2.456,-0.061,0.019,0.0,-0.059,0.019,0.027,-0.0,-0.059,-0.002,0.04,0.0,4.267,0.052,1.998,0.047,2.203,2013-06-13,semiconductors_and_semiconductor_equipment
CMCSA,SIRI,2018-05-30,0.569,0.0,4.42,0.158,-0.256,4.278,5.12,0.011,1.244,0.008,-0.029,-0.035,-0.045,-0.073,0.028,0.076,0.003,-0.036,0.036,0.04,3.655,0.063,3.207,0.073,3.024,2013-06-13,media_and_entertainment
GTN,NFLX,2018-05-30,0.843,0.0,3.362,6.194,69.932,4.278,5.12,0.929,2.064,0.013,-0.014,0.017,-0.043,-0.003,0.025,0.006,-0.066,-0.003,-0.0,-0.026,3.534,0.105,2.677,0.055,3.007,2013-06-13,media_and_entertainment
NFLX,WWE,2018-05-30,0.588,0.833,5.42,0.105,5.367,4.278,5.12,0.799,1.456,-0.006,0.036,-0.01,0.105,-0.028,0.017,0.013,-0.029,0.001,-0.002,-0.113,9.383,-0.223,13.251,-0.24,13.837,2013-06-13,media_and_entertainment
NXST,SIRI,2018-05-30,0.529,0.0,3.253,0.08,0.296,4.278,5.12,0.017,1.664,0.019,0.021,0.095,0.015,0.009,-0.004,-0.015,0.063,0.025,-0.006,0.075,1.497,0.056,1.937,0.101,0.882,2013-06-13,media_and_entertainment
AAT,OHI,2018-05-30,0.706,1.0,2.618,0.338,8.758,3.099,2.895,0.261,0.425,0.005,0.036,-0.032,0.019,0.019,0.005,-0.0,-0.025,-0.04,0.015,0.009,2.313,0.031,1.546,-0.031,3.705,2013-06-13,real_estate
ALX,RHP,2018-05-30,0.549,0.0,2.808,0.24,-19.365,3.099,2.895,0.162,2.696,0.007,0.0,0.007,-0.01,0.005,0.0,-0.036,-0.07,-0.054,0.05,-0.001,2.832,-0.028,3.307,-0.047,3.642,2013-06-13,real_estate
BFS,DEI,2018-05-30,0.549,0.0,2.726,0.628,1.304,3.099,2.895,0.046,2.216,-0.011,0.027,0.033,0.032,-0.007,-0.047,-0.065,-0.028,-0.078,-0.005,0.018,2.29,0.038,1.803,0.086,0.611,2013-06-13,real_estate
CUZ,RYN,2018-05-30,0.725,0.0,2.685,0.916,-1.74,3.099,2.895,0.325,2.041,-0.05,-0.031,-0.055,0.001,-0.235,0.015,0.079,0.045,-0.046,0.032,0.014,2.244,0.049,1.161,0.056,0.931,2013-06-13,real_estate
DEI,FR,2018-05-30,0.706,0.667,2.594,0.935,-4.42,3.099,2.895,0.607,1.036,-0.028,0.097,0.068,0.077,-0.019,-0.027,-0.009,0.078,0.016,-0.026,0.007,2.241,0.012,2.008,0.011,2.044,2013-06-13,real_estate
DHC,OPI,2018-05-30,1.0,1.0,-2.62,3.495,-0.149,3.099,2.895,0.778,-0.732,-0.001,0.004,0.032,-0.018,0.01,0.002,0.014,-0.018,0.01,0.04,0.019,-2.041,0.022,-1.956,0.042,-1.34,2013-06-13,real_estate
ELS,EQIX,2018-05-30,0.922,0.667,-2.746,11.629,-49.428,3.099,2.895,0.181,-0.358,0.025,-0.006,0.005,0.019,0.03,0.094,0.016,0.004,0.063,0.034,0.019,-1.818,0.036,-1.014,0.0,-2.736,2013-06-13,real_estate
IRM,WPC,2018-05-30,0.784,0.333,2.772,1.263,16.396,3.099,2.895,0.073,0.957,-0.001,-0.023,-0.059,-0.02,-0.024,-0.007,0.004,0.055,0.036,0.044,0.018,1.936,0.036,1.145,0.031,1.367,2013-06-13,real_estate
OHI,PEAK,2018-05-30,0.941,0.833,-3.68,1.377,-4.242,3.099,2.895,0.618,-1.602,0.005,0.03,0.093,-0.001,0.05,-0.027,-0.001,-0.009,0.043,-0.048,0.018,-3.083,0.041,-2.344,0.002,-3.616,2013-06-13,real_estate
PCH,ZG,2018-05-30,0.725,0.667,2.747,1.188,1.526,3.099,2.895,0.463,0.826,-0.032,-0.022,0.019,-0.031,-0.003,-0.038,-0.055,0.026,0.008,-0.044,-0.015,3.1,-0.028,3.409,0.069,1.1,2013-06-13,real_estate
AAPL,CAJ,2018-05-30,0.863,0.667,-3.135,0.496,10.969,4.116,3.832,0.0,-0.753,0.042,-0.007,-0.111,-0.039,-0.031,-0.008,0.008,-0.021,-0.056,-0.016,-0.014,-3.751,-0.026,-4.302,-0.098,-7.523,2013-06-13,technology_hardware_and_equipment
AEIS,LOGI,2018-05-30,0.51,0.0,2.668,0.473,-0.121,4.116,3.832,0.626,1.09,-0.088,-0.001,0.018,0.046,0.096,-0.053,-0.035,0.025,0.02,-0.028,-0.092,4.73,-0.11,5.138,-0.163,6.312,2013-06-13,technology_hardware_and_equipment
AEIS,NSIT,2018-05-30,0.549,1.0,2.975,0.325,17.048,4.116,3.832,0.526,0.458,0.085,0.097,-0.062,0.141,0.027,-0.076,0.008,0.046,0.036,0.053,-0.065,4.472,-0.059,4.326,-0.153,6.491,2013-06-13,technology_hardware_and_equipment
APH,FLEX,2018-05-30,0.627,0.0,-3.774,0.378,2.016,4.116,3.832,0.115,-1.487,-0.017,-0.076,0.085,-0.123,-0.002,-0.009,0.016,0.005,-0.016,-0.041,-0.004,-3.891,-0.034,-4.796,-0.051,-5.307,2013-06-13,technology_hardware_and_equipment
ARW,LFUS,2018-05-30,0.569,0.167,3.188,3.811,-120.527,4.116,3.832,0.07,1.245,0.031,-0.007,0.007,-0.01,-0.071,0.018,0.018,0.0,-0.01,0.018,-0.012,3.608,0.003,3.08,0.025,2.317,2013-06-13,technology_hardware_and_equipment
ARW,NSIT,2018-05-30,0.686,0.0,2.582,0.618,-8.412,4.116,3.832,0.063,0.792,-0.009,-0.008,0.006,0.005,0.037,-0.055,-0.063,0.02,-0.019,-0.008,-0.02,3.09,-0.024,3.216,-0.059,4.113,2013-06-13,technology_hardware_and_equipment
BDC,CNXN,2018-05-30,0.529,0.0,3.513,0.153,13.524,4.116,3.832,0.35,1.864,0.006,-0.001,0.033,-0.003,0.023,-0.018,0.01,-0.034,-0.024,-0.007,-0.079,5.118,-0.078,5.108,-0.158,6.737,2013-06-13,technology_hardware_and_equipment
BDC,CSCO,2018-05-30,0.804,0.0,2.914,0.232,11.46,4.116,3.832,0.284,0.212,0.027,-0.011,-0.055,0.025,0.02,0.017,-0.047,-0.056,-0.066,0.011,0.019,2.706,0.039,2.48,-0.003,2.945,2013-06-13,technology_hardware_and_equipment
BDC,PLXS,2018-05-30,0.608,1.0,2.835,0.609,8.258,4.116,3.832,0.128,1.459,-0.004,0.029,-0.025,0.079,0.026,-0.005,-0.034,0.017,-0.03,-0.017,0.026,2.427,0.048,2.087,0.07,1.759,2013-06-13,technology_hardware_and_equipment
BHE,NSIT,2018-05-30,0.627,1.0,4.41,1.478,-1.8,4.116,3.832,0.044,0.604,-0.002,-0.018,0.098,-0.047,-0.023,0.006,-0.01,0.024,-0.038,-0.037,0.004,4.298,-0.081,6.951,-0.12,8.209,2013-06-13,technology_hardware_and_equipment
BHE,TTMI,2018-05-30,0.549,1.0,3.059,0.891,-9.405,4.116,3.832,0.118,0.664,-0.032,-0.028,0.009,-0.0,0.008,-0.059,-0.038,-0.04,-0.011,0.003,0.032,2.195,-0.06,4.676,-0.044,4.248,2013-06-13,technology_hardware_and_equipment
CAJ,IPGP,2018-05-30,0.941,0.667,3.428,15.368,-274.488,4.116,3.832,0.122,0.928,-0.017,0.052,0.003,0.023,-0.002,-0.032,-0.022,-0.023,0.019,0.0,0.025,2.48,0.007,3.152,0.081,0.323,2013-06-13,technology_hardware_and_equipment
CIEN,CTS,2018-05-30,0.588,0.0,2.829,0.808,2.489,4.116,3.832,0.266,2.084,-0.033,-0.013,-0.013,-0.005,0.032,-0.022,-0.015,0.041,0.002,-0.004,-0.035,3.34,-0.024,3.179,-0.025,3.203,2013-06-13,technology_hardware_and_equipment
CSCO,FLEX,2018-05-30,0.784,0.0,-2.686,0.401,3.446,4.116,3.832,0.004,-2.142,0.069,0.007,-0.044,-0.022,-0.022,0.037,0.003,0.034,0.043,0.01,-0.007,-2.807,-0.0,-2.689,-0.061,-3.756,2013-06-13,technology_hardware_and_equipment
FLEX,NSIT,2018-05-30,0.647,0.0,3.539,2.161,3.101,4.116,3.832,0.12,1.492,0.044,-0.031,-0.016,-0.041,0.082,0.009,-0.07,-0.055,-0.046,-0.009,-0.027,4.065,-0.03,4.125,-0.113,5.763,2013-06-13,technology_hardware_and_equipment
FLEX,PLXS,2018-05-30,0.51,0.0,3.569,3.163,3.79,4.116,3.832,0.122,1.122,-0.013,-0.0,-0.0,-0.03,-0.049,-0.002,0.044,0.007,-0.039,0.046,-0.008,3.832,-0.003,3.678,-0.04,4.933,2013-06-13,technology_hardware_and_equipment
IPGP,NATI,2018-05-30,0.784,1.0,-2.947,0.115,14.812,4.116,3.832,0.165,-0.395,0.008,0.024,0.017,0.018,0.019,0.011,-0.02,0.009,-0.019,0.006,0.06,-0.927,0.069,-0.604,0.21,4.169,2013-06-13,technology_hardware_and_equipment
NATI,NOVT,2018-05-30,0.529,0.667,4.356,2.181,-37.417,4.116,3.832,0.064,1.969,-0.016,-0.022,-0.007,0.009,-0.023,-0.111,0.016,-0.007,-0.008,-0.007,0.02,3.706,0.015,3.863,-0.022,5.052,2013-06-13,technology_hardware_and_equipment
NSIT,SANM,2018-05-30,0.569,0.833,-3.545,0.873,-0.353,4.116,3.832,0.577,-0.508,-0.019,0.004,-0.006,0.041,-0.012,-0.027,0.022,0.047,0.141,0.126,-0.027,-4.151,-0.035,-4.331,-0.082,-5.36,2013-06-13,technology_hardware_and_equipment
PLXS,TDY,2018-05-30,0.588,0.0,2.617,3.639,-51.146,4.116,3.832,0.328,1.192,0.004,-0.07,-0.044,-0.024,0.011,-0.006,-0.011,-0.012,0.06,0.022,0.015,2.215,-0.03,3.442,-0.049,3.966,2013-06-13,technology_hardware_and_equipment
IRDM,TEO,2018-05-30,0.608,0.167,-5.044,2.728,-8.448,2.216,4.794,0.005,-1.187,0.047,0.057,-0.011,0.002,-0.053,0.051,0.07,-0.004,0.047,0.04,-0.084,-6.8,-0.154,-8.288,-0.275,-10.824,2013-06-13,telecommunication_services
TEO,TU,2018-05-30,0.941,0.833,2.544,0.237,8.749,2.216,4.794,0.623,0.583,-0.013,-0.046,0.026,-0.005,-0.007,0.039,0.015,-0.057,-0.005,0.078,-0.03,3.498,-0.049,4.139,-0.097,5.681,2013-06-13,telecommunication_services
ARCO,LVS,2018-05-30,0.922,0.667,4.081,3.868,24.946,3.442,3.807,0.857,2.151,-0.005,0.064,0.015,0.021,0.003,-0.048,-0.004,0.088,0.065,0.064,0.015,3.77,0.07,2.67,0.107,1.921,2013-06-13,consumer_services
BYD,CHDN,2018-05-30,0.588,1.0,2.682,2.345,2.394,3.442,3.807,0.765,0.449,-0.097,-0.013,-0.002,-0.044,0.008,0.004,-0.004,0.012,-0.003,0.001,-0.02,3.672,0.016,1.855,0.016,1.855,2013-06-13,consumer_services
CBRL,TXRH,2018-05-30,0.863,0.0,3.034,0.516,-19.591,3.442,3.807,0.199,1.088,-0.045,-0.004,-0.029,-0.005,0.003,-0.022,-0.019,0.016,0.008,-0.016,-0.04,4.568,-0.058,5.255,-0.05,4.926,2013-06-13,consumer_services
EDU,HTHT,2018-05-30,0.569,0.0,3.168,0.41,-6.074,3.442,3.807,0.028,0.771,-0.034,-0.021,0.03,-0.044,0.025,-0.018,0.01,-0.065,-0.019,0.014,0.004,3.063,0.0,3.162,0.017,2.691,2013-06-13,consumer_services
AIG,ARGO,2018-05-30,0.706,0.0,3.254,0.754,6.656,3.74,3.888,0.651,2.609,-0.021,0.025,-0.062,0.012,-0.024,0.006,0.005,-0.023,-0.018,-0.025,0.034,2.522,0.008,3.086,-0.011,3.484,2013-06-13,insurance
AIG,HMN,2018-05-30,0.667,0.0,2.77,0.65,-0.633,3.74,3.888,0.181,2.381,0.007,-0.002,-0.002,-0.031,0.027,-0.065,0.006,0.024,0.019,0.026,0.003,2.711,0.036,2.113,-0.004,2.848,2013-06-13,insurance
AIZ,PRA,2018-05-30,0.765,0.667,-4.393,0.5,2.646,3.74,3.888,0.249,-1.404,-0.048,-0.053,-0.04,-0.059,-0.007,-0.043,-0.002,0.041,0.043,-0.008,-0.093,-7.416,-0.066,-6.541,0.05,-2.765,2013-06-13,insurance
BRO,ESGR,2018-05-30,0.804,0.333,-2.698,6.256,60.546,3.74,3.888,0.232,-0.724,-0.052,0.004,-0.017,0.002,0.0,-0.053,-0.02,0.027,-0.001,-0.06,0.009,-2.326,-0.011,-3.184,-0.016,-3.366,2013-06-13,insurance
CNO,PGR,2018-05-30,0.745,0.0,3.754,2.983,-18.604,3.74,3.888,0.009,2.879,-0.009,-0.014,-0.005,-0.02,-0.085,0.011,0.067,0.06,-0.009,-0.061,0.005,3.643,0.04,2.929,0.017,3.4,2013-06-13,insurance
EIG,PRA,2018-05-30,0.588,0.0,-3.831,0.649,22.099,3.74,3.888,0.039,-2.621,0.053,-0.033,-0.04,-0.044,-0.033,0.04,0.052,0.02,-0.013,-0.011,-0.055,-5.063,-0.039,-4.699,0.095,-1.705,2013-06-13,insurance
ESGR,PRA,2018-05-30,0.588,0.0,-3.052,0.172,10.691,3.74,3.888,0.043,-2.036,0.068,-0.019,-0.039,-0.013,0.009,-0.0,0.018,0.012,-0.028,-0.007,-0.047,-4.043,0.006,-2.931,0.097,-0.997,2013-06-13,insurance
ESGR,WRB,2018-05-30,0.627,0.0,2.672,0.125,0.995,3.74,3.888,0.167,0.933,-0.125,0.096,-0.02,0.061,-0.035,0.093,0.11,0.005,0.056,0.025,0.031,1.402,0.016,2.018,-0.001,2.721,2013-06-13,insurance
PRA,SIGI,2018-05-30,0.608,0.0,3.778,1.45,-19.765,3.74,3.888,0.609,0.353,0.01,-0.02,-0.019,-0.038,0.047,-0.082,-0.055,0.073,0.004,0.027,-0.022,4.17,0.004,3.711,0.055,2.805,2013-06-13,insurance
PRU,UNM,2018-05-30,0.784,0.667,-2.933,0.5,-3.111,3.74,3.888,0.045,-1.173,-0.021,0.047,0.059,0.011,-0.006,-0.038,0.03,0.006,0.023,0.032,0.01,-2.509,0.004,-2.776,-0.042,-4.708,2013-06-13,insurance
AAL,EXPD,2018-05-30,0.725,0.167,4.364,0.786,17.561,3.708,4.364,0.153,4.081,-0.008,0.001,-0.017,0.008,-0.0,0.035,-0.025,0.047,0.021,-0.029,-0.019,4.784,-0.03,5.003,-0.003,4.439,2013-06-13,transportation
AAL,WERN,2018-05-30,0.569,0.0,3.278,0.563,0.928,3.708,4.364,0.01,1.559,-0.006,-0.025,-0.033,-0.013,0.003,0.059,-0.022,0.072,0.026,-0.014,-0.014,3.55,0.009,3.088,0.022,2.845,2013-06-13,transportation
AAWW,EXPD,2018-05-30,0.725,0.0,2.689,0.579,21.774,3.708,4.364,0.214,1.31,0.009,-0.007,0.012,-0.045,-0.011,-0.051,0.015,0.062,0.123,0.106,0.025,1.985,-0.015,3.108,-0.021,3.287,2013-06-13,transportation
CEA,EXPD,2018-05-30,0.824,1.0,2.734,0.549,35.14,3.708,4.364,0.64,2.014,-0.079,-0.05,0.033,-0.052,-0.003,-0.007,-0.005,-0.045,-0.133,-0.113,-0.009,2.873,-0.037,3.295,-0.017,2.988,2013-06-13,transportation
CNI,EXPD,2018-05-30,0.529,0.0,3.473,0.63,10.447,3.708,4.364,0.059,1.515,0.039,0.045,0.01,0.014,-0.018,0.052,0.042,0.037,0.04,0.009,-0.001,3.517,0.024,2.507,0.038,1.984,2013-06-13,transportation
CP,GOL,2018-05-30,0.549,1.0,-2.651,0.821,-18.798,3.708,4.364,0.245,-0.424,0.013,-0.002,0.022,0.023,-0.035,0.02,-0.019,0.02,0.008,-0.061,-0.008,-2.839,-0.012,-2.948,-0.125,-5.643,2013-06-13,transportation
CSX,EXPD,2018-05-30,0.647,0.167,3.196,1.529,31.918,3.708,4.364,0.252,0.915,0.019,0.023,0.023,-0.031,-0.017,-0.003,-0.002,0.111,0.054,-0.041,0.008,2.869,0.024,2.277,0.059,0.885,2013-06-13,transportation
EXPD,SKYW,2018-05-30,0.647,0.833,-3.878,1.842,-61.666,3.708,4.364,0.15,-0.253,-0.017,0.046,-0.011,0.066,-0.036,-0.041,0.009,0.022,-0.025,0.045,-0.017,-4.724,0.012,-3.261,0.05,-1.329,2013-06-13,transportation
FDX,ODFL,2018-05-30,0.569,0.0,2.846,0.51,-32.868,3.708,4.364,0.119,0.75,0.001,-0.006,0.013,0.005,0.074,-0.005,-0.07,-0.029,-0.021,-0.01,-0.031,4.281,0.019,1.987,0.016,2.101,2013-06-13,transportation
KNX,ODFL,2018-05-30,0.863,0.667,4.772,2.46,-19.612,3.708,4.364,0.001,3.333,0.102,0.036,-0.02,-0.0,-0.039,0.001,0.072,0.036,0.146,0.119,-0.008,5.084,-0.055,6.856,-0.059,7.004,2013-06-13,transportation
KNX,UNP,2018-05-30,0.588,0.667,3.754,2.351,17.935,3.708,4.364,0.812,1.177,-0.031,-0.073,0.037,-0.019,-0.015,0.056,-0.008,0.028,-0.026,-0.002,-0.008,4.044,-0.098,7.322,-0.095,7.225,2013-06-13,transportation
ABM,NSP,2018-05-30,0.608,0.0,3.894,0.943,4.525,4.074,4.641,0.943,0.881,-0.015,0.007,-0.0,-0.012,0.01,0.005,-0.004,0.019,0.015,-0.007,-0.018,4.035,-0.019,4.04,-0.19,5.38,2013-06-13,commercial_and_professional_services
BAH,LDOS,2018-05-30,0.549,0.833,-4.692,2.467,-30.337,4.074,4.641,0.154,-0.83,0.014,-0.069,0.055,-0.07,-0.029,-0.01,0.015,-0.068,-0.025,-0.023,0.01,-4.219,0.044,-2.608,-0.028,-6.035,2013-06-13,commercial_and_professional_services
BAH,TRI,2018-05-30,0.647,0.0,-2.719,0.483,22.14,4.074,4.641,0.218,-1.571,-0.06,0.027,0.009,0.005,-0.074,0.05,0.049,-0.006,-0.004,-0.03,0.027,-2.058,0.039,-1.76,0.049,-1.519,2013-06-13,commercial_and_professional_services
CACI,EXPO,2018-05-30,0.941,0.833,3.171,0.242,0.434,4.074,4.641,0.515,0.813,0.038,0.037,0.018,-0.023,0.001,-0.01,-0.022,0.03,-0.008,0.015,0.008,2.83,0.022,2.246,0.054,0.9,2013-06-13,commercial_and_professional_services
CACI,LDOS,2018-05-30,0.765,0.667,-3.383,0.485,-11.853,4.074,4.641,0.009,-1.127,-0.016,-0.07,-0.029,-0.051,-0.034,0.06,0.007,0.072,-0.001,-0.038,-0.013,-3.862,0.038,-1.953,-0.023,-4.244,2013-06-13,commercial_and_professional_services
CBZ,LDOS,2018-05-30,0.961,0.667,-3.827,3.752,-5.597,4.074,4.641,0.173,-2.094,-0.021,-0.013,0.041,-0.025,-0.04,0.008,0.008,-0.047,0.017,0.012,-0.071,-6.182,0.019,-3.196,-0.003,-3.919,2013-06-13,commercial_and_professional_services
CBZ,ROL,2018-05-30,0.667,0.667,-2.917,1.256,-1.374,4.074,4.641,0.58,-0.501,0.017,0.005,0.006,-0.003,0.035,-0.028,-0.032,0.082,0.003,-0.001,-0.044,-5.049,0.0,-2.901,0.008,-2.541,2013-06-13,commercial_and_professional_services
CBZ,VVI,2018-05-30,0.706,0.0,-2.942,3.36,-3.832,4.074,4.641,0.545,-2.306,0.023,0.008,-0.028,0.018,0.025,-0.033,-0.037,0.03,0.05,0.062,-0.047,-4.188,-0.0,-2.945,-0.005,-3.085,2013-06-13,commercial_and_professional_services
CTAS,EXPO,2018-05-30,0.725,0.5,3.883,0.2,5.496,4.074,4.641,0.839,1.124,-0.023,0.045,0.001,0.024,-0.001,0.074,-0.006,0.013,0.029,-0.019,0.013,3.268,0.059,1.078,0.051,1.468,2013-06-13,commercial_and_professional_services
DLX,NSP,2018-05-30,0.569,0.0,4.633,1.791,-67.298,4.074,4.641,0.019,4.208,-0.079,0.088,-0.062,0.049,-0.274,-0.008,0.003,0.051,-0.07,-0.04,-0.018,4.979,-0.086,6.286,-0.172,7.936,2013-06-13,commercial_and_professional_services
EXPO,HCSG,2018-05-30,0.51,0.0,-3.841,0.738,16.479,4.074,4.641,0.33,-0.176,-0.05,0.011,-0.043,0.019,-0.015,-0.071,0.019,-0.017,0.018,-0.01,0.091,-2.471,0.048,-3.117,0.045,-3.174,2013-06-13,commercial_and_professional_services
EXPO,KAR,2018-05-30,0.627,0.667,-2.894,0.35,4.953,4.074,4.641,0.295,-1.02,-0.047,0.046,-0.058,0.006,0.007,-0.012,-0.003,-0.077,-0.02,0.023,0.02,-2.091,0.064,-0.345,0.09,0.677,2013-06-13,commercial_and_professional_services
EXPO,LDOS,2018-05-30,0.529,0.333,-4.65,1.812,-7.244,4.074,4.641,0.041,-2.811,-0.047,-0.005,0.037,-0.005,0.039,-0.032,-0.011,-0.076,-0.027,0.004,-0.003,-4.742,0.062,-2.759,0.047,-3.219,2013-06-13,commercial_and_professional_services
HCSG,RELX,2018-05-30,0.804,0.5,4.27,0.307,5.47,4.074,4.641,0.337,2.432,0.058,0.015,0.007,-0.021,0.079,-0.011,-0.06,-0.004,0.04,0.004,0.079,1.7,0.025,3.45,0.027,3.409,2013-06-13,commercial_and_professional_services
KAR,NSP,2018-05-30,0.706,0.5,4.6,6.172,-55.249,4.074,4.641,0.062,2.921,-0.015,-0.06,0.001,-0.045,0.046,0.011,-0.028,0.02,-0.009,-0.026,0.005,4.398,0.039,3.011,0.002,4.534,2013-06-13,commercial_and_professional_services
UNF,VVI,2018-05-30,0.588,0.167,-2.644,0.498,-24.256,4.074,4.641,0.0,-0.8,-0.011,-0.028,0.009,-0.013,0.023,-0.022,-0.016,0.011,0.046,-0.005,0.013,-2.18,0.004,-2.504,0.036,-1.382,2013-06-13,commercial_and_professional_services
LEG,LZB,2018-05-30,0.627,1.0,2.508,0.442,8.279,3.101,3.873,0.002,0.851,-0.056,-0.008,0.001,-0.007,-0.019,-0.039,-0.002,0.004,-0.038,0.026,0.045,1.651,0.044,1.665,0.0,2.507,2013-06-13,consumer_durables_and_apparel
MTH,SHOO,2018-05-30,0.647,0.667,4.025,0.416,7.353,3.101,3.873,0.299,1.059,0.037,0.035,-0.079,-0.014,-0.024,-0.014,0.011,0.006,0.036,0.053,-0.034,5.044,-0.032,5.001,-0.062,5.906,2013-06-13,consumer_durables_and_apparel
OI,TRS,2018-05-30,1.0,1.0,3.12,0.819,5.259,2.689,3.12,0.529,2.041,0.022,-0.003,0.025,0.052,-0.037,0.139,0.076,0.039,0.081,0.096,-0.034,3.65,0.003,3.069,-0.048,3.857,2013-06-13,containers_and_packaging
